productId,cansimId,cubeTitleEn
10100001,183-0021,"Federal public sector employment reconciliation of Treasury Board of Canada Secretariat, Public Service Commission of Canada and Statistics Canada statistical universes, as at December 31"
10100002,191-0002,Central government debt
10100003,176-0079,"Government of Canada debt securities: Gross new issues, retirements and net new issues, par value, Bank of Canada"
10100004,176-0013,"Chartered banks, total claims and liabilities booked worldwide vis-à-vis non-residents, Bank of Canada"
10100005,385-0041,Canadian Classification of Functions of Government (CCOFOG) by consolidated government component
10100006,176-0091,"Funds advanced, outstanding balances, and interest rates for new and existing lending, Bank of Canada"
10100007,176-0082,"Net new issues of bonds and equities by corporations and federal government enterprises: Industrial classification, Bank of Canada, inactive"
10100008,176-0067,"Foreign exchange rates in Canadian dollars, Bank of Canada, daily"
10100009,176-0064,"Foreign exchange rates in Canadian dollars, Bank of Canada, monthly"
10100010,183-0023,"Sales of alcoholic beverages types by liquor authorities and other retail outlets, by value, volume, and absolute volume"
10100011,183-0024,"Value of sales of alcoholic beverages of liquor authorities and other retail outlets, by beverage type"
10100012,183-0025,Net income of liquor authorities and government revenue from sale of alcoholic beverages
10100013,183-0026,"Sales of alcoholic beverages by liquor authorities and other retail outlets, by type of outlet"
10100015,385-0032,"Statement of government operations and balance sheet, government finance statistics, quarterly"
10100016,385-0033,Canadian government finance statistics for the federal government
10100017,385-0034,Canadian government finance statistics for the provincial and territorial governments
10100018,385-0035,Canadian government finance statistics for health and social service institutions
10100019,385-0036,Canadian government finance statistics for colleges and universities
10100020,385-0037,Canadian government finance statistics for municipalities and other local public administrations
10100022,385-0038,Canadian government finance statistics for Canada and Quebec pension plans
10100023,385-0039,"Canadian government finance statistics for government business enterprises, by industry"
10100024,385-0040,"Canadian classification of functions of government, by general government component"
10100025,183-0002,"Public sector employment, wages and salaries, seasonally unadjusted and adjusted"
10100026,183-0003,"Federal government employment, wages and salaries in census metropolitan areas for the month of September"
10100027,183-0004,"Department of National Defence, military personnel seasonally unadjusted and adjusted, and wages and salaries"
10100028,183-0005,"Total of net income of liquor authorities and provincial and territorial government revenue, fiscal years ended March 31"
10100029,183-0006,"Sales of alcoholic beverages by volume, value and per capita 15 years and over, fiscal years ended March 31"
10100030,183-0015,"Sales of alcoholic beverages of liquor authorities, wineries and breweries, by value and volume, fiscal years ended March 31"
10100031,183-0016,"Imports and exports of alcoholic beverages, by value and volume for selected countries, fiscal years ended March 31"
10100032,183-0017,"Net income of provincial and territorial liquor authorities and government revenue from the control and sale of alcoholic beverages, fiscal years ended March 31"
10100033,183-0018,"Reconciliation of net income of liquor authorities with total revenue specifically derived from the control and sale of alcoholic beverages, fiscal years ended March 31"
10100034,183-0019,"Volume of sales of alcoholic beverages in litres of absolute alcohol and per capita 15 years and over, fiscal years ended March 31"
10100035,183-0020,"Provincial and territorial retail trade of alcoholic beverages, fiscal years ended March 31"
10100038,183-0022,Reconciliation of public sector employment and public administration employment
10100039,385-0001,"Consolidated federal, provincial, territorial and local government revenue and expenditures"
10100040,385-0002,"Federal, provincial and territorial general government revenue and expenditures, for fiscal year ending March 31"
10100041,385-0003,Local government revenue and expenditures for fiscal year ending closest to December 31
10100042,385-0004,"Local general government revenue and expenditures, year ending December 31"
10100043,385-0005,"Federal, provincial and territorial non-autonomous pension plans, revenue and expenditures, for fiscal year ending March 31"
10100044,385-0006,"Canada and Quebec Pension Plans revenue and expenditures, for fiscal year ending March 31"
10100045,385-0007,"University and college revenue and expenditures, for fiscal year ending closest to March 31"
10100046,385-0008,"Health and social service institutions revenue and expenditures, for fiscal year ending closest to March 31"
10100047,385-0009,"School board revenue and expenditures, year ending December 31"
10100048,385-0010,"Federal government debt, for fiscal year ending March 31"
10100049,385-0011,"Federal government business enterprise finance, income and expenses, as at the end of the fiscal year ending closest to December 31"
10100050,385-0012,"Federal government business enterprise finance, unappropriated surplus, fiscal year ending closest to December 31"
10100051,385-0013,"Federal government business enterprise finance, balance sheet, as at the end of the fiscal year ending closest to December 31"
10100052,385-0014,"Balance sheet of federal, provincial and territorial general and local governments"
10100053,385-0015,"Income and expenses of local government business enterprises, by industry, end of fiscal year closest to December 31"
10100054,385-0016,"Assets, liabilities and net worth of provincial and territorial government business enterprises, by industry, as at the end of the fiscal year closest to December 31"
10100055,385-0017,"Net financial debt of federal, provincial and territorial general and local governments"
10100056,385-0018,"Federal, provincial and territorial government non-autonomous pension plans balance sheet, as at March 31"
10100057,385-0019,"Canada and Quebec Pension Plans (CPP and QPP) balance sheet, as at March 31"
10100058,385-0021,"Reconciliation of expenditures of universities and colleges on a Financial Management System (FMS) basis to expenditures on postsecondary education as per Centre for education statistics (CES), for fiscal year ending closest to March 31"
10100059,385-0022,"Reconciliation of estimated provincial and territorial government revenue and expenditures from budgetary documents to the Financial Management System (FMS), for fiscal year ending March 31"
10100060,385-0023,"Reconciliation of estimated federal government revenue and expenditures from budgetary documents to the Financial Management System (FMS), for fiscal year ending March 31"
10100061,385-0024,"Local general government revenue and expenditures, current and capital accounts, year ending December 31"
10100062,385-0025,"Reconciliation of federal general government balance sheet from public accounts to the Financial Management System (FMS), as at March 31"
10100063,385-0026,Debt guaranteed by provincial and territorial general government
10100064,385-0027,Provincial and territorial general government capital transfers for debt forgiveness to other government sub-sectors
10100065,385-0028,"Provincial and territorial government debt charges due to borrowing on behalf of government business enterprises, municipalities and school boards, for fiscal year ending March 31"
10100066,385-0029,"Reconciliation of provincial and territorial general government balance sheet from public accounts to the Financial Management System (FMS), as at March 31"
10100067,385-0030,"Balance sheet and income statement of federal government business enterprises, by North American Industry Classification System (NAICS), end of fiscal year closest to December 31"
10100068,385-0031,"Balance sheet and income statement of provincial and territorial government business enterprises, by North American Industry Classification System (NAICS), end of fiscal year closest to December 31"
10100072,176-0001,"Commodity price index, United States dollar terms, monthly"
10100073,176-0002,"Commodity price index, United States dollar terms, weekly"
10100074,176-0004,"Income and profits per unit of output, seasonally adjusted"
10100075,176-0005,Income and profits per unit of output
10100076,176-0006,"Merchandise exports classified by commodity, Paasche Price Index (1992=100, seasonally adjusted), 1992 and current dollars (seasonally adjusted at annual rates)"
10100077,176-0007,"Merchandise imports classified by commodity, Paasche Price Index (1992=100, seasonally adjusted), 1992 and current dollars (seasonally adjusted at annual rates)"
10100078,176-0012,"Chartered banks, assets and liabilities, Wednesdays"
10100079,176-0018,"Chartered banks, foreign currency booked in Canada, month end, Bank of Canada"
10100080,176-0019,"Chartered banks, foreign currency booked in Canada, quarter end, Bank of Canada"
10100081,176-0029,"Sales finance companies: quarterly statement of estimated assets and liabilities, end of period"
10100082,176-0030,"Bank of Canada, positions of members of the Canadian Payments Association and buy-back transactions with primary dealers, monthly averages of daily data"
10100083,176-0031,"Bank of Canada, positions of members of the Canadian Payments Association and buy-back transactions with primary dealers, weekly averages of daily data"
10100084,176-0036,"Currency outside banks and chartered bank deposits, Wednesdays"
10100085,176-0041,Financial market statistics
10100086,176-0045,"Chartered banks, regional distribution of assets and liabilities, at end of period, Canada, provinces and international"
10100087,176-0050,"Foreign exchange rates, United States"
10100088,176-0052,"Chartered banks, assets excluding investment dealer subsidiaries, average of Wednesdays"
10100089,176-0053,"Chartered banks, assets excluding investment dealer subsidiaries, Wednesdays"
10100090,176-0054,"Chartered banks, Canadian cash reserves and liquid assets"
10100091,176-0055,Canadian investment transactions of sixteen life insurance companies
10100092,176-0056,"Quebec savings banks, assets and liabilities, at month-end"
10100093,176-0057,"Trust and mortgage loan companies, excluding bank trust and mortgage subsidiaries, estimated assets and liabilities, at month-end"
10100094,176-0058,"Capacity utilization rates (Bank of Canada calculated series), seasonally adjusted"
10100095,176-0059,"Merchandise exports classified by commodity, Paasche Price Index (1981 and 1986), balance of payments basis"
10100096,176-0060,"Merchandise imports classified by commodity, Paasche Price Index (1981 and 1986), balance of payments basis"
10100097,176-0061,Positions of the directly clearing members of the Canadian Payments Association with the Bank of Canada
10100098,176-0062,Bank of Canada buy-back transactions with investment dealers and chartered banks
10100099,176-0063,"Chartered banks, classification of loans to non-financial corporations and unincorporated business, by type and size of authorization, at end of period"
10100100,176-0065,"Sales finance and consumer loan companies, prior to 1991, monthly statement of estimated assets and liabilities"
10100101,176-0066,Sales finance companies: quarterly statement of estimated assets and liabilities
10100103,451-0008,"United States government receipts and expenditures, seasonally adjusted at annual rates"
10100106,176-0003,"Consumer Price Index (CPI) statistics, alternative measures, unadjusted and seasonally adjusted, Bank of Canada"
10100107,176-0008,"Bank of Canada, assets and liabilities, average of Wednesdays"
10100108,176-0010,"Bank of Canada, assets and liabilities, at month-end"
10100109,176-0011,"Chartered banks, assets and liabilities, month-end, Bank of Canada"
10100110,176-0015,"Chartered banks, assets and liabilities, at month-end, Bank of Canada, inactive"
10100111,176-0017,"Chartered banks, foreign currency assets and liabilities, at month-end, Bank of Canada"
10100112,176-0020,"Currency outside banks and chartered bank deposits, month-end, Bank of Canada"
10100113,176-0022,"Government of Canada direct and guaranteed securities and loans, Bank of Canada"
10100114,176-0023,"Selected credit measures, monthly average or average of month-ends, unadjusted unless otherwise noted, Bank of Canada"
10100116,176-0025,"Chartered bank assets and liabilities and monetary aggregates, month-end, seasonally adjusted, Bank of Canada"
10100117,176-0027,"Consumer credit, outstanding balances of selected holders, Bank of Canada"
10100118,176-0032,"Credit measures, Bank of Canada"
10100119,176-0033,"Government of Canada, direct and guaranteed bonds, par value, Bank of Canada"
10100120,176-0037,"Gross new bond issues and retirements, Bank of Canada"
10100121,176-0039,"Corporate short-term paper outstanding, Bank of Canada, monthly, inactive"
10100122,176-0043,"Financial market statistics, last Wednesday unless otherwise stated, Bank of Canada"
10100123,176-0044,"Selected United States dollar interest rates, last Wednesday unless otherwise stated, Bank of Canada"
10100124,176-0046,"Stock market statistics, Canada and United States, Bank of Canada"
10100125,176-0047,Toronto Stock Exchange statistics
10100126,176-0049,"Foreign exchange rates, United States and United Kingdom, Bank of canada"
10100127,176-0051,"Canada's official international reserves, millions of United States dollars, Bank of Canada, monthly"
10100129,176-0069,"Residential mortgage credit, outstanding balances of major private institutional lenders, Bank of Canada"
10100130,176-0071,"Government of Canada bonds outstanding, shown at par value, by currency of payments"
10100131,176-0072,"Positions of members of the Canadian Payments Association and Bank of Canada operations, Bank of Canada, monthly, inactive"
10100132,176-0075,"Fisher commodity price index, United States dollar terms, Bank of Canada, monthly"
10100133,191-0001,"Central government operations: budgetary balance, non-budgetary transactions, and financial source/requirement"
10100134,176-0014,"Chartered banks, mortgage loans report, end of period, Bank of Canada"
10100135,,"Chartered bank aggregates, home equity lines of credit, quarter end, Bank of Canada"
10100136,176-0009,"Bank of Canada, assets and liabilities, Wednesdays"
10100137,,Representation of women and men elected to national Parliament and of ministers appointed to federal Cabinet
10100138,176-0042,"Selected United States dollar interest rates, Wednesdays, Bank of Canada"
10100139,176-0048,"Bank of Canada, money market and other interest rates"
10100141,176-0070,"Canada's official international reserves, millions of United States dollars, Bank of Canada, daily"
10100142,176-0073,"Positions of members of the Canadian Payments Association and Bank of Canada operations, Bank of Canada, weekly, inactive"
10100143,176-0076,"Fisher commodity price index, United States dollar terms, Bank of Canada, Fisher commodity price index, United States dollar terms, Bank of Canada, weekly"
10100144,176-0077,"Financial market statistics, as at Tuesday, Bank of Canada"
10100145,176-0078,"Financial market statistics, as at Wednesday, Bank of Canada"
10100146,,"Financial Soundness Indicators, Canada"
10100147,385-0042,"Canadian government finance statistics (CGFS), statement of operations and balance sheet for consolidated governments"
10100148,176-0016,"Chartered banks, classification of non-mortgage loans, at end of period, Bank of Canada"
10100149,176-0021,"Government of Canada direct and guaranteed securities and loans, at quarter-end, Bank of Canada"
10100150,176-0024,"Life insurers, including accident, sickness branches and segregated funds, Bank of Canada"
10100151,176-0026,"Local credit unions and caisses populaires: quarterly statement of assets and liabilities, end of period, Bank of Canada"
10100152,176-0028,"Trust and mortgage loan companies excluding bank trust and mortgage subsidiaries: quarterly statement of assets and liabilities, end of period, Bank of Canada"
10100153,176-0034,"Gross new issues, retirements and net new issues, par value, Bank of Canada"
10100154,176-0035,"Net new security issues placed in Canada and abroad, par value, Bank of Canada, inactive"
10100155,176-0038,"Gross new bonds issues and retirements, Bank of Canada"
10100156,176-0040,"Corporate short-term paper outstanding, Bank of Canada, quarterly, inactive"
10100157,176-0068,"Non-depository credit intermediation, quarterly statement of assets and liabilities, Bank of Canada"
10100158,176-0074,"Chartered banks, regional distribution of selected assets and liabilities, at end of period, Canada, provinces and international, Bank of Canada"
10100159,505-0001,"Federal government expenditures on culture, by culture activity"
10100160,505-0002,"Provincial and territorial government expenditures on culture, by culture activity"
10100162,,"Canadian government finance statistics for individual municipalities and other local public administrations, inactive"
10100163,,"Canadian classification of functions of government for individual municipalities and other local public administrations, inactive"
10100164,,"Sales of cannabis by liquor and cannabis authorities and other retail outlets, by cannabis type"
10100165,,Net income of cannabis authorities and government revenue from the sale of cannabis
10100169,,"Canadian government finance statistics for individual municipalities and other local public administrations, as reported by municipalities"
10100170,,"Canadian classification of functions of government for individual municipalities and other local public administrations, as reported by municipalities"
10100172,,"Statement of government operations and balance sheet, government finance statistics, annual"
11100001,109-0001,"Children aged 17 and under living in low-income families (1995 income) as a proportion of children aged 17 and under living in economic families, Canada, provinces, territories and health regions, 1996"
11100002,111-0002,Tax filers with charitable donations by sex and age
11100003,111-0003,Tax filers with charitable donations by income
11100004,111-0004,"Selected characteristics of tax filers and dependants, income and demographics (final T1 Family File)"
11100005,111-0005,"Tax filers and dependants by sex, marital status and age"
11100006,111-0006,Tax filers and dependants by single years of age
11100007,111-0007,Tax filers and dependants with income by source of income
11100008,111-0008,"Tax filers and dependants with income by total income, sex and age"
11100009,111-0009,Selected income characteristics of census families by family type
11100010,111-0010,Tax filers and dependants by census family type and age
11100011,111-0011,Census families by age of older partner or parent and number of children
11100012,111-0012,"Distribution of total income by census family type and age of older partner, parent or individual"
11100013,111-0013,"Census families by total income, family type and number of children"
11100014,111-0014,Sources of income by census family type
11100015,111-0015,Before-tax and after-tax low income status (census family LIM) by family type and family composition
11100016,205-0002,"Assets and debts held by economic family type, by age group, Canada, provinces and selected census metropolitan areas, Survey of Financial Security"
11100017,111-0045,Census families by family type and family composition including before and after-tax median income of the family
11100018,111-0046,"After-tax low income status of tax filers and dependants based on Census Family Low Income Measure (CFLIM-AT), by family type and family type composition"
11100019,111-0016,Economic dependency profile of census families by family type and source of income
11100020,111-0047,"After-tax low income status of census families based on Census Family Low Income Measure (CFLIM-AT), by family type and family composition"
11100021,205-0003,"Survey of Financial Security (SFS), composition of assets and debts held by all family units, by net worth quintiles"
11100022,111-0017,Labour income profile of census families by family type
11100023,111-0018,Tax filers and dependants 15 years of age and over with labour income by sex and age
11100024,204-0101,Low income entry and exit rates of tax filers in Canada
11100025,204-0102,Low income persistence of tax filers in Canada
11100026,204-0103,Low income duration of tax filers in Canada
11100027,111-0019,Tax filers and dependants 15 years of age and over receiving employment insurance by age and sex
11100028,111-0020,Single-earner and dual-earner census families by number of children
11100029,111-0021,Couple census families by wife's contribution to couple's employment income and by number of children
11100030,109-0002,"Average personal income (1995 income), population aged 15 and over"
11100031,111-0024,Labour income profile of tax filers by sex
11100032,206-0001,"Canadian Income Survey (CIS), market income, government transfers, total income, income tax and after-tax income"
11100033,111-0025,Economic dependency profile of tax filers by source of income and sex
11100034,111-0026,"Tax filers and dependants with income by sex, income taxes, selected deductions and benefits"
11100035,206-0002,"Canadian Income Survey (CIS), median after-tax income, by economic family type, Canada, provinces and census metropolitan areas (CMAs)"
11100036,109-0007,"Low income rate (1995 income) as a proportion, by household status"
11100037,109-0014,Income inequality (1995 income) as a proportion
11100038,109-0016,Government transfer income (1995 personal income) as a proportion of total income
11100039,111-0035,"Tax filers and dependants, seniors with income by source of income and age"
11100040,111-0036,"Tax filers by savers' characteristics, inactive"
11100041,206-0004,"Canadian Income Survey (CIS), persons in low income, Canada, provinces and census metropolitan areas (CMAs)"
11100042,111-0037,"Tax filers by investors' characteristics, inactive"
11100043,111-0038,"Canadian investment income, by characteristics of tax filers with investment income, inactive"
11100044,111-0039,Selected characteristics of tax filers with Registered Retirement Savings Plan (RRSP) contributions
11100046,207-0001,"Individual statistics by tax filing method for all returns filed, economic characteristics, 2014 tax year, Canada Revenue Agency"
11100047,111-0041,Summary characteristics of Canadian tax filers (preliminary T1 Family File)
11100048,111-0042,"Canadian capital gains, by characteristics of tax filers with capital gains, inactive"
11100049,205-0004,"Assets and debts by net worth quintile, Canada, provinces and selected census metropolitan areas, Survey of Financial Security"
11100050,111-0043,"Tax filers and dependants with income by after-tax income, sex and age"
11100051,111-0044,"Tax filers and dependants with income by total income, income taxes paid and after-tax income, sex and age"
11100052,207-0002,"Individual statistics by tax filing method for all returns filed, demographic characteristics, 2014 tax year, Canada Revenue Agency"
11100053,111-0034,"Sources of income of senior census families by family type and age of older partner, parent or individual"
11100054,,Federal and provincial individual effective tax rates
11100055,204-0001,High income tax filers in Canada
11100056,204-0002,"High income tax filers in Canada, specific geographic area thresholds"
11100057,205-0005,"Assets and debts by after-tax income quintile, Canada, provinces and selected census metropolitan areas, Survey of Financial Security"
11100058,,Federal and provincial effective tax rates of census families
11100059,,Five-year income mobility
11100060,206-0003,"Canadian Income Survey (CIS), persons in low income, Canada and provinces"
11100061,,One-year income mobility
11100062,280-0028,"Registered pension plans (RPPs), active members and market value of assets by special retirement conditions"
11100063,280-0029,"Registered pension plans (RPPs), active members and market value of assets by age and service condition for special retirement"
11100064,280-0030,"Registered pension plans (RPPs), active members and market value of assets by death benefits after retirement"
11100065,,"Debt service indicators of households, national balance sheet accounts"
11100066,,"Market Basket Measure (MBM) thresholds for the reference family by Market Basket Measure region, component and base year"
11100067,,Tax filers and dependants with dividend and interest income by sex and age group
11100068,,Tax filers and dependants with dividend and interest income by sex and income group
11100069,,Census families with dividend and interest income by family type
11100070,,Tax filers and dependants with capital gains by sex and income group
11100071,,Census families with capital gains by family type
11100072,,"Wages, salaries and commissions of tax filers aged 15 years and over by sex and age group"
11100073,,"Wages, salaries and commissions of tax filers aged 15 years and over by main industry sector and sex"
11100074,,Income divergence index (D-index) by census tract
11100075,,"Selected assets and debts by net worth deciles, Survey of Financial Security"
11100076,280-0002,"Trusteed pension funds, value of assets by sector, quarterly, inactive"
11100077,280-0003,"Trusteed pension funds, value of assets by foreign and domestic holdings, quarterly, inactive"
11100078,,"Selected assets and debts by after-tax income deciles, Survey of Financial Security"
11100079,280-0004,"Trusteed pension funds, revenues, expenditures and net income, quarterly, inactive"
11100080,,"Proportion of annual family income spent on child care, by economic family type"
11100081,280-0005,"Trusteed pension funds, market value of assets by sector, biennial"
11100082,,"Percentage of persons who are asset resilient, Canada"
11100083,,"Percentage of persons who are asset resilient, Canada and provinces"
11100084,,"Trusteed pension funds, value of assets by sector, quarterly"
11100085,,"Trusteed pension funds, value of assets by foreign and domestic holdings, quarterly"
11100086,,"Trusteed pension funds, revenues, expenditures and net income, quarterly"
11100087,,"Distribution of market, total and after-tax income of individuals by disability status"
11100088,,"Income of individuals by disability status, age group, sex and income source"
11100089,,"Distribution of employment income of individuals by disability status, sex and work activity"
11100090,,Poverty and low-income statistics by disability status
11100091,,"Average and median market, total and after-tax income of individuals by selected demographic characteristics"
11100092,280-0007,"Trusteed pension funds, number of funds and members, biennial"
11100093,,Poverty and low-income statistics by selected demographic characteristics
11100094,280-0009,"Registered pension plans (RPPs), members and market value of assets, by jurisdiction of plan registration"
11100095,280-0010,"Registered Pension Plans (RPPs), active members and market value of assets by size of plan"
11100096,280-0011,"Registered Pension Plans (RPPs), active members and market value of assets by North American Industry Classification System (NAICS)"
11100097,280-0012,"Registered Pension Plans (RPPs), active members and market value of assets by type of organization"
11100098,280-0013,"Registered Pension Plans (RPPs), active members and market value of assets by number of employers sponsoring the plan"
11100099,280-0014,"Registered Pension Plans (RPPs), active members and market value of assets by funding instrument"
11100100,,COVID-19 - Government income support and benefits of census family units by census family type and number of children
11100101,,COVID-19 - Government income support and benefits of tax filers and dependants by sex and age group
11100102,,Average basket coefficient by after-tax income decile
11100103,,"Aggregate and average components of after-tax income according to the Market Basket Measure threshold, by after-tax income decile"
11100104,,"Market Basket Measure thresholds by Market Basket Measure region and family size, in current dollars"
11100106,280-0016,"Registered Pension Plans (RPPs), active members and market value of assets by contributory status"
11100111,280-0017,"Registered Pension Plans (RPPs), active members and market value of assets by earnings base for defined benefit plans"
11100114,280-0018,"Registered Pension Plans (RPPs), active members and market value of assets by employee contribution rate"
11100115,280-0019,"Registered Pension Plans (RPPs), active members and market value of assets by type of employee contribution rate based on percentage of earnings"
11100116,280-0020,"Registered Pension Plans (RPPs), active members and market value of assets by employer contribution rate"
11100117,280-0021,"Registered Pension Plans (RPPs), active members and market value of assets by type of employer contribution rate based on percentage of earnings"
11100118,280-0022,"Registered Pension Plans (RPPs), active members and market value of assets by current service benefit rate"
11100119,280-0023,"Registered Pension Plans (RPPs), active members and market value of assets by type of benefit rate based on percentage of earnings"
11100120,280-0024,"Registered Pension Plans (RPPs), active members and market value of assets by normal retirement age"
11100121,280-0025,"Registered Pension Plans (RPPs), active members and market value of assets by method of automatic adjustment of pension for defined pension plans"
11100122,280-0026,Employer and employee contributions to registered pension plans (RPPs)
11100124,280-0027,"Registered pension plans (RPPs), active members and market value of assets by size of plan assets"
11100125,203-0028,"Detailed food spending, Canada, regions and provinces"
11100126,203-0030,"Household spending, three territories and selected metropolitan areas"
11100127,203-0031,"Dwelling characteristics and household equipment as of December 31, three territories and selected metropolitan areas"
11100130,111-0001,Summary of charitable donors
11100132,280-0006,"Trusteed pension funds, revenues and expenditures, biennial"
11100133,280-0008,Registered pension plan (RPP) active members by area of employment
11100134,206-0033,"Gini coefficients of adjusted market, total and after-tax income"
11100135,206-0041,"Low income statistics by age, sex and economic family type"
11100136,206-0042,Low income statistics by economic family type
11100137,177-0001,"Consumer bankruptcies, Annual"
11100138,177-0003,"Consumer bankruptcies, Monthly"
11100139,109-5012,"Household spending on prescription drugs as a percentage of after-tax income, Canada and provinces"
11100142,202-0101,Distribution of earnings
11100143,202-0102,Average female and male earnings and female-to-male earnings ratio
11100144,202-0103,Number of earners by work activity
11100145,202-0104,Female-to-male earnings ratios
11100146,202-0105,Average and median total income of husband-wife families
11100147,202-0106,"Earnings of individuals, by National Occupational Classification (NOC-S)"
11100148,202-0107,"Earnings of individuals, by North American Industry Classification System (NAICS)"
11100149,202-0201,Distribution of market income by economic family type
11100150,202-0202,Average market income by economic family type
11100151,202-0203,Median market income by economic family type
11100152,202-0301,Government transfers by economic family type
11100153,202-0401,Distribution of total income by economic family type
11100154,202-0402,Distribution of total income of individuals
11100155,202-0403,Average total income by economic family type
11100156,202-0404,"Total income by economic family type, age group and income source"
11100157,202-0405,"Upper income limits and income shares of total income quintiles, by economic family types"
11100158,202-0406,"Upper income limits and shares of total income quintiles, by major income source"
11100159,202-0407,"Income of individuals, by sex, age group and income source"
11100160,202-0408,Distribution of total income by census family type
11100161,202-0409,Total income by census family type and living arrangement
11100162,202-0410,Average and median total income by census family type
11100163,202-0411,Median total income by economic family type
11100164,202-0501,Income tax by economic family type
11100165,202-0601,Distribution of after-tax income by economic family type
11100166,202-0602,"Distribution of after-tax income, individuals"
11100167,202-0603,Average after-tax income by economic family type
11100168,202-0604,Upper income limits and income shares of after-tax income quintiles
11100169,202-0605,Median after-tax income by economic family type
11100170,202-0606,Upper income limits and income shares of adjusted after-tax income quintiles
11100171,202-0701,"Average income and share of income for market, total and after-tax income quintiles"
11100172,202-0702,Average and median income for selected income concepts
11100173,202-0703,Average income and share of income by after-tax income quintiles
11100174,202-0704,Government transfers and income tax by after-tax income quintiles
11100175,202-0705,"Gini coefficients of market, total and after-tax income"
11100176,202-0706,"Adjusted and unadjusted income of individuals, where each individual is represented by their by adjusted and unadjusted economic family income, by adjusted after-tax income quintiles"
11100177,202-0707,"Income of individuals, where each individual is represented by their by adjusted household income, by adjusted after-tax income quintiles"
11100178,202-0708,"Government transfers and income tax of individuals, where each individual is represented by their by adjusted household amount, by adjusted after-tax income quintiles"
11100179,202-0709,"Gini coefficients of market, total and after-tax income, where each individual is represented by their by adjusted household income, by adjusted after-tax income quintiles"
11100180,202-0801,Low income cut-offs before and after tax by community and family size
11100181,202-0802,"Persons in low income by age, sex and economic family type"
11100182,202-0803,Persons in low income by age and sex of major income earner
11100183,202-0804,Persons in low income by economic family type
11100184,202-0806,Transitions into and out of low income
11100185,202-0807,Persistence of low income
11100186,202-0808,Low income measures by household size and income source
11100187,202-0809,Market Basket Measure Thresholds (2011 base) by Market Basket Measure region
11100190,206-0011,"Market income, government transfers, total income, income tax and after-tax income by economic family type"
11100191,206-0021,Income statistics by economic family type and income source
11100192,206-0031,"Upper income limit, income share and average income by economic family type and income decile"
11100193,206-0032,"Upper income limit, income share and average of adjusted market, total and after-tax income by income decile"
11100195,206-0092,"Low income cut-offs (LICOs) before and after tax by community size and family size, in constant dollars"
11100197,203-0001,"Survey of household spending (SHS), household spending, summary-level categories, by province, territory and selected metropolitan areas"
11100198,203-0002,"Survey of household spending (SHS), household spending on food, by province and territory"
11100199,203-0003,"Survey of household spending (SHS), household spending on shelter, by province and territory"
11100200,203-0004,"Survey of household spending (SHS), household spending on household operation, by province and territory"
11100201,203-0005,"Survey of household spending (SHS), household spending on furnishings and equipment, by province and territory"
11100202,203-0006,"Survey of household spending (SHS), household spending on clothing, by province and territory"
11100203,203-0007,"Survey of household spending (SHS), household spending on transportation, by province and territory"
11100204,203-0008,"Survey of household spending (SHS), household spending on health care, by province and territory"
11100205,203-0009,"Survey of household spending (SHS), household spending on personal care, by province and territory"
11100206,203-0010,"Survey of household spending (SHS), household spending on recreation, by province and territory"
11100207,203-0011,"Survey of household spending (SHS), household spending on reading materials, by province and territory"
11100208,203-0012,"Survey of household spending (SHS), household spending on education, by province and territory"
11100209,203-0013,"Survey of household spending (SHS), household spending on tobacco and alcoholic beverages, by province and territory"
11100210,203-0014,"Survey of household spending (SHS), household spending on games of chance, by province and territory"
11100211,203-0015,"Survey of household spending (SHS), household spending on miscellaneous expenses (legal, financial), by province and territory"
11100212,203-0016,"Survey of household spending (SHS), household spending on personal taxes, by province and territory"
11100213,203-0017,"Survey of household spending (SHS), household spending on personal insurance payments and pension contributions, by province and territory"
11100214,203-0018,"Survey of household spending (SHS), household spending on money gifts, alimony and charitable contributions, by province and territory"
11100215,203-0019,"Survey of household spending (SHS), dwelling characteristics at the time of interview, by province, territory and selected metropolitan areas"
11100216,203-0020,"Survey of household spending (SHS), household equipment at the time of interview, by province, territory and selected metropolitan areas"
11100217,203-0029,"Survey of household spending (SHS), food expenditures, Canada, regions and provinces"
11100222,203-0021,"Household spending, Canada, regions and provinces"
11100223,203-0022,"Household spending by household income quintile, Canada, regions and provinces"
11100224,203-0023,Household spending by household type
11100225,203-0024,Household spending by household tenure
11100226,203-0025,Household spending by size of area of residence
11100227,203-0026,Household spending by age of reference person
11100228,203-0027,"Dwelling characteristics and household equipment at time of interview, Canada, regions and provinces"
11100230,206-0093,"Market Basket Measure (MBM) thresholds (2011 base) for reference family, by Market Basket Measure region and component, in current dollars and 2016 constant dollars, inactive"
11100232,206-0091,Low income measure (LIM) thresholds by income source and household size
11100233,203-0032,"Household spending, three territorial capitals"
11100234,203-0033,"Dwelling characteristics and household equipment at time of interview, three territorial capitals"
11100235,080-0034,"Survey of large retailers, sales by commodities, inactive"
11100236,080-0035,"Retail commodity survey, retail sales, inactive"
11100237,206-0012,"Distribution of market, total and after-tax income by economic family type, Canada, provinces and selected census metropolitan areas (CMAs)"
11100238,206-0051,"Distribution of market, total and after-tax income of individuals, Canada, provinces and selected census metropolitan areas"
11100239,206-0052,"Income of individuals by age group, sex and income source, Canada, provinces and selected census metropolitan areas"
11100240,206-0053,"Distribution of employment income of individuals by sex and work activity, Canada, provinces and selected census metropolitan areas"
11100241,206-0094,"Low income cut-offs (LICOs) before and after tax by community size and family size, in current dollars"
12100001,228-0059,"International merchandise trade by commodity, inactive"
12100002,228-0060,"International merchandise trade by province and commodity, inactive"
12100003,228-0061,"International merchandise trade by commodity, chained 2007 dollars, monthly, inactive"
12100004,228-0062,"International merchandise trade by commodity, chained 2007 dollars, quarterly, inactive"
12100005,228-0091,"Canada and United States bilateral trade in goods, customs and balance of payments-basis, by currency and direction of trade, quarterly"
12100006,228-0064,"International merchandise trade, by commodity, price and volume indexes, quarterly, inactive"
12100007,228-0065,"International merchandise trade, by commodity, price and volume indexes, annually, inactive"
12100008,228-0066,"International merchandise trade, by Standard International Trade Classification, customs-based price index, monthly"
12100009,228-0067,"International merchandise trade, by Standard International Trade Classification, customs-based price index, quarterly"
12100010,228-0068,"International merchandise trade, by Standard International Trade Classification, customs-based price index, annually"
12100011,228-0069,"International merchandise trade for all countries and by Principal Trading Partners, monthly"
12100012,228-0092,"International merchandise trade by province, commodity, and Principal Trading Partners, inactive"
12100013,228-0001,"Merchandise imports and exports, by major groups and principal trading areas for all countries, monthly"
12100014,228-0002,"Merchandise imports and exports, by major groups and principal trading areas for all countries, quarterly"
12100015,228-0003,"Merchandise imports and exports, by major groups and principal trading areas for all countries, annual"
12100016,228-0004,"Merchandise imports and exports balance of payments and customs-based price and volume indexes for all countries, monthly (1992)"
12100017,228-0005,"Merchandise imports and exports balance of payments and customs-based price and volume indexes for all countries, quarterly (1992)"
12100018,228-0006,"Merchandise imports and exports balance of payments and customs-based price and volume indexes for all countries, annual (1992)"
12100019,228-0007,"Merchandise imports and exports customs-based price indexes, Canada and United States trade, and Standard International Trade Classification (SITC revision 3) price indexes for all countries and United States, monthly (1992)"
12100020,228-0008,"Merchandise imports and exports customs-based price indexes, Canada and United States trade, and Standard International Trade Classification (SITC revision 3) price indexes for all countries and United States, quarterly (1992)"
12100021,228-0009,"Merchandise imports and exports customs-based price indexes, Canada and United States trade, and Standard International Trade Classification (SITC revision 3) price indexes for all countries and United States, annual (1992)"
12100022,228-0010,"Merchandise imports and exports balance of payments and customs-based price and volume indexes for all countries, monthly (1986)"
12100023,228-0011,"Merchandise imports and exports balance of payments and customs-based price and volume indexes for all countries, quarterly (1986)"
12100024,228-0012,"Merchandise imports and exports balance of payments and customs-based price and volume indexes for all countries, annual (1986)"
12100025,228-0013,"Merchandise imports and exports balance of payments-based price and volume indexes for all countries, monthly (1981)"
12100026,228-0014,"Merchandise imports and exports balance of payments-based price and volume indexes for all countries, quarterly (1981)"
12100027,228-0015,"Merchandise imports and exports balance of payments-based price and volume indexes for all countries, annual (1981)"
12100028,228-0016,"Merchandise imports and exports balance of payments-based price and volume indexes for all countries, monthly (1971)"
12100029,228-0017,"Merchandise imports and exports balance of payments-based price and volume indexes for all countries, quarterly (1971)"
12100030,228-0018,"Merchandise imports and exports balance of payments-based price and volume indexes for all countries, annual (1971)"
12100031,228-0019,"Merchandise imports and exports customs-based price indexes, Canada and United States trade, and Standard International Trade Classification (SITC revision 2) price indexes for all countries and United States, monthly (1986)"
12100032,228-0020,"Merchandise imports and exports customs-based price indexes, Canada and United States trade, and Standard International Trade Classification (SITC revision 2) price indexes for all countries and United States, quarterly (1986)"
12100033,228-0021,"Merchandise imports and exports customs-based price indexes, Canada and United States trade, and Standard International Trade Classification (SITC revision 2) price indexes for all countries and United States, annual (1986)"
12100034,228-0022,"Merchandise imports and exports customs-based price indexes, Canada and United States trade, and Standard International Trade Classification (SITC revision 2) price indexes for all countries and United States, monthly (1981)"
12100035,228-0023,"Merchandise imports and exports customs-based price indexes, Canada and United States trade, and Standard International Trade Classification (SITC revision 2) price indexes for all countries and United States, quarterly (1981)"
12100036,228-0024,"Merchandise imports and exports customs-based price indexes, Canada and United States trade, and Standard International Trade Classification (SITC revision 2) price indexes for all countries and United States, annual (1981)"
12100037,228-0025,"Merchandise imports and exports customs-based price indexes, by Standard International Trade Classification (SITC revision 1) price indexes and by Bank of Canada groupings, for all countries and United States, monthly"
12100038,228-0026,"Merchandise imports and exports customs-based price indexes, by Standard International Trade Classification (SITC revision 1) price indexes and by Bank of Canada groupings, for all countries and United States, quarterly"
12100039,228-0027,"Merchandise imports and exports customs-based price indexes, by Standard International Trade Classification (SITC revision 1) price indexes and by Bank of Canada groupings, for all countries and United States, annual"
12100040,228-0028,"Laspeyres fixed weighted imports and exports volume indexes, monthly"
12100041,228-0029,"Laspeyres fixed weighted imports and exports volume indexes, quarterly"
12100042,228-0030,"Laspeyres fixed weighted imports and exports volume indexes, annual"
12100043,228-0031,"Import trade values, customs-based, by principal trading areas"
12100044,228-0032,"Export trade values, customs-based, by principal trading areas"
12100045,228-0033,"Imports, customs-based, by province of clearance"
12100046,228-0034,"Domestic exports, customs-based, by province of origin"
12100047,228-0035,"Merchandise imports and exports balance of payments and customs-based price and volume indexes for all countries, monthly (1997)"
12100048,228-0036,"Merchandise imports and exports balance of payments and customs-based price and volume indexes for all countries, quarterly (1997)"
12100049,228-0037,"Merchandise imports and exports balance of payments and customs-based price and volume indexes for all countries, annual (1997)"
12100050,228-0038,"Merchandise imports and exports customs-based price indexes, Canada and United States trade, and Standard International Trade Classification (SITC revision 3) price indexes for all countries and United States, monthly (1997)"
12100051,228-0039,"Merchandise imports and exports customs-based price indexes, Canada and United States trade, and Standard International Trade Classification (SITC revision 3) price indexes for all countries and United States, quarterly (1997)"
12100052,228-0040,"Merchandise imports and exports customs-based price indexes, Canada and United States trade, and Standard International Trade Classification (SITC revision 3) price indexes for all countries and United States, annual (1997)"
12100053,228-0041,"Merchandise imports and exports by sector and sub-sector, customs and balance of payments basis, for all countries, monthly"
12100054,228-0042,"Merchandise imports and exports by sector and sub-sector, customs and balance of payments basis, for all countries, quarterly"
12100055,228-0043,"Merchandise imports and exports by sector and sub-sector, customs and balance of payments basis, for all countries, annual"
12100056,228-0044,"Merchandise import and export price and volume indexes by sector and sub-sector, customs and balance of payments basis, for all countries, monthly (1997)"
12100057,228-0045,"Merchandise import and export price and volume indexes by sector and sub-sector, customs and balance of payments basis, for all countries, quarterly (1997)"
12100058,228-0046,"Merchandise import and export price and volume indexes by sector and sub-sector, customs and balance of payments basis, for all countries, annual (1997)"
12100059,228-0047,"Merchandise imports and exports balance of payments and customs-based price and volume indexes for all countries, monthly (2002)"
12100060,228-0048,"Merchandise imports and exports balance of payments and customs-based price and volume indexes for all countries, quarterly (2002)"
12100061,228-0049,"Merchandise imports and exports balance of payments and customs-based price and volume indexes for all countries, annual (2002)"
12100062,228-0050,"Merchandise imports and exports customs-based price indexes, Canada and United States trade, and Standard International Trade Classification (SITC revision 3) price indexes for all countries and United States, monthly (2002)"
12100063,228-0051,"Merchandise imports and exports customs-based price indexes, Canada and United States trade, and Standard International Trade Classification (SITC revision 3) price indexes for all countries and United States, quarterly (2002)"
12100064,228-0052,"Merchandise imports and exports customs-based price indexes, Canada and United States trade, and Standard International Trade Classification (SITC revision 3) price indexes for all countries and United States, annual (2002)"
12100065,228-0053,"Merchandise import and export price and volume indexes by sector and sub-sector, customs and balance of payments basis, for all countries, monthly (2002)"
12100066,228-0054,"Merchandise import and export price and volume indexes by sector and sub-sector, customs and balance of payments basis, for all countries, quarterly (2002)"
12100067,228-0055,"Merchandise import and export price and volume indexes by sector and sub-sector, customs and balance of payments basis, for all countries, annual (2002)"
12100068,228-0056,"Merchandise imports and exports by sector, balance of payments basis, for all countries, seasonally adjusted, Fisher formula, monthly"
12100069,228-0057,"Merchandise imports and exports by sector, balance of payments basis, for all countries, seasonally adjusted, Fisher formula, quarterly"
12100070,228-0058,"Merchandise imports and exports, customs and balance of payments basis for all countries, by seasonal adjustment and principal trading areas"
12100071,228-0100,"Trade in goods by importer characteristics, by enterprise employment size and number of partner countries"
12100072,451-0018,United States merchandise trade
12100073,226-0001,"Exports, by summary export groups (SEG) and other aggregations, by destination, customs basis not seasonally adjusted"
12100074,226-0002,"Imports, by summary import groups (SIG) and other aggregations, by countries or areas of origin, customs basis not seasonally adjusted"
12100075,226-0003,"Selected commodity imports, by volume, customs basis not seasonally adjusted"
12100076,226-0004,"Selected commodity exports, by volume, customs basis not seasonally adjusted"
12100077,226-0005,"Commodity imports, by volume, customs basis not seasonally adjusted"
12100078,226-0006,"Commodity exports, by volume, customs basis not seasonally adjusted"
12100079,226-0007,"Customs-based price and volume indexes for total merchandise imports and exports, not seasonally adjusted"
12100080,226-0008,"Merchandise imports from individual countries and areas, customs basis not seasonally adjusted"
12100081,226-0009,"Imports, by summary import groups (SIG) and other aggregations, by selected countries or areas of origin, customs basis not seasonally adjusted"
12100082,226-0010,"Exports, by summary export groups (SEG) and other aggregations to Union of Soviet Socialist Republics (U.S.S.R.) and Puerto Rico, customs basis not seasonally adjusted"
12100083,227-0001,"Total exports and domestic exports to individual countries, customs basis not seasonally adjusted"
12100084,227-0002,"Merchandise imports from individual countries and areas of origin, customs basis not seasonally adjusted"
12100085,386-0001,Interprovincial and international trade flows at producer prices [1992 - 1999]
12100086,386-0002,Interprovincial and international trade flows at producer prices [1997 - 2008]
12100087,228-0063,"International merchandise trade, by commodity, price and volume indexes, monthly, inactive"
12100088,386-0003,"Interprovincial and international trade flows, basic prices, summary level"
12100089,228-8059,"Historical (real-time) releases of merchandise imports and exports, customs and balance of payments basis for all countries, by seasonal adjustment and North American Product Classification System (NAPCS), inactive"
12100090,228-0081,"Merchandise imports and exports, customs basis, for all countries, by Broad Economic Categories and top sixty trading partners, inactive"
12100091,228-0070,"Trade in goods by exporter characteristics, by enterprise employment size and number of partner countries"
12100092,228-0071,"Trade in goods by exporter characteristics, by industry of enterprise and number of partner countries"
12100093,228-0072,"Trade in goods by exporter characteristics, by enterprise employment size and concentration of exports"
12100094,228-0073,"Trade in goods by exporter characteristics, by enterprise employment size and industry"
12100095,228-0074,"Trade in goods by exporter characteristics, by enterprise employment size and country of destination"
12100096,228-0075,"Trade in goods by exporter characteristics, by enterprise employment size and region type"
12100097,228-0076,"Trade in goods by exporter characteristics, by enterprise employment size and export size"
12100098,228-0077,"Trade in goods by exporter characteristics, by industry of establishment"
12100099,228-0080,"Merchandise imports and exports, customs-based, by Harmonized commodity description and coding system (HS) section, Canada, provinces and territories, United States, states"
12100100,381-0032,"Value added in exports, by industry, provincial and territorial"
12100101,386-0005,"Interprovincial and international trade flows, basic prices, detail level"
12100102,228-0082,"Canadian domestic export concentration, Canada, provinces and territories, inactive"
12100103,228-0078,"Trade in goods by exporter characteristics, by establishment employment size and number of partner countries"
12100104,228-0079,"Trade in goods by exporter characteristics, by country of destination"
12100105,228-0101,"Trade in goods by importer characteristics, by industry and number of partner countries"
12100106,228-0102,"Trade in goods by importer characteristics, by enterprise employment size and industry"
12100107,228-0103,"Trade in goods by importer characteristics, by enterprise employment size and concentration of imports"
12100108,228-0104,"Trade in goods by importer characteristics, by enterprise employment size and country of origin"
12100109,228-0105,"Trade in goods by importer characteristics, by enterprise employment size and country of export"
12100110,228-0106,"Trade in goods by importer characteristics, by enterprise employment size and region type"
12100111,228-0107,"Trade in goods by importer characteristics, by enterprise employment size and import size"
12100112,228-0108,"Trade in goods by importer characteristics, by industry and related parties"
12100113,228-0109,"Trade in goods by importer characteristics, by establishment employment size and number of partner countries"
12100114,228-0110,"Trade in goods by importer characteristics, by country of origin"
12100115,228-0111,"Trade in goods by importer characteristics, by country of export"
12100116,387-0019,"International and inter-provincial trade of culture and sport products, by domain and sub-domain, provinces and territories"
12100117,387-0020,"International trade of culture and sport products, by domain and sub-domain, and trading partner"
12100119,,"International merchandise trade by province, commodity, and Principal Trading Partners, inactive"
12100120,,"Historical (real-time) releases of merchandise imports and exports, customs and balance of payments basis for all countries, by seasonal adjustment and North American Product Classification System (NAPCS), inactive"
12100121,,"International merchandise trade by commodity, monthly, inactive"
12100122,,"International merchandise trade by commodity, quarterly, inactive"
12100123,,"International merchandise trade by commodity, chained 2012 dollars, monthly, inactive"
12100124,,"International merchandise trade by commodity, chained 2012 dollars, quarterly, inactive"
12100125,,"International merchandise trade, by commodity, price and volume indexes, quarterly, inactive"
12100126,,"International merchandise trade, by commodity, price and volume indexes, annual, inactive"
12100127,,"International merchandise trade for all countries and by Principal Trading Partners, quarterly"
12100128,,"International merchandise trade, by commodity, price and volume indexes, monthly, inactive"
12100129,,Canadian domestic export concentration
12100130,,"Canadian international merchandise trade by country and by product section, customs-based, annual, inactive"
12100131,,"Trade in goods by importer characteristics, by census metropolitan area and number of partner countries"
12100132,,"Canadian international merchandise trade by principal trading partner, and by product section and group, customs-based, annual, inactive"
12100133,,"Canadian international merchandise trade by province and country, and by product sections, customs-based, annual, inactive"
12100134,,"Exports and imports of goods and services, quarterly, Canada, (NAPCS 2017), inactive"
12100135,,"Contributions to annual percent change in real exports and imports of goods and services, Canada, annual, (NAPCS 2017), inactive"
12100136,,"Canadian international merchandise trade by industry for all countries, inactive"
12100137,,"Trade in goods by exporter characteristics, by census metropolitan area and number of partner countries"
12100138,,"Trade in goods by exporter characteristics, by industry of establishment and census metropolitan area"
12100139,,"Trade in goods by importer characteristics, by industry and census metropolitan area"
12100140,,"Merchandise imports and exports, customs-based, by free trade agreement and by commodity, inactive"
12100141,,"International transactions in services, information and communication technology services by country and affiliation, annual"
12100142,,"International transactions in services, commercial services by enterprise characteristics, enterprise employment size and industry, annual"
12100143,,International merchandise trade by Broad Economic Categories and top sixty trading partners
12100144,,"International trade in services, monthly"
12100145,,"International transactions in commercial services, by selected countries and by category of services"
12100146,,Trade by exporter and importer characteristics: Services
12100147,,CIMT - Default view 01 - INVISIBLE
12100148,,CIMT - Default view 01 - INVISIBLE
12100149,,CIMT - Default view 01 - INVISIBLE
12100150,,CIMT - Default view 01 - INVISIBLE
12100151,,CIMT - Default view 01 - INVISIBLE
12100152,,CIMT - Default view 01 - INVISIBLE
12100153,,CIMT - Default view 01
12100154,,CIMT - Default view 01
12100155,,CIMT - Default view 01
12100156,,CIMT - Default view 01
12100157,,"Balance of international payments, current account, trade in services by principal trading partners, quarterly"
12100158,,"Trade in goods by exporter characteristics, by country of destination and related parties"
12100159,,"Trade in goods by exporter characteristics, by industry and related parties"
12100160,,"Trade in goods by importer characteristics, by country of origin and related parties"
12100161,,"Exports and imports of goods and services, quarterly, Canada, North American Product Classification System (NAPCS 2022)"
12100162,,"Contributions to annual percent change in real exports and imports of goods and services, Canada, annual, North American Product Classification System (NAPCS 2022)"
12100163,,"International merchandise trade by commodity, monthly"
12100164,,"International merchandise trade by commodity, quarterly"
12100165,,"Historical (real-time) releases of merchandise imports and exports, customs and balance of payments basis for all countries, by seasonal adjustment and North American Product Classification System (NAPCS)"
12100166,,"International merchandise trade by commodity, chained 2017 dollars, monthly"
12100167,,"International merchandise trade by commodity, chained 2017 dollars, quarterly"
12100168,,"International merchandise trade, by commodity, price and volume indexes, monthly"
12100169,,"International merchandise trade, by commodity, price and volume indexes, quarterly"
12100170,,"International merchandise trade, by commodity, price and volume indexes, annual"
12100171,,"Canadian international merchandise trade by country and by product section, customs-based, annual"
12100172,,"Canadian international merchandise trade by principal trading partner, and by product section and group, customs-based, annual"
12100173,,"Canadian international merchandise trade by province and country, and by product sections, customs-based, annual"
12100174,,"Merchandise imports and exports, customs-based, by free trade agreement and by commodity"
12100175,,"International merchandise trade by province, commodity, and Principal Trading Partners"
12100176,,"Canadian international merchandise trade by industry for all countries, monthly"
12100177,,"Canadian international merchandise trade by mode of transport, customs-based, monthly"
12100178,,"Canadian international merchandise trade for imports by country of origin and country of export, customs-based, monthly"
12100179,,"Canadian international merchandise trade for total exports, domestic exports and re-exports, customs-based, monthly"
13100001,105-0200,"Canadian Community Health Survey (CCHS 2.1) indicator profile, by sex, Canada, provinces, territories, health regions (June 2003 boundaries) and peer groups"
13100002,102-0003,"Mortality, by selected causes of death and sex, Canada, provinces, territories and health regions, number"
13100003,102-0007,"Infant mortality, by sex, Canada, provinces, territories and health regions"
13100004,102-0008,"Perinatal mortality, by sex, Canada, provinces, territories and health regions"
13100005,102-0010,"Potential years of life lost, by selected causes of death (ICD-9) and sex, population aged 0 to 74, Canada, provinces and territories"
13100006,102-0011,"Potential years of life lost, by selected causes of death and sex, population aged 0 to 74, Canada, provinces, territories and health regions"
13100007,102-0014,"Mortality, by selected causes of death and sex, Canada, provinces, territories and health regions, rate"
13100008,102-0016,"Life expectancy, abridged life table, at birth and at age 65, by sex, Canada, provinces, territories and health regions"
13100009,102-0017,"Disability-free life expectancy, abridged life table, at birth and at age 65, by sex, Canada, provinces, territories and health regions"
13100010,102-0018,"Life expectancy, abridged life table, at birth and at age 65, by sex, Canada, provinces, territories, health regions and peer groups"
13100011,102-0019,"Disability-free life expectancy, abridged life table, at birth and at age 65, by sex, Canada, provinces, territories, health regions and peer groups"
13100012,102-0020,"Disability-adjusted life expectancy, abridged life table, at birth and at age 65, by sex, Canada, provinces, territories and health regions"
13100013,102-0025,"Life expectancy, abridged life table, at birth and at age 65, by sex, Canada, provinces and territories (Comparable Indicators)"
13100014,102-0026,"Mortality, by selected causes of death (ICD-9) and sex"
13100015,102-0040,"Deaths due to medically treatable diseases, by selected causes of death, selected age groups and sex, Canada, provinces, territories and health regions"
13100016,102-0050,"Age-standardized five-year relative survival rate for cancer cases, by sex, population aged 15 to 99, Canada and provinces"
13100017,102-0055,"Age-standardized 365-day net survival rate for acute myocardial infarction (AMI) (ICD-9), by sex, population aged 45 and over, selected provinces"
13100018,102-0058,"Age-standardized 180-day net survival rate for all stroke (ICD-9), by sex, population aged 45 and over, selected provinces"
13100019,102-0121,"Health-adjusted life expectancy, at birth and at age 65, by sex and income group, Canada and provinces"
13100020,102-0125,"Life expectancy, abridged life table, at birth and at age 65, by sex, Canada, provinces and territories (Comparable Indicators, 2004)"
13100021,102-0126,"Mortality, by selected causes of death (ICD-10) and sex, Canada, provinces and territories"
13100022,102-0155,"Age-standardized 365-day net survival rate for acute myocardial infarction (AMI) (ICD-10), by sex, population aged 45 and over, selected provinces"
13100023,102-0158,"Age-standardized 180-day net survival rate for all stroke (ICD-10), by sex, population aged 45 and over, selected provinces"
13100024,102-0203,"Mortality, by selected causes of death and sex, Canada, provinces, territories, health regions and peer groups"
13100025,102-0207,"Infant mortality, by sex, three-year average, Canada, provinces, territories, health regions and peer groups"
13100026,102-0208,"Perinatal mortality, by sex, three-year average, Canada, provinces, territories, health regions and peer groups"
13100027,102-0211,"Potential years of life lost, by selected causes of death and sex, population aged 0 to 74, Canada, provinces, territories, health regions and peer groups"
13100028,102-0218,"Life expectancy, abridged life table, by age group and sex, three-year average, Canada, provinces, territories, health regions and peer groups"
13100029,102-0240,"Deaths due to medically treatable diseases, by selected causes of death, selected age groups and sex, Canada, provinces, territories, health regions and peer groups"
13100030,102-0303,"Mortality, by selected causes of death and sex, three-year average, Canada, provinces, territories, health regions and peer groups"
13100031,102-0311,"Potential years of life lost, by selected causes of death and sex, population aged 0 to 74, three-year average, Canada, provinces, territories, health regions and peer groups"
13100032,102-0511,"Life expectancy, abridged life table, at birth and at age 65"
13100033,102-4003,"Low birth weight babies (less than 2,500 grams), by sex, Canada, provinces, territories and health regions"
13100034,102-4203,"Low birth weight babies (less than 2,500 grams), by sex, three-year average, Canada, provinces, territories, health regions and peer groups"
13100035,103-0003,"Cancer incidence (January 2002 CCR file), by selected sites of cancer and sex, Canada, provinces, territories and health regions (January 2000 boundaries)"
13100036,103-0004,"Cancer incidence (February 2002 CCR file), by selected sites of cancer and sex, Canada, provinces and territories"
13100037,103-0104,"Cancer incidence (November 2003 CCR file), by selected sites of cancer and sex, Canada, provinces and territories"
13100038,103-0203,"Cancer incidence (September 2002 CCR file), by selected sites of cancer and sex, three-year average, Canada, provinces, territories and health regions (June 2003 boundaries)"
13100039,103-0204,"Cancer incidence (July 2007 CCR file), by selected sites of cancer and sex, Canada, provinces and territories"
13100040,103-0303,"Cancer incidence (July 2004 CCR file), by selected sites of cancer and sex, three-year average, Canada, provinces, territories and health regions (June 2003 boundaries)"
13100041,103-0403,"Cancer incidence, by selected sites of cancer and sex, three-year average, Canada, provinces, territories and health regions (June 2005 boundaries)"
13100063,102-4308,"Life expectancy, at birth and at age 65, by sex, three-year average, Canada, provinces, territories, health regions and peer groups, inactive"
13100064,102-0711,"Birth-related indicators (low and high birth weight, small and large for gestational age, pre-term births), by sex, five-year period, Canada and Inuit regions"
13100065,104-5001,"Asthma, by age group and sex, household population aged 12 and over, territories"
13100066,104-5011,"Diabetes, by age group and sex, household population aged 12 and over, territories"
13100067,104-7001,"Smokers in 1994/95 and their smoking status in 1996/97, by age group and sex, household population aged 12 and over, Canada and provinces"
13100068,104-7002,"Smokers in 1996/97 and their smoking status in 1998/99, by age group and sex, household population aged 12 and over, Canada and provinces"
13100069,104-7003,"Smokers in 1994/95 and their smoking status in 1998/99, by age group and sex, household population aged 12 and over, Canada and provinces"
13100070,105-0003,"Pain or discomfort that affects activities, by age group and sex, household population aged 12 and over, Canada, provinces, territories, health regions (January 2000 boundaries) and peer groups"
13100071,105-0031,"Frequency of drinking in the past 12 months, by age group and sex, household population aged 12 and over who are current drinkers, Canada, provinces, territories, health regions (January 2000 boundaries) and peer groups"
13100072,105-0047,"Bicycle helmet use, by age group and sex, household population aged 12 and over, selected provinces and health regions (January 2000 boundaries)"
13100073,105-0050,"Former smokers (daily or occasional), by age group and sex, household population aged 12 and over, Canada, provinces, territories, health regions (January 2000 boundaries) and peer groups"
13100074,105-0060,"Contact with dental professionals, by age group and sex, household population aged 12 and over, Canada, provinces, territories, health regions (January 2000 boundaries) and peer groups"
13100075,105-0062,"Contact with alternative health care providers, by age group and sex, household population aged 12 and over, Canada, provinces, territories, health regions (January 2000 boundaries) and peer groups"
13100076,105-0069,"Blood pressure check, by age group and sex, household population aged 12 and over, Canada, provinces, territories, health regions (January 2000 boundaries) and peer groups"
13100077,105-0070,"Suicidal thoughts and attempts, by age group and sex, household population aged 15 and over, selected provinces, territories and health regions (January 2000 boundaries)"
13100078,102-4319,"Infant and perinatal mortality, by sex, three-year average, Canada, provinces, territories, health regions and peer groups"
13100079,105-0081,"Patient satisfaction with most recent hospital care received in past 12 months, by age group and sex, household population aged 15 and over, Canadian Community Health Survey cycle 1.1, Canada, provinces and territories"
13100080,105-0233,"Leisure-time physical activity, by age group and sex, household population aged 12 and over, Canada, provinces, territories, health regions (June 2003 boundaries) and peer groups"
13100081,105-0244,"Breastfeeding practices, females aged 15 to 55 who had a baby in the last 5 years, Canada, provinces, territories and peer groups (June 2003 boundaries)"
13100082,105-0245,"Influenza immunization, by age group and sex, household population aged 12 and over, Canada, provinces, territories, health regions (June 2003 boundaries) and peer groups"
13100083,105-0259,"Contact with telephone health line in the past 12 months, by age group and sex, household population aged 15 and over, Canadian Community Health Survey (CCHS 2.1 and 3.1), Canada, provinces and territories"
13100084,105-0309,"Body mass index (BMI) based on self-reported height and weight, by age group and sex, household population aged 18 and over excluding pregnant females, (CCHS 3.1, January to June 2005), Canada, provinces and health regions (June 2005 boundaries)"
13100085,105-0321,"Self-rated mental health, by age group and sex, household population aged 12 and over, (CCHS 3.1, January to June 2005), Canada, provinces and health regions (June 2005 boundaries)"
13100086,105-0400,"Canadian Community Health Survey (CCHS 2.1 and 3.1) indicator profile, by sex, Canada, provinces, territories, health regions (June 2005 boundaries) and peer groups"
13100087,105-0402,"Arthritis or rheumatism, by age group and sex, household population aged 12 and over, Canada, provinces, territories, health regions (June 2005 boundaries) and peer groups"
13100088,105-0431,"Frequency of drinking in the past 12 months, by age group and sex, household population aged 12 and over who are current drinkers, Canada, provinces, territories, health regions (June 2005 boundaries) and peer groups"
13100089,105-0443,"Mammogram obtained within the last 2 years, by age group, females aged 50 to 69 years, Canada, provinces, territories, health regions (June 2005 boundaries) and peer groups"
13100090,105-0456,"Exposure to second-hand smoke at home, by age group and sex, non-smoking household population aged 12 and over, Canada, provinces, territories, health regions (June 2005 boundaries) and peer groups"
13100091,105-0457,"Exposure to second-hand smoke in vehicles and public places in the past month, by age group and sex, non-smoking household population aged 12 and over, Canada, provinces, territories, health regions (June 2005 boundaries) and peer groups"
13100092,105-1100,"Mental Health and Well-being profile, Canadian Community Health Survey (CCHS), by age group and sex, Canada and provinces"
13100093,105-3033,"Health problems for which individuals reported unmet needs for health information or advice or health care services, household population aged 15 and over, Canada"
13100094,105-3044,"Settings most often contacted for immediate care for a minor health problem, by time of day, household population aged 15 and over, Canada"
13100095,105-3045,"Population who needed immediate care for a minor health problem, by time of day, household population aged 15 and over, Canada"
13100096,105-0508,"Health characteristics, annual estimates, inactive"
13100097,105-0511,"Health characteristics, annual estimates, by household income quintile and highest level of education, inactive"
13100098,105-0514,Mental health characteristics and suicidal thoughts
13100099,105-0515,"Health indicator profile, by Aboriginal identity and sex, age-standardized rate, four year estimates"
13100100,102-0712,"Infant and perinatal mortality, by sex, five-year period, Canada and Inuit regions"
13100101,107-0001,"Public nursing and residential care facilities, summary statistics"
13100102,107-0002,"Private nursing and residential care facilities, summary statistics"
13100103,117-0023,"Urine fluoride measures of the household population, by sex and age group"
13100104,117-0025,Fluoride levels measured in household tap water
13100105,117-0028,Volatile organic compound levels measured in household air
13100106,121-0003,Average satisfaction with life and with selected domains of life by age group and sex
13100107,121-0004,Resilience by age group and sex
13100108,121-0005,"Participation in cultural activities in the past 12 months by age group, sex, current employment status and perceived health"
13100109,103-0406,"Cancer incidence, by selected sites of cancer and sex, three-year average, Canada, provinces, territories and health regions (2015 boundaries)"
13100110,102-4320,"Infant and perinatal mortality, by sex, three-year average, Canada, provinces, territories, census metropolitan areas and metropolitan influence zones"
13100111,103-0550,"Number and rates of new cases of primary cancer, by cancer type, age group and sex"
13100112,103-0407,"Cancer incidence, by selected sites of cancer and sex, three-year average, census metropolitan areas"
13100113,105-0509,"Health characteristics, two-year period estimates"
13100114,,"Life expectancy and other elements of the complete life table, three-year estimates, Canada, all provinces except Prince Edward Island"
13100134,109-5401,"Life expectancy at various ages, by population group and sex, Canada"
13100135,109-5402,"Probability of survival at various ages, by population group and sex, Canada"
13100140,,"Life expectancy and other elements of the abridged life table, three-year estimates, Prince Edward Island and the territories"
13100141,102-0521,"Deaths, by cause, Chapter I: Certain infectious and parasitic diseases (A00 to B99)"
13100142,102-0522,"Deaths, by cause, Chapter II: Neoplasms (C00 to D48)"
13100143,102-0525,"Deaths, by cause, Chapter V: Mental and behavioural disorders (F00 to F99)"
13100144,102-0524,"Deaths, by cause, Chapter IV: Endocrine, nutritional and metabolic diseases (E00 to E90)"
13100145,102-0526,"Deaths, by cause, Chapter VI: Diseases of the nervous system (G00 to G99)"
13100146,102-0527,"Deaths, by cause, Chapter VII: Diseases of the eye and adnexa (H00 to H59)"
13100147,102-0529,"Deaths, by cause, Chapter IX: Diseases of the circulatory system (I00 to I99)"
13100148,102-0531,"Deaths, by cause, Chapter XI: Diseases of the digestive system (K00 to K93)"
13100149,102-0532,"Deaths, by cause, Chapter XII: Diseases of the skin and subcutaneous tissue (L00 to L99)"
13100150,102-0533,"Deaths, by cause, Chapter XIII: Diseases of the musculoskeletal system and connective tissue (M00 to M99)"
13100151,102-0534,"Deaths, by cause, Chapter XIV: Diseases of the genitourinary system (N00 to N99)"
13100152,102-0535,"Deaths, by cause, Chapter XV: Pregnancy, childbirth and the puerperium (O00 to O99)"
13100153,102-0536,"Deaths, by cause, Chapter XVI: Certain conditions originating in the perinatal period (P00 to P96)"
13100154,102-0537,"Deaths, by cause, Chapter XVII: Congenital malformations, deformations and chromosomal abnormalities (Q00 to Q99)"
13100155,102-0538,"Deaths, by cause, Chapter XVIII: Symptoms, signs and abnormal clinical and laboratory findings, not elsewhere classified (R00 to R99)"
13100156,102-0540,"Deaths, by cause, Chapter XX: External causes of morbidity and mortality (V01 to Y89)"
13100157,102-0714,"Mortality and potential years of life lost, by selected causes of death and sex, five-year period, Canada and Inuit regions"
13100158,,"Age-specific five-year net survival estimates for primary sites of cancer, by sex, three years combined"
13100159,,"Age-specific five-year net survival estimates for selected cancers with age distributions of cases skewed to older ages, by sex, three years combined"
13100160,,"Age-standardized five-year net survival estimates for primary sites of cancer, by sex, three years combined"
13100161,,"Age-standardized and all-ages five-year net survival estimates for selected primary sites of cancer, by sex, three years combined, by province"
13100162,,"Home health care and related services, summary statistics"
13100166,106-9001,"Teen pregnancy, by pregnancy outcomes, females aged 15 to 19"
13100167,106-9002,"Pregnancy outcomes (live births, induced abortions, and fetal loss)"
13100168,106-9003,"Induced abortions, by area of residence of patient and by type of facility"
13100169,106-9004,"Induced abortions, by age group of patient"
13100170,106-9005,"Induced abortions in hospitals and clinics, by area of report and type of facility performing the abortion"
13100171,106-9013,"Induced abortions in hospitals and clinics, by area of residence of patient and type of facility"
13100172,106-9014,"Induced abortions, by age group of patient (1987 to 2001)"
13100173,106-9024,"Induced abortions, by age group of patient (1987 to 2002)"
13100174,106-9034,"Induced abortions, by age group of patient (1974 to 2006)"
13100175,107-5501,"Residential care facilities, by ownership, principal characteristic of predominant group of residents and size of facility, Canada, provinces and territories"
13100176,107-5502,"Resident-days in residential care facilities, by responsibility for payment, principal characteristic of predominant group of residents and size of facility, Canada, provinces and territories"
13100177,107-5503,"Movement of residents in residential care facilities, by principal characteristic of the predominant group of residents and size of facility, Canada, provinces and territories"
13100178,107-5504,"Residents on books in residential care facilities, by age group, sex, principal characteristic of the predominant group of residents and size of facility, Canada, provinces and territories"
13100179,107-5505,"Full-time equivalent personnel in residential care facilities, by principal characteristic of the predominant group of residents and size of facility, Canada, provinces and territories"
13100180,107-5506,"Salary and wage expenditures in residential care facilities, by principal characteristic of the predominant group of residents and size of facility, Canada, provinces and territories"
13100181,107-5507,"Total expenditures in residential care facilities, by principal characteristic of the predominant group of residents and size of facility, Canada, provinces and territories"
13100182,107-5508,"Income from accommodation and sundry earnings in residential care facilities, by principal characteristic of the predominant group of residents and size of facility, Canada, provinces and territories"
13100183,107-5509,"Occupancy based on beds staffed and in operation in residential care facilities, by principal characteristic of the predominant group of residents and size of facility, Canada, provinces and territories"
13100184,107-5510,"Accumulated paid hours during year per resident-day in residential care facilities, by principal characteristic of the predominant group of residents and size of facility, Canada, provinces and territories"
13100185,107-5511,"Expenditures per resident-day in residential care facilities, by principal characteristic of the predominant group of residents and size of facility, Canada, provinces and territories"
13100186,107-5512,"Income per resident-day in residential care facilities, by principal characteristic of the predominant group of residents and size of facility, Canada, provinces and territories"
13100187,110-0001,Tobacco and alcohol use by students in selected countries
13100188,110-0002,Alcohol use by students in selected countries
13100189,110-0003,Drug use by Canadian students
13100190,110-0004,Frequency of exercise outside of school by students in selected countries
13100191,110-0005,"Time spent exercising vigorously outside of school, per week, by students in selected countries"
13100192,110-0006,"Time spent watching television, per day, by students in selected countries"
13100193,110-0007,"Time spent watching VCR movies and playing computer games, per week, by students in selected countries"
13100194,110-0008,Dietary habits of students in selected countries
13100195,110-0009,Dental hygiene of students in selected countries
13100196,110-0010,"Health ailments experienced by students, in the last six months, in selected countries"
13100197,110-0011,"Students' ability to talk with family and friends about things that bother them, in selected countries"
13100198,110-0012,Canadian students' ability to talk to their teachers about the things that bother them
13100199,110-0013,Ease with which students in selected countries make new friends
13100200,110-0014,Number of close friends held by students in selected countries
13100201,110-0015,Time spent with friends outside of school by students in selected countries
13100202,110-0016,How students in selected countries feel about their lives
13100203,110-0017,How Canadian students feel about themselves
13100204,110-0018,How often students in selected countries feel lonely
13100205,110-0019,Perceptions by students in selected countries of what their teachers think about their school work
13100206,110-0020,How students in selected countries feel about school
13100207,110-0021,"Student response to question: Which of these people live at your home (answers are for the home where they live most of the time), by sex, age group and selected countries"
13100208,110-0022,"Student response to question: How well-off is your family, by sex, age group and selected countries"
13100209,110-0023,"How many times students travelled away on holiday with their family, by sex, age group and selected countries"
13100210,110-0024,"Student response to question: Do you have a bedroom all to yourself, by sex, age group and selected countries"
13100211,110-0025,"Student response to question: Does your family have a car, truck or van, by sex, age group and selected countries"
13100212,110-0026,"Student response to question: During the past 12 months were you hurt or injured and had to be treated by a doctor or a nurse, by sex, age group and selected countries"
13100213,110-0027,"Results of serious injuries suffered by students, by sex, age group and selected countries"
13100214,110-0028,"Student response to question: In what month did your most serious injury happen, by sex, age group and selected countries"
13100215,110-0029,"How often students use a seat belt when they ride in a car, by sex, age group and selected countries"
13100216,110-0030,"How often students wear a helmet when they ride their bicycle, by sex, age group and selected countries"
13100217,110-0031,"Student response to a variety of questions regarding school, by sex, age group and selected countries"
13100218,110-0032,"Student response to question: How much pressure do you feel because of the work you have to do at school, by sex, age group and selected countries"
13100219,110-0033,"Student response to questions regarding their parents' support about school, by sex, age group and selected countries"
13100220,110-0034,"Student response to question: What do you think you will be doing after finishing high school, by sex, age group and selected countries"
13100221,110-0035,"Student response to question: How many days did you skip class(es) or school, by sex, age group and selected countries"
13100222,110-0036,"What students think of their school environment, by sex, age group and selected countries"
13100223,110-0037,"How often students have been bullied in school, by sex, age group and selected countries"
13100224,110-0038,"How often students have been bullied in school for specific reasons, by sex, age group and selected countries"
13100225,110-0039,"How often students have been physically or verbally bullied in school, by sex, age group and selected countries"
13100226,110-0040,"Student response to question: If you have been bullied in school, who usually bullies you, by sex, age group and selected countries"
13100227,110-0041,"Student response to question: How often have you taken part in bullying other students in school, by sex, age group and selected countries"
13100228,110-0042,"Frequency of experiencing different feelings felt by students, by sex, age group and selected countries"
13100229,110-0043,"Student response to question: How often has it happened that other students do not want to spend time with you at school and you end up being alone, by sex, age group and selected countries"
13100230,110-0044,"Student response to question: How often do you spend time with friends right after school, by sex, age group and selected countries"
13100231,110-0045,"How many evenings students spend away from home with friends, by sex, age group and selected countries"
13100232,110-0046,"How healthy students think they are, by sex, age group and selected countries"
13100233,110-0047,"How old were students when they started smoking daily, by sex and selected countries"
13100234,110-0048,"Health ailments experienced by students in the last six months, by sex, age group and selected countries"
13100235,110-0049,"How often students eat breakfast (at least juice and toast or cereal), by sex, age group and selected countries"
13100236,110-0050,"What students think of their looks, by sex, age group and selected countries"
13100237,110-0051,"What students think of their bodies, by sex, age group and selected countries"
13100238,110-0052,"Student response to question: Is there anything about your body you would like to change, by sex, age group and selected countries"
13100239,110-0053,"Student response to question: Are you on a diet to lose weight, by sex, age group and selected countries"
13100240,110-0054,"Health behaviour in school-aged children 2002, student response to question: How do you describe yourself?"
13100241,110-0055,"Health behaviour in school-aged children 2002, student response to question: How would you describe your health?"
13100242,110-0056,"Health behaviour in school-aged children 2002, student response to question: In the last 6 months, how often have you had the following symptoms?"
13100243,110-0057,"Health behaviour in school-aged children 2002, student response to question: In the last month, have you taken any medicine or pills for the following symptoms?"
13100244,110-0058,"Health behaviour in school-aged children 2002, student response to question: How many hours a day do you usually spend watching television or using a computer in your free time?"
13100245,110-0059,"Health behaviour in school-aged children 2002, student response to question: How many hours a day do you usually spend doing school homework out of school hours?"
13100246,110-0060,"Health behaviour in school-aged children 2002, student response to question: How many days each week are you involved in any kind of club or organization?"
13100247,110-0061,"Health behaviour in school-aged children 2002, student response to question: How many days were you physically active for a total of at least 60 minutes per day?"
13100248,110-0062,"Health behaviour in school-aged children 2002, student response to question: How many hours a week do you usually take part in physical activity that makes you out of breath or warmer than usual?"
13100249,110-0063,"Health behaviour in school-aged children 2002, student response to question: How often do you usually have your meals?"
13100250,110-0064,"Health behaviour in school-aged children 2002, Canadian student response to question: How many times a week do you usually eat or drink these items?"
13100251,110-0065,"Health behaviour in school-aged children 2002, other countries' student response to question: How many times a week do you usually eat or drink these items?"
13100252,110-0066,"Health behaviour in school-aged children 2002, student response to question: How often do you brush your teeth?"
13100253,110-0067,"Health behaviour in school-aged children 2002, student response to question: In the last 12 months, how many times were you injured and had to be treated by a doctor or nurse?"
13100254,110-0068,"Health behaviour in school-aged children 2002, student response to question: What were the main results of the most serious injury?"
13100255,110-0069,"Health behaviour in school-aged children 2002, student response to question: Where were you when the most serious injury happened?"
13100256,110-0070,"Health behaviour in school-aged children 2002, student response to question: What were you doing when the most serious injury happened?"
13100257,110-0071,"Health behaviour in school-aged children 2002, student response to question: Did the most serious injury happen while participating in an organized activity?"
13100258,110-0072,"Health behaviour in school-aged children 2002, student response to question: Where were you treated for the most serious injury?"
13100259,110-0073,"Health behaviour in school-aged children 2002, student response to question: Did the most serious injury cause you to miss at least one full day from school or other usual activities?"
13100260,110-0074,"Health behaviour in school-aged children 2002, student response to question: In what month did the most serious injury happen?"
13100261,110-0075,"Health behaviour in school-aged children 2002, student response to question: How often do you use a seat belt when you ride in a car?"
13100262,110-0076,"Health behaviour in school-aged children 2002, student response to question: How often do you wear a helmet when you ride a bicycle?"
13100263,110-0077,"Health behaviour in school-aged children 2002, student response to question: Do you have a long-term disability, illness or medical condition?"
13100264,110-0078,"Health behaviour in school-aged children 2002, student response to question: Does your long-term disability, illness or medical condition cause you to have the following difficulties?"
13100265,110-0079,"Health behaviour in school-aged children 2002, student response to question: Does your long-term disability, illness or medical condition affect your attendance and participation at school?"
13100266,110-0080,"Health behaviour in school-aged children 2002, student response to question: Have you had any of these asthma-related health problems?"
13100267,110-0081,"Health behaviour in school-aged children 2002, student response to question: Have you ever smoked tobacco?"
13100268,110-0082,"Health behaviour in school-aged children 2002, student response to question: How often do you smoke tobacco at present?"
13100269,110-0083,"Health behaviour in school-aged children 2002, student response to question: How many of your friends smoke tobacco?"
13100270,110-0084,"Health behaviour in school-aged children 2002, student response to question: Are you allowed to smoke at home?"
13100271,110-0085,"Health behaviour in school-aged children 2002, student response to question: Do any of the following people smoke?"
13100272,110-0086,"Health behaviour in school-aged children 2002, student response to question: When you smoke, how often are you in the following situations?"
13100273,110-0087,"Health behaviour in school-aged children 2002, student response to question: How often do you drink anything alcoholic?"
13100274,110-0088,"Health behaviour in school-aged children 2002, student response to question: Have you ever had so much alcohol that you were really drunk?"
13100275,110-0089,"Health behaviour in school-aged children 2002, student response to question: Have you ever used or taken cannabis?"
13100276,110-0090,"Health behaviour in school-aged children 2002, student response to question: Have you ever used or taken one or several of these substances in your life?"
13100277,110-0091,"Health behaviour in school-aged children 2002, student response to question: Have you ever had sexual intercourse?"
13100278,110-0092,"Health behaviour in school-aged children 2002, student response to question: How old were you when you had sexual intercourse for the first time?"
13100279,110-0093,"Health behaviour in school-aged children 2002, student response to question: The last time you had sexual intercourse, did you or your partner use a condom?"
13100280,110-0094,"Health behaviour in school-aged children 2002, student response to question: The last time you had sexual intercourse, what method(s) did you or your partner use to prevent pregnancy?"
13100281,110-0095,"Health behaviour in school-aged children 2002, student response to question: Do you stay in this house often?"
13100282,110-0096,"Health behaviour in school-aged children 2002, student response to question: How easy is it to talk to the following persons about things that really bother you?"
13100283,110-0097,"Health behaviour in school-aged children 2002, student response to question: How do you and your parents decide how you should spend your free time outside school?"
13100284,110-0098,"Health behaviour in school-aged children 2002, student response to question: How well off do you think your family is?"
13100285,110-0099,"Health behaviour in school-aged children 2002, student response to question: Do your parents have jobs?"
13100286,110-0100,"Health behaviour in school-aged children 2002, student response to question: Why don't your parents have jobs?"
13100287,110-0101,"Health behaviour in school-aged children 2002, student response to question: How often do you go to school or to bed hungry because there is not enough food at home?"
13100288,110-0102,"Health behaviour in school-aged children 2002, student response to question: Do you have your own bedroom for yourself?"
13100289,110-0103,"Health behaviour in school-aged children 2002, student response to question: Does your family own a car, van or truck?"
13100290,110-0104,"Health behaviour in school-aged children 2002, student response to question: In the last 12 months, how many times did you travel away on holiday with your family?"
13100291,110-0105,"Health behaviour in school-aged children 2002, student response to question: How many computers does your family own?"
13100292,110-0106,"Health behaviour in school-aged children 2002, student response to question: Does your family have an Internet connection at home?"
13100293,110-0107,"Health behaviour in school-aged children 2002, student response to question: How do you feel about where you live?"
13100294,110-0108,"Health behaviour in school-aged children 2002, student response to question: Do you think that the area in which you live is a good place to live?"
13100295,110-0109,"Health behaviour in school-aged children 2002, student response to question: Generally speaking, I feel safe in the area where I live?"
13100296,110-0110,"Health behaviour in school-aged children 2002, student response to question: How many close male and female friends do you have?"
13100297,110-0111,"Health behaviour in school-aged children 2002, student response to question: How many of your friends do the following statements describe?"
13100298,110-0112,"Health behaviour in school-aged children 2002, student response to question: How do you and your friends decide what to do together?"
13100299,110-0113,"Health behaviour in school-aged children 2002, student response to question: How many days a week do you usually spend time with friends right after school?"
13100300,110-0114,"Health behaviour in school-aged children 2002, student response to question: How many evenings per week do you usually spend out with your friends?"
13100301,110-0115,"Health behaviour in school-aged children 2002, student response to question: How often do you talk to your friend(s) on the phone or send them text or e-mail messages?"
13100302,110-0116,"Health behaviour in school-aged children 2002, student response to question: How often have you been bullied at school in the last couple of months?"
13100303,110-0117,"Health behaviour in school-aged children 2002, student response to question: How often have you been bullied at school in the last couple of months in the ways listed below?"
13100304,110-0118,"Health behaviour in school-aged children 2002, student response to question: If you have been bullied in school this term, who usually bullies you?"
13100305,110-0119,"Health behaviour in school-aged children 2002, student response to question: How often have you taken part in bullying another student(s) at school in the last couple of months?"
13100306,110-0120,"Health behaviour in school-aged children 2002, student response to question: How often have you bullied another student(s) at school in the last couple of months in the ways listed below?"
13100307,110-0121,"Health behaviour in school-aged children 2002, student response to question: In the last 12 months, how many times were you in a physical fight?"
13100308,110-0122,"Health behaviour in school-aged children 2002, student response to question: The last time you were in a physical fight, with whom did you fight?"
13100309,110-0123,"Health behaviour in school-aged children 2002, student response to question: Do you think your body is?"
13100310,110-0124,"Health behaviour in school-aged children 2002, student response to question: In the last 12 months, have you gone on a diet, changed your eating habits or done something else to control your weight?"
13100311,110-0125,"Health behaviour in school-aged children 2002, student response to question: At present are you on a diet or doing something else to lose weight?"
13100312,110-0126,"Health behaviour in school-aged children 2002, student response to question: How do you feel about yourself?"
13100313,110-0127,"Health behaviour in school-aged children 2002, student response to question: How do you feel about your parents and home life?"
13100314,110-0128,"Health behaviour in school-aged children 2002, student response to question: How do you feel about your school climate?"
13100315,110-0129,"Health behaviour in school-aged children 2002, student response to question: How do you describe yourself as a student?"
13100316,110-0130,"Health behaviour in school-aged children 2002, student response to question: How do you feel about school at present?"
13100317,110-0131,"Health behaviour in school-aged children 2002, student response to question: How pressured do you feel by the schoolwork you have to do?"
13100318,110-0132,"Health behaviour in school-aged children 2002, student response to question: In your opinion, what does your teacher(s) think about your school performance compared to your classmates?"
13100319,117-0001,Anthropometry measures of the household population
13100320,117-0002,"Children's body mass index - Center for Disease Control classification system, inactive"
13100321,117-0003,"Children's body mass index - Cole classification system, inactive"
13100322,117-0004,"Children's body mass index - World Health Organization classification system, inactive"
13100323,117-0005,"Adult body mass index - Health Canada classification, inactive"
13100324,117-0006,Physical fitness measures of the household population
13100325,117-0007,"Distribution of the household population by musculoskeletal fitness classification, inactive"
13100326,117-0008,Cardiovascular health measures of the household population
13100327,117-0009,Distribution of the household population by blood pressure classification
13100328,117-0010,Lung capacity measures of the household population
13100329,117-0011,Distribution of the household population by chronic diseases
13100330,117-0012,Distribution of the household population by dental status
13100331,117-0013,Distribution of the household population by allergy indicator
13100332,117-0014,Chemistry panel of the household population
13100333,117-0015,Complete blood count of the household population
13100334,117-0016,Hormone measures of the household population
13100335,117-0017,Distribution of household population by infection marker
13100336,117-0018,Nutritional status of the household population
13100337,117-0019,"Household population meeting/not meeting the Canadian physical activity guidelines, inactive"
13100338,117-0020,Average time spent sedentary
13100339,117-0021,Average time spent being physically active
13100342,104-0001,"Asthma, by age group and sex, household population aged 4 and over, Canada and provinces"
13100343,115-0001,Prevalence of disability for adults
13100344,115-0002,Adults with and without disabilities
13100345,115-0003,Adults with disabilities
13100346,115-0004,"Adults with disabilities, by severity"
13100347,115-0005,Labour force status for adults with and without disabilities
13100348,115-0006,Labour force status for adults with disabilities by disability type
13100349,115-0007,Limitations and barriers to employment for adults with disabilities
13100350,115-0008,Modifications for labour force participation for adults with disabilities
13100351,115-0009,Training in the workplace for adults with disabilities
13100352,115-0010,Barriers in the workplace for adults with disabilities
13100353,115-0011,Hours worked per week for adults with disabilities by age group
13100354,115-0012,Industry of employment for adults with disabilities
13100355,115-0013,Occupations of adults with disabilities
13100356,115-0014,Total income for adults with and without disabilities
13100357,115-0015,Old age security and guaranteed income supplement of adults with and without disabilities
13100358,115-0016,Canada and Quebec pension plan benefits of adults with and without disabilities
13100359,115-0017,Employment insurance benefits of adults with and without disabilities
13100360,115-0018,Child tax benefits of adults with and without disabilities
13100361,115-0019,Other government income for adults with and without disabilities
13100362,115-0020,Employment income for adults with and without disabilities
13100363,115-0021,Investment income of adults with and without disabilities
13100364,115-0022,Retirement income of adults with and without disabilities
13100368,102-0030,"Infant mortality, by birth weight"
13100369,102-0110,"Potential years of life lost, for unintentional injuries and suicides"
13100370,102-0122,"Health-adjusted life expectancy, by sex"
13100371,102-0512,Life expectancy at birth and at age 65
13100373,,"Overweight and obesity based on measured body mass index, by age group and sex"
13100374,,"Persons with and without disabilities aged 15 years and over, by age group and gender"
13100375,,"Severity of disability for persons with disabilities aged 15 years and over, by age group and gender"
13100376,,"Type of disability for persons with disabilities aged 15 years and over, by age group and gender"
13100377,,"Labour force status of persons with and without disabilities aged 15 years and over, by age group and gender"
13100378,,"Highest certificate, diploma or degree for persons with and without disabilities aged 15 years and over, by severity, by age group and gender"
13100379,,"After-tax total income for persons with and without disabilities aged 25 years and over, by severity, by age group and gender"
13100380,,"Visible minority group of persons with and without disabilities aged 15 years and over, by age group and sex, Canada"
13100381,,"Immigrant status and period of immigration for persons with and without disabilities aged 15 years and over, by gender, Canada"
13100382,,"Population that did not use contraception among sexually active population not trying to conceive, by sex and other characteristics"
13100383,,"Prevalence of cannabis use in the past three months, self-reported"
13100384,,"Hypertension prevalence, awareness, treatment and control, combined cycles, by age group and sex, Canada (excluding territories)"
13100385,,Household food security by living arrangement
13100386,,"Coroner and medical examiner investigated deaths and mortality rates, by age group"
13100387,,"Coroner and medical examiner investigated deaths and mortality rates, by sex"
13100388,,"Household population meeting/not meeting the 2011 Canadian physical activity guidelines, inactive"
13100389,,"Life expectancy, at birth and at age 65, by sex, three-year average, Canada, provinces, territories, health regions and peer groups"
13100390,,Preventable and treatable mortality by remoteness
13100391,102-0542,"Deaths, by cause, Chapter XXII: Codes for special purposes (U00 to U99)"
13100392,102-0551,"Deaths and age-specific mortality rates, by selected grouped causes"
13100393,102-0552,"Deaths and mortality rates (age standardizing using 1991 population), by selected grouped causes"
13100394,102-0561,"Leading causes of death, total population, by age group"
13100395,102-0562,"Leading causes of death, infants"
13100396,102-0563,"Leading causes of death, total population (age standardization using 1991 population)"
13100397,102-0601,"Mortality, by income adequacy and sex, Canada"
13100398,102-0701,"Low birth weight babies, by Inuit region"
13100399,102-0702,"Live births and infant mortality, by Inuit region"
13100400,102-0703,"Perinatal mortality, by Inuit region"
13100401,102-0704,"Mortality, by Inuit region"
13100402,102-0705,"Potential years of life lost, by Inuit region"
13100403,102-0706,"Life expectancy, at birth and at age 65, by sex, five-year average, Canada and Inuit regions"
13100404,102-4005,"Low birth weight babies, by province and territory"
13100405,102-4303,"Live births, by birth-related indicator, three-year average, provinces and territories"
13100406,102-4304,"Live births, by birth-related indicator, three-year average, census metropolitan areas"
13100407,102-4305,"Infant and perinatal mortality, three-year average, provinces and territories"
13100408,102-4306,"Infant and perinatal mortality, by sex, three-year average, Canada, provinces, territories, census metropolitan areas and metropolitan influence zones, 2000/2002 - 2005/2007"
13100409,102-4307,"Life expectancy at birth and at age 65, by province and territory, three-year average"
13100410,102-4309,"Mortality and potential years of life lost, three-year average, provinces and territories"
13100411,102-4310,"Mortality and potential years of life lost, three-year average, census metropolitan areas"
13100412,102-4311,"Premature and potentially avoidable mortality, by province and territory, three-year average"
13100413,102-4312,Premature and potentially avoidable mortality
13100414,102-4501,"Live births, by place of residence of mother"
13100415,102-4502,"Live births, by month"
13100416,102-4503,"Live births, by age of mother"
13100417,102-4504,Mean age of mother at time of delivery (live births)
13100418,102-4505,"Crude birth rate, age-specific fertility rates and total fertility rate (live births)"
13100419,102-4506,"Live births, by marital status of mother"
13100420,102-4507,"Live births, by age group and marital status of mother"
13100421,102-4508,"Live births, by age and parity of mother"
13100422,102-4509,"Live births, by birth weight"
13100423,102-4510,"Live births, mean and median birth weight, by sex"
13100424,102-4511,"Live births, birth weight indicators, by characteristics of the mother and child"
13100425,102-4512,"Live births, by weeks of gestation"
13100426,102-4513,"Live births, by characteristics of mother and child, and weeks of gestation"
13100427,102-4514,Fetal deaths (20 weeks or more of gestation) and late fetal deaths (28 weeks or more of gestation)
13100428,102-4515,"Live births and fetal deaths (stillbirths), by type of birth (single or multiple)"
13100429,102-4516,"Live births and fetal deaths (stillbirths), by place of birth (hospital or non-hospital)"
13100430,103-0404,"Cancer incidence, age-standardized rates, by selected sites, three-year average"
13100431,103-0405,"Cancer, new cases, age-standardized rates, by census metropolitan area, three-year average"
13100432,,"Contribution of selected causes of death to changes (over 1, 5, 10 years) in life expectancy at birth, by sex"
13100434,,"Contribution of drug poisoning deaths to changes (over 1 and 5 years) in life expectancy at birth, by sex"
13100435,104-5008,"Body mass index (BMI), Canadian standard, territories"
13100436,104-5009,"Body mass index (BMI), International standard, territories"
13100437,,"Contribution of age specific death rates to changes (over 1, 5, 10 years) in life expectancy at birth, by sex"
13100438,104-7006,"Smoking, changes between 1994/1995 and 2004/2005, 2006/2007, 2008/2009 and 2010/2011"
13100439,104-7011,"Self-rated health as ""very good"" or ""excellent"" in 1994/95 and rating in 1996/97"
13100440,104-7012,"Self-rated health as ""very good"" or ""excellent"" in 1996/97 and rating in 1998/99"
13100441,104-7013,"Self-rated health as ""very good"" or ""excellent"" in 1994/95 and rating in 1996/97 and 1998/99"
13100442,104-7018,"Self-rated health, changes between 1994/1995 and 2006/2007, 2008/2009 and 2010/2011"
13100443,104-7030,"Body mass index, changes between 1994/1995 and 2006/2007, 2008/2009 and 2010/2011"
13100444,104-7040,"Physical activity, changes between 1994/1995 and 2010/2011"
13100445,105-0111,Canadian Community Health Survey (CCHS 1.1 and 2.1) linguistic minority profile (mother tongue and first official language spoken)
13100446,,Contribution of selected causes of death to differences in life expectancy at birth between males and females
13100447,105-0113,Canadian Community Health Survey (CCHS 1.1 and 2.1) immigrant profile
13100448,105-0280,"Patient satisfaction with any health care services received in the past 12 months, by age group and sex, household population aged 15 and over, Canadian Community Health Survey (CCHS 1.1, 2.1 and 3.1), Canada, provinces and territories"
13100449,105-0281,"Patient satisfaction with most recent hospital care received in the past 12 months, by age group and sex, household population aged 15 and over, Canadian Community Health Survey (CCHS 1.1, 2.1 and 3.1), Canada, provinces and territories"
13100450,105-0282,Patient satisfaction with most recent family doctor or other physician care received in the past 12 months
13100451,105-0501,"Health indicators, annual estimates, 2003 - 2014"
13100452,105-0502,"Health indicators, two-year period estimates"
13100453,105-0503,"Health indicators, age-standardized rate, annual estimates"
13100454,105-0504,"Health indicators, by linguistic characteristics"
13100455,105-0506,Measured youth body mass index (BMI)
13100456,105-0507,Measured adult body mass index (BMI)
13100457,105-0512,"Health indicators, by Aboriginal identity, four-year period estimates"
13100458,105-0513,"Health indicators, by Aboriginal identity, age-standardized rates, four-year period estimates"
13100459,105-0541,"Fecal occult blood test (FOBT) obtained in past 2 years or, colonoscopy or sigmoidoscopy obtained in last 5 years"
13100460,105-0543,Mammogram obtained within the last 2 years
13100461,105-0545,"Household food insecurity, by living arrangement and food insecurity status"
13100462,105-0546,"Household food insecurity, by presence of children in the household and food insecurity status"
13100463,105-0547,"Household food insecurity, by age group and food insecurity status"
13100464,105-0592,"Health indicators, two-year period estimates, census metropolitan areas"
13100465,105-1101,Mental health indicators
13100466,105-1200,Healthy aging indicators
13100467,105-1300,Neurological conditions in household population
13100468,105-1305,Neurological conditions in institutions
13100469,105-2001,"Body mass index, measured, adults"
13100470,105-2002,"Body mass index, measured, children and youth"
13100471,105-2003,"Participation in physical activities, children"
13100472,105-2004,Household food insecurity
13100473,105-2005,"Participation in sedentary activities, youth"
13100474,105-2011,"Vitamin and mineral supplements consumption in the past month, by age group"
13100475,105-2012,Reported occasion of food consumption
13100476,105-2013,Location of food preparation
13100477,105-2014,"Total energy intake from fat, by dietary age-sex reference intake group"
13100478,105-2015,"Total energy intake from protein, by dietary age-sex reference intake group"
13100479,105-2016,"Total energy intake from carbohydrates, by dietary age-sex reference intake group"
13100480,105-3001,Median waiting times for specialized services
13100481,105-3002,"Specialist visits for a new illness or condition, by waiting times"
13100482,105-3003,"Non-emergency surgeries, by waiting times"
13100483,105-3004,"Selected diagnostic tests, by waiting times"
13100484,105-3024,Access to a regular family physician
13100485,105-3067,Difficulties accessing routine or on-going care
13100486,105-3068,Difficulties accessing health information or advice
13100487,105-3069,Difficulties accessing immediate care for a minor health problem
13100488,105-4009,Body mass index (BMI)
13100489,105-4022,Perceived health
13100490,105-4033,Leisure-time physical activity
13100491,105-4042,Pap smear
13100492,105-4045,Influenza immunization
13100493,105-4080,Patient satisfaction with any health care services received in past 12 months
13100494,105-4081,Patient satisfaction with most recent hospital care received in past 12 months
13100495,105-4082,Patient satisfaction with most recent family doctor or other physician care received in past 12 months
13100496,109-4001,Breastfeeding practices
13100497,104-0002,"Arthritis/rheumatism, by age group and sex, household population aged 12 and over, Canada and provinces"
13100498,104-0003,"Pain or discomfort that affects activities, by age group and sex, household population aged 4 and over, Canada and provinces"
13100499,104-0004,"Pain or discomfort by severity, by age group and sex, household population aged 4 and over, Canada and provinces"
13100500,104-0005,"Risk of depression, by age group and sex, household population aged 12 and over, Canada and provinces"
13100501,104-0007,"Body mass index (BMI), by age group and sex, household population aged 18 and over excluding pregnant women, Canada and provinces"
13100502,104-0008,"Body mass index (BMI), Canadian standard, by age group and sex, household population aged 20 to 64 excluding pregnant women, Canada and provinces"
13100503,104-0009,"Body mass index (BMI), International standard, by age group and sex, household population aged 20 to 64 excluding pregnant women, Canada and provinces"
13100504,104-0010,"High blood pressure, by age group and sex, household population aged 12 and over, Canada and provinces"
13100505,104-0011,"Diabetes, by age group and sex, household population aged 12 and over, Canada and provinces"
13100506,104-0013,"Functional health status, by age group and sex, household population aged 4 years and over, Canada and provinces"
13100507,104-0015,"Two-week disability days, by age group and sex, household population, Canada and provinces"
13100508,104-0017,"Activity limitation, by age group and sex, household population aged 4 and over, Canada and provinces"
13100509,104-0018,"Injuries causing limitation of normal activities, by age group and sex, household population aged 12 and over, Canada and provinces"
13100510,104-0019,"Self-esteem, by age group and sex, household population aged 12 and over, Canada and provinces"
13100511,104-0020,"Activity limitation or handicap, by age group and sex, household population aged 4 and over, Canada and provinces"
13100512,104-0022,"Self-rated health, by age group and sex, household population, Canada and provinces"
13100513,104-0027,"Smoking status, by age group and sex, household population aged 12 and over, Canada and provinces"
13100514,104-0031,"Frequency of drinking in the past 12 months, by age group and sex, household population aged 12 and over who are current drinkers, Canada and provinces"
13100515,104-0033,"Leisure-time physical activity, by age group and sex, household population aged 12 and over, Canada and provinces"
13100516,,"Contribution of potentially avoidable causes of death to changes (over 1 and 5 years) in life expectancy at birth, by sex"
13100517,104-0037,"Life stress, by age group and sex, household population aged 18 and over, Canada and provinces"
13100518,104-0039,"Social support, by age group and sex, household population aged 12 and over, Canada and provinces"
13100519,104-0042,"Pap smear, by age group, women aged 18 to 69 years, Canada and provinces"
13100520,104-0043,"Mammogram obtained within the previous two years, by age group, women aged 50 to 69, Canada and provinces"
13100521,104-0045,"Influenza immunization, by age group and sex, household population aged 65 and over, Canada and provinces"
13100522,104-0060,"Contact with dental professionals, by age group and sex, household population aged 12 and over, Canada and provinces"
13100523,104-0061,"Contact with medical doctors, by age group and sex, household population aged 12 and over, Canada and provinces"
13100524,104-0062,"Contact with alternative health care providers, by age group and sex, household population aged 12 and over, Canada and provinces"
13100525,104-0063,"Contact with health professionals about mental health, by age group and sex, household population aged 12 and over, Canada and provinces"
13100526,104-5002,"Arthritis/rheumatism, by age group and sex, household population aged 12 and over, territories"
13100527,104-5003,"Pain or discomfort that affects activities, by age group and sex, household population aged 12 and over, territories"
13100528,104-5004,"Pain or discomfort by severity, by age group and sex, household population aged 12 and over, territories"
13100529,104-5005,"Risk of depression, by age group and sex, household population aged 12 and over, territories"
13100530,104-5007,"Body mass index (BMI), by age group and sex, household population aged 18 and over excluding pregnant women, territories"
13100531,104-5010,"High blood pressure, by age group and sex, household population aged 12 and over, territories"
13100532,104-5013,"Functional health status, by age group and sex, household population aged 12 years and over, territories"
13100533,104-5015,"Two-week disability days, by age group and sex, household population aged 12 years and over, territories"
13100534,104-5017,"Activity limitation, by age group and sex, household population aged 12 and over, territories"
13100535,104-5018,"Injuries causing limitation of normal activities, by age group and sex, household population aged 12 and over, territories"
13100536,104-5020,"Activity limitation or handicap, by age group and sex, household population aged 12 and over, territories"
13100537,104-5022,"Self-rated health, by age group and sex, household population aged 12 and over, territories"
13100538,104-5027,"Smoking status, by age group and sex, household population aged 12 and over, territories"
13100539,104-5031,"Frequency of drinking in the past 12 months, by age group and sex, household population aged 12 and over who are current drinkers, territories"
13100540,104-5033,"Leisure-time physical activity, by age group and sex, household population aged 12 and over, territories"
13100541,104-5039,"Social support, by age group and sex, household population aged 12 and over, territories"
13100542,104-5042,"Pap smear, by age group, women aged 18 to 69 years, territories"
13100543,104-5060,"Contact with dental professionals, by age group and sex, household population aged 12 and over, territories"
13100544,104-5061,"Contact with medical doctors, by age group and sex, household population aged 12 and over, territories"
13100545,104-5062,"Contact with alternative health care providers, by age group and sex, household population aged 12 and over, territories"
13100546,104-5063,"Contact with health professionals about mental health, by age group and sex, household population aged 12 and over, territories"
13100547,104-7004,"Smokers in 1994/95 and their smoking status in 2000/01, by age group and sex, household population aged 12 and over, Canada and provinces"
13100548,104-7005,"Changes in smoking since 1994/95, household population aged 12 and over who reported on smoking every 2 years, between 1994/95 and 2000/01, by age group and sex, Canada and provinces"
13100549,104-7017,"Changes in self-rated health since 1994/95, household population aged 12 and over who rated their general health every 2 years, between 1994/95 and 2000/01, by age group and sex, Canada and provinces"
13100550,105-0001,"Asthma, by age group and sex, household population aged 12 and over, Canada, provinces, territories, health regions (January 2000 boundaries) and peer groups"
13100551,105-0002,"Arthritis/rheumatism, by age group and sex, household population aged 12 and over, Canada, provinces, territories, health regions (January 2000 boundaries) and peer groups"
13100552,105-0004,"Pain or discomfort by severity, by age group and sex, household population aged 12 and over, Canada, provinces, territories, health regions (January 2000 boundaries) and peer groups"
13100553,105-0005,"Risk of depression, by age group and sex, household population aged 12 and over, Canada, provinces, territories, health regions (January 2000 boundaries) and peer groups"
13100554,105-0007,"Body mass index (BMI), by age group and sex, household population aged 18 and over excluding pregnant women, Canada, provinces, territories, health regions (January 2000 boundaries) and peer groups"
13100555,105-0008,"Body mass index (BMI), Canadian standard, by age group and sex, household population aged 20 to 64 excluding pregnant women, Canada, provinces, territories, health regions (January 2000 boundaries) and peer groups"
13100556,105-0009,"Body mass index (BMI), International standard, by age group and sex, household population aged 20 to 64 excluding pregnant women, Canada, provinces, territories, health regions (January 2000 boundaries) and peer groups"
13100557,105-0010,"High blood pressure, by age group and sex, household population aged 12 and over, Canada, provinces, territories, health regions (January 2000 boundaries) and peer groups"
13100558,105-0011,"Diabetes, by age group and sex, household population aged 12 and over, Canada, provinces, territories, health regions (January 2000 boundaries) and peer groups"
13100559,105-0013,"Functional health status, by age group and sex, household population aged 12 years and over, Canada, provinces, territories, health regions (January 2000 boundaries) and peer groups"
13100560,105-0015,"Two-week disability days, by age group and sex, household population aged 12 and over, Canada, provinces, territories, health regions (January 2000 boundaries) and peer groups"
13100561,105-0016,"Unmet health care needs, by age group and sex, household population aged 12 and over, Canada, provinces, territories, health regions (January 2000 boundaries) and peer groups"
13100562,105-0017,"Activity limitation, by age group and sex, household population aged 12 and over, Canada, provinces, territories, health regions (January 2000 boundaries) and peer groups"
13100563,105-0018,"Injuries causing limitation of normal activities, by age group and sex, household population aged 12 and over, Canada, provinces, territories, health regions (January 2000 boundaries) and peer groups"
13100564,105-0019,"Self-esteem, by age group and sex, household population aged 12 and over, selected provinces, territories and health regions (January 2000 boundaries)"
13100565,105-0022,"Self-rated health, by age group and sex, household population aged 12 and over, Canada, provinces, territories, health regions (January 2000 boundaries) and peer groups"
13100566,105-0023,"Feeling of mastery, by age group and sex, household population aged 12 and over, selected provinces, territories and health regions (January 2000 boundaries)"
13100567,105-0027,"Smoking, by age group and sex, household population aged 12 and over, Canada, provinces, territories, health regions (January 2000 boundaries) and peer groups"
13100568,105-0030,"Alcohol dependence, by age group and sex, household population aged 12 and over, Canada, provinces, territories, health regions (January 2000 boundaries) and peer groups"
13100569,105-0032,"Sedentary activities, by age group and sex, household population aged 12 and over, selected provinces, territories and health regions (January 2000 boundaries)"
13100570,105-0033,"Leisure-time physical activity, by age group and sex, household population aged 12 and over, Canada, provinces, territories, health regions (January 2000 boundaries) and peer groups"
13100571,105-0034,"Changes made to improve health, by age group and sex, household population aged 12 and over, selected provinces, territories and health regions (January 2000 boundaries)"
13100572,105-0035,"Decision latitude at work, by age group and sex, household population aged 15 to 74, selected provinces and health regions (January 2000 boundaries)"
13100573,105-0036,"Home care utilization, by age group and sex, household population aged 18 and over, selected provinces, territories and health regions (January 2000 boundaries)"
13100574,105-0038,"Life stress, by age group and sex, household population aged 18 and over, Canada, provinces, territories, health regions (January 2000 boundaries) and peer groups"
13100575,105-0040,"Social support, by age group and sex, household population aged 12 and over, selected provinces, territories and health regions (January 2000 boundaries)"
13100576,105-0042,"Pap smear, by age group, women aged 18 to 69 years, Canada, provinces, territories, health regions (January 2000 boundaries) and peer groups"
13100577,105-0043,"Mammogram obtained within the previous two years, by age group, women aged 50 to 69 years, Canada, provinces, territories, health regions (January 2000 boundaries) and peer groups"
13100578,105-0045,"Influenza immunization, by age group and sex, household population aged 12 and over, Canada, provinces, territories and selected health regions (January 2000 boundaries)"
13100579,105-0046,"Males who reported having a prostate-specific antigen (PSA) test, by age group, household population aged 40 and over, Canada, provinces, territories, health regions (January 2000 boundaries) and peer groups"
13100580,105-0048,"Condom use, by age group and sex, household population aged 15 to 59, selected provinces, territories and health regions (January 2000 boundaries)"
13100581,105-0049,"Dietary practices, by age group and sex, household population aged 12 and over, Canada, provinces, territories, health regions (January 2000 boundaries) and peer groups"
13100582,105-0052,"Smoking initiation (average age), by age group and sex, household population aged 12 and over, smokers and former smokers, Canada, provinces, territories, health regions (January 2000 boundaries) and peer groups"
13100583,105-0053,"Exposure to second-hand smoke (ETS), by age group and sex, non-smoking population aged 12 and over, Canada, provinces, territories, health regions (January 2000 boundaries) and peer groups"
13100584,105-0054,"Use of alternative tobacco products, by age group and sex, household population aged 12 and over, Canada, provinces, territories, health regions (January 2000 boundaries) and peer groups"
13100585,105-0055,"Smoking cessation aids, by age group and sex, household population aged 12 and over, selected provinces, territories and health regions (January 2000 boundaries)"
13100586,105-0061,"Contact with medical doctors, by age group and sex, household population aged 12 and over, Canada, provinces, territories, health regions (January 2000 boundaries) and peer groups"
13100587,105-0063,"Contact with health professionals about mental health, by age group and sex, household population aged 12 and over, Canada, provinces, territories, health regions (January 2000 boundaries) and peer groups"
13100588,105-0064,"Physical check-up, by age group and sex, household population aged 12 and over, selected health regions (January 2000 boundaries)"
13100589,105-0065,"Eye examinations, by age group and sex, household population aged 12 and over, selected health regions (January 2000 boundaries)"
13100590,105-0066,"Dental visits, by age group and sex, household population aged 12 and over, selected provinces, territories and health regions (January 2000 boundaries)"
13100591,105-0067,"Breast examinations, by age group, females aged 18 and over, selected provinces and health regions (January 2000 boundaries)"
13100592,105-0068,"Breast self-examinations, by age group, females aged 18 and over, selected provinces, territories and health regions (January 2000 boundaries)"
13100593,105-0071,"Level of distress, by age group and sex, household population aged 12 and over, selected provinces and health regions (January 2000 boundaries)"
13100594,105-0072,"Mood, by age group and sex, household population aged 12 and over, selected provinces and health regions (January 2000 boundaries)"
13100595,105-0080,"Patient satisfaction with any health care services received in past 12 months, by age group and sex, household population aged 15 and over, Canadian Community Health Survey cycle 1.1, Canada, provinces and territories"
13100596,105-0082,"Patient satisfaction with most recent family doctor or other physician care received in past 12 months, by age group and sex, household population aged 15 and over, Canadian Community Health Survey cycle 1.1, Canada, provinces and territories"
13100597,105-0083,"Patient satisfaction with community-based health care received in past 12 months, by age group and sex, household population aged 15 and over, Canadian Community Health Survey cycle 1.1, Canada, provinces and territories"
13100598,105-0100,"Canadian Community Health Survey (CCHS 1.1) indicator profile, by sex, Canada, provinces, territories, health regions (January 2000 boundaries) and peer groups"
13100599,105-0112,"Canadian Community Health Survey (CCHS 1.1 and 2.1) off-reserve Aboriginal profile, by sex, Canada, provinces and territories"
13100600,105-0114,"Canadian Community Health Survey (CCHS 1.1) urban-rural profile, by sex, Canada, provinces and territories"
13100601,105-0121,"Canadian Community Health Survey (CCHS 1.1) indicator profile, by sex, Canada, provinces, territories and census metropolitan areas"
13100602,,Regular participation in sports by sex and other demographic characteristics
13100603,105-0201,"Asthma, by age group and sex, household population aged 12 and over, Canada, provinces, territories, health regions (June 2003 boundaries) and peer groups"
13100604,105-0202,"Arthritis or rheumatism, by age group and sex, household population aged 12 and over, Canada, provinces, territories, health regions (June 2003 boundaries) and peer groups"
13100605,105-0203,"Pain or discomfort that affects activities, by age group and sex, household population aged 12 and over, Canadian Community Health Survey (CCHS 2.1 and 3.1), Canada, provinces and territories"
13100606,105-0204,"Pain or discomfort by severity, by age group and sex, household population aged 12 and over, Canadian Community Health Survey (CCHS 2.1 and 3.1), Canada, provinces and territories"
13100607,105-0205,"Probability of depression, by age group and sex, household population aged 12 and over, selected provinces, territories and health regions (June 2003 boundaries)"
13100608,105-0209,"Body mass index (BMI), by age group and sex, household population aged 18 and over excluding pregnant females, Canada, provinces, territories, health regions (June 2003 boundaries) and peer groups"
13100609,105-0210,"High blood pressure, by age group and sex, household population aged 12 and over, Canada, provinces, territories, health regions (June 2003 boundaries) and peer groups"
13100610,105-0211,"Diabetes, by age group and sex, household population aged 12 and over, Canada, provinces, territories, health regions (June 2003 boundaries) and peer groups"
13100611,105-0213,"Functional health status, by age group and sex, household population aged 12 years and over, Canadian Community Health Survey (CCHS 2.1 and 3.1), Canada, provinces and territories"
13100612,105-0215,"Two-week disability days, by age group and sex, household population aged 12 and over, Canada, provinces, territories, health regions (June 2003 boundaries) and peer groups"
13100613,105-0217,"Activity limitation, by age group and sex, household population aged 12 and over, Canada, provinces, territories, health regions (June 2003 boundaries) and peer groups"
13100614,105-0218,"Injuries causing limitation of normal activities, by age group and sex, household population aged 12 and over, Canada, provinces, territories, health regions (June 2003 boundaries) and peer groups"
13100615,105-0219,"Self-esteem, by age group and sex, household population aged 12 and over, selected provinces, territories and health regions (June 2003 boundaries)"
13100616,105-0222,"Self-rated health, by age group and sex, household population aged 12 and over, Canada, provinces, territories, health regions (June 2003 boundaries) and peer groups"
13100617,105-0227,"Smoking status, by age group and sex, household population aged 12 and over, Canada, provinces, territories, health regions (June 2003 boundaries) and peer groups"
13100618,105-0231,"Frequency of drinking in the past 12 months, by age group and sex, household population aged 12 and over who are current drinkers, Canada, provinces, territories, health regions (June 2003 boundaries) and peer groups"
13100619,,Mental health characteristics: Perceived need for mental health care
13100620,105-0238,"Life stress, by age group and sex, household population aged 18 and over, Canada, provinces, territories, health regions (June 2003 boundaries) and peer groups"
13100621,105-0240,"Social support, by age group and sex, household population aged 12 and over, selected provinces and health regions (June 2003 boundaries)"
13100622,105-0242,"Pap smear, by age group, females aged 18 to 69 years, Canada, provinces, territories, health regions (June 2003 boundaries) and peer groups"
13100623,105-0243,"Mammogram obtained within last 2 years, by age group, females aged 50 to 69 years, Canada, provinces, territories, health regions (June 2003 boundaries) and peer groups"
13100624,105-0249,"Dietary practices, by age group and sex, household population aged 12 and over, Canada, provinces, territories, health regions (June 2003 boundaries) and peer groups"
13100625,105-0252,"Smoking initiation (average age), by age group and sex, household population aged 12 and over, smokers and former smokers, Canada, provinces, territories, health regions (June 2003 boundaries) and peer groups"
13100626,105-0256,"Exposure to second-hand smoke at home, by age group and sex, non-smoking household population aged 12 and over, Canada, provinces, territories, health regions (June 2003 boundaries) and peer groups"
13100627,105-0257,"Exposure to second-hand smoke in vehicles and public places, by age group and sex, non-smoking household population aged 12 and over, Canada, provinces, territories, health regions (June 2003 boundaries) and peer groups"
13100628,105-0260,"Contact with dental professionals, by age group and sex, household population aged 12 and over, Canada, provinces, territories, health regions (June 2003 boundaries) and peer groups"
13100629,105-0261,"Contact with medical doctors, by age group and sex, household population aged 12 and over, Canada, provinces, territories, health regions (June 2003 boundaries) and peer groups"
13100630,105-0262,"Contact with alternative health care providers, by age group and sex, household population aged 12 and over, Canada, provinces, territories, health regions (June 2003 boundaries) and peer groups"
13100631,105-0263,"Contact with health professionals about mental health, by age group and sex, household population aged 12 and over, selected provinces, territories and health regions (June 2003 boundaries)"
13100632,105-0283,"Patient satisfaction with community-based health care received in the past 12 months, by age group and sex, household population aged 15 and over, Canadian Community Health Survey (CCHS 1.1, 2.1 and 3.1), Canada, provinces and territories"
13100633,105-0284,"Patient satisfaction with telephone health line services in the past 12 months, by age group and sex, household population aged 15 and over, (CCHS 2.1 and 3.1), Canada, provinces and territories"
13100634,105-0292,"Canadian Community Health Survey (CCHS 2.1) indicator profile, by sex, Canada, provinces, territories and census metropolitan areas"
13100635,105-0294,"Canadian Community Health Survey (CCHS 2.1) urban-rural profile, by sex, Canada, provinces and territories"
13100636,105-0322,"Self-rated health, by age group and sex, household population aged 12 and over, (CCHS 3.1, January to June 2005), Canada, provinces and health regions (June 2005 boundaries)"
13100637,105-0327,"Smoking status, by age group and sex, household population aged 12 and over, (CCHS 3.1, January to June 2005), Canada, provinces and health regions (June 2005 boundaries)"
13100638,105-0358,"Regular medical doctor, by age group and sex, household population aged 12 and over, (CCHS 3.1, January to June 2005), Canada, provinces and health regions (June 2005 boundaries)"
13100639,105-0390,"Sense of belonging to local community, by age group and sex, household population aged 12 and over, (CCHS 3.1, January to June 2005), Canada, provinces and health regions (June 2005 boundaries)"
13100640,105-0401,"Asthma, by age group and sex, household population aged 12 and over, Canada, provinces, territories, health regions (June 2005 boundaries) and peer groups"
13100641,105-0406,"Measured youth body mass index (BMI), by age group and sex, household population aged 12 to 17 excluding pregnant females, Canadian Community Health Survey (CCHS 3.1), Canada"
13100642,105-0407,"Measured adult body mass index (BMI), by age group and sex, household population aged 18 and over excluding pregnant females, Canadian Community Health Survey (CCHS 3.1), Canada"
13100643,105-0408,"Self-reported youth body mass index (BMI), by age group and sex, household population aged 12 to 17 excluding pregnant females, Canada, provinces, territories, health regions (June 2005 boundaries) and peer groups"
13100644,105-0409,"Self-reported adult body mass index (BMI), by age group and sex, household population aged 18 and over excluding pregnant females, Canada, provinces, territories, health regions (June 2005 boundaries) and peer groups"
13100645,105-0410,"High blood pressure, by age group and sex, household population aged 12 and over, Canada, provinces, territories, health regions (June 2005 boundaries) and peer groups"
13100646,105-0411,"Diabetes, by age group and sex, household population aged 12 and over, Canada, provinces, territories, health regions (June 2005 boundaries) and peer groups"
13100647,105-0415,"Two-week disability days, by age group and sex, household population aged 12 and over, Canada, provinces, territories, health regions (June 2005 boundaries) and peer groups"
13100648,105-0417,"Participation and activity limitation, by age group and sex, household population aged 12 and over, Canada, provinces, territories, health regions (June 2005 boundaries) and peer groups"
13100649,105-0418,"Injuries within the past 12 months causing limitation of normal activities, by age group and sex, household population aged 12 and over, Canada, provinces, territories, health regions (June 2005 boundaries) and peer groups"
13100650,105-0419,"Self-esteem, by age group and sex, household population aged 12 and over, selected provinces and health regions (June 2005 boundaries)"
13100651,105-0421,"Self-rated mental health, by age group and sex, household population aged 12 and over, Canada, provinces, territories, health regions (June 2005 boundaries) and peer groups"
13100652,105-0422,"Self-rated health, by age group and sex, household population aged 12 and over, Canada, provinces, territories, health regions (June 2005 boundaries) and peer groups"
13100653,105-0427,"Type of smoker, by age group and sex, household population aged 12 and over, Canada, provinces, territories, health regions (June 2005 boundaries) and peer groups"
13100654,105-0433,"Leisure-time physical activity, by age group and sex, household population aged 12 and over, Canada, provinces, territories, health regions (June 2005 boundaries) and peer groups"
13100656,105-0438,"Life stress, by age group and sex, household population aged 18 and over, Canada, provinces, territories, health regions (June 2005 boundaries) and peer groups"
13100657,105-0440,"Social support, by age group and sex, household population aged 12 and over, selected provinces, territories and health regions (June 2005 boundaries)"
13100658,105-0442,"Pap smear, by age group, females aged 18 to 69 years, Canada, provinces, territories, health regions (June 2005 boundaries) and peer groups"
13100659,105-0445,"Influenza immunization, by age group and sex, household population aged 12 and over, Canada, provinces, territories, health regions (June 2005 boundaries) and peer groups"
13100660,105-0449,"Fruit and vegetable consumption, by age group and sex, household population aged 12 and over, Canada, provinces, territories and selected health regions (June 2005 boundaries)"
13100661,105-0452,"Smoking initiation, by age group and sex, household population aged 12 and over, smokers and former smokers, Canada, provinces, territories, health regions (June 2005 boundaries) and peer groups"
13100662,105-0458,"Regular medical doctor, by age group and sex, household population aged 12 and over, Canada, provinces, territories, health regions (June 2005 boundaries) and peer groups"
13100663,105-0460,"Contact with dental professionals in the past 12 months, by age group and sex, household population aged 12 and over, Canada, provinces, territories, health regions (June 2005 boundaries) and peer groups"
13100664,105-0461,"Contact with medical doctors in the past 12 months, by age group and sex, household population aged 12 and over, Canada, provinces, territories, health regions (June 2005 boundaries) and peer groups"
13100665,105-0462,"Contact with alternative health care providers in the past 12 months, by age group and sex, household population aged 12 and over, Canada, provinces, territories, health regions (June 2005 boundaries) and peer groups"
13100666,105-0463,"Contact with health professionals about mental health in the past 12 months, by age group and sex, household population aged 12 and over, selected provinces and health regions (June 2005 boundaries)"
13100667,105-0490,"Sense of belonging to local community, by age group and sex, household population aged 12 and over, Canada, provinces, territories, health regions (June 2005 boundaries) and peer groups"
13100668,105-0491,"Canadian Community Health Survey (CCHS 3.1) off-reserve Aboriginal profile, by sex, Canada, provinces and territories"
13100669,105-0492,"Canadian Community Health Survey (CCHS 3.1) indicator profile, by sex, Canada, provinces, territories, census metropolitan areas and influence zones"
13100670,105-3006,"Barriers to accessing specialist visits for a new illness or condition, household population aged 15 and over, Canada"
13100671,105-3007,"Type of barrier to accessing specialist visits for a new illness or condition, household population aged 15 and over, Canada"
13100672,105-3008,"Barriers to accessing non-emergency surgeries, household population aged 15 and over, Canada"
13100673,105-3009,"Type of barrier to accessing non-emergency surgeries, household population aged 15 and over, Canada"
13100674,105-3010,"Barriers to accessing selected diagnostic tests, household population aged 15 and over, Canada"
13100675,105-3011,"Type of barrier to accessing selected diagnostic tests, household population aged 15 and over, Canada"
13100676,105-3012,"Acceptability of waiting times for specialized services, by type of service, household population aged 15 and over, Canada"
13100677,105-3013,"Affected by waiting for specialized services, by type of service, household population aged 15 and over, Canada"
13100678,105-3014,"Type of effect due to waiting for specialized services, by type of service, household population aged 15 and over, Canada"
13100679,105-3015,"Population who needed health information or advice, by time of day, household population aged 15 and over, Canada"
13100680,105-3016,"Health care settings most often contacted for health information or advice, by time of day, household population aged 15 and over, Canada"
13100681,105-3017,"Reporting difficulties accessing first contact services, by type of service and time of day, household population aged 15 and over, Canada"
13100682,105-3018,"Type of barrier to accessing health information or advice, by time of day, household population aged 15 and over, Canada"
13100683,105-3019,"Type of barrier to accessing routine or on-going care, by time of day, household population aged 15 and over, Canada"
13100684,105-3020,"Type of barrier to accessing immediate care for a minor health problem, by time of day, household population aged 15 and over, Canada"
13100685,105-3025,"Quality of family physician care reported by those with a regular family physician, household population aged 15 and over, Canada and provinces"
13100686,105-3026,"Reasons for not having a regular family physician, household population aged 15 and over, Canada and provinces"
13100687,105-3027,"Barriers to accessing routine or on-going care, by time of day, household population aged 15 and over, Canada and provinces"
13100688,105-3028,"Barriers to accessing health information or advice, by time of day, household population aged 15 and over, Canada and provinces"
13100689,105-3029,"Barriers to accessing immediate care for a minor health problem, by time of day, household population aged 15 and over, Canada and provinces"
13100690,105-3030,"Self-reported unmet health care needs, by type of service, household population aged 15 and over, Canada and provinces"
13100691,105-3031,"Reasons for self-reported unmet needs for health information or advice, household population aged 15 and over, Canada"
13100692,105-3032,"Reasons for self-reported unmet needs for health care services, household population aged 15 and over, Canada"
13100693,105-3034,"Settings for which individuals reported unmet needs for health information or advice or health care services, household population aged 15 and over, Canada"
13100694,105-3035,"Settings most often contacted for routine or on-going care, by time of day, household population aged 15 and over, Canada"
13100695,105-3036,"Median waiting times for specialized services, by type of service and reported acceptability, household population aged 15 and over, Canada"
13100696,105-3037,"Felt waiting times affected their life, by type of service and self-reported acceptability of waiting time, household population aged 15 and over, Canada"
13100697,105-3038,"Distribution of waiting times for non-emergency surgeries, by type of surgery, household population aged 15 and over, Canada"
13100698,105-3039,"Access to first contact services, by type of service, household population aged 15 and over, Canada"
13100699,105-3040,"Access to specialized services, by type of service, household population aged 15 and over, Canada"
13100700,105-3041,"Access to first contact services, household population aged 15 and over, Canada and provinces"
13100701,105-3042,"Waiting times at selected percentiles for specialized services, by type of service, household population aged 15 and over, Canada"
13100702,105-3046,"Population who needed routine or on-going care, by time of day, household population aged 15 and over, Canada"
13100703,105-4005,"Probability of depression, by sex, household population aged 12 and over, Canada, provinces and territories"
13100704,105-4059,"Contact with telephone health line, by sex, household population aged 15 and over, Canada, provinces and territories"
13100705,105-4083,"Patient satisfaction with community-based health care received in past 12 months, by sex, household population aged 15 and over, Canada, provinces and territories"
13100706,105-4084,"Patient satisfaction with telephone health line services in past 12 months, by sex, household population aged 15 and over, Canada, provinces and territories"
13100707,102-0501,"Deaths, by place of residence and place of occurrence"
13100708,102-0502,"Deaths, by month"
13100709,102-0503,"Deaths, by age group and sex"
13100710,102-0504,"Mortality rates, by age group"
13100711,102-0505,"Deaths, by marital status"
13100712,102-0506,"Infant deaths and mortality rates, by sex"
13100713,102-0507,"Infant deaths and mortality rates, by age group"
13100714,102-0508,Perinatal mortality (late fetal deaths and early neonatal deaths)
13100715,102-0509,"Deaths, by place of death (hospital or non-hospital)"
13100716,102-0510,Deaths subject to autopsy
13100730,,"Labour force status for persons with disabilities aged 25 to 64 years, by disability type (grouped)"
13100731,115-0024,Total income for adults with disabilities
13100732,115-0025,Old age security pension and guaranteed income supplement income for adults with disabilities
13100733,115-0026,Canada and Quebec pension plan benefits for adults with disabilities
13100734,115-0027,Employment insurance benefits for adults with disabilities
13100735,115-0028,Child tax benefits for adults with disabilities
13100736,115-0029,Other government income for adults with disabilities
13100737,115-0030,Employment income for adults with disabilities
13100738,115-0031,Investment income for adults with disabilities
13100739,115-0032,Retirement income for adults with disabilities
13100740,,"Potential to work for persons with disabilities aged 25 to 64 years, by sex, inactive"
13100741,102-4314,"Mortality and potential years of life lost, by selected causes of death and sex, three-year average, census metropolitan areas occasional (number)"
13100742,102-4313,"Mortality and potential years of life lost, by selected causes of death and sex, three-year average, Canada, provinces, territories, health regions and peer groups occasional (number)"
13100743,102-4315,"Premature and potentially avoidable mortality, three-year period, Canada, provinces, territories, health regions and peer groups"
13100744,102-4316,"Premature and potentially avoidable mortality, Canada, provinces and territories"
13100745,102-4317,"Birth-related indicators (low and high birth weight, small and large for gestational age, pre-term births), by sex, three-year period, health regions and peer groups"
13100746,102-4318,"Birth-related indicators (low and high birth weight, small and large for gestational age, pre-term births), by sex, three-year period, Canada, provinces, territories, census metropolitan areas and metropolitan influence zones"
13100747,103-0554,"Number of new cases and age-standardized rates of primary cancer, by cancer type and sex"
13100748,117-1022,"Distribution of the household population by measured hearing loss - American Speech-Language-Hearing Association (ASHA) guidelines, by sex and age group"
13100749,,"Workplace accommodations for employed persons with disabilities aged 25 to 64 years, by sex"
13100750,,"Persons with and without disabilities aged 15 years and over, census metropolitan areas"
13100751,,"Number of prevalent cases and prevalence proportions of primary cancer, by prevalence duration, cancer type, attained age group and sex"
13100752,,"Occupations of persons with and without disabilities aged 25 to 64 years, by sex"
13100753,,"Premature and potentially avoidable mortality, three-year period, Canada, provinces, territories, health regions (2018 boundaries) and peer groups"
13100754,,Distribution of household population by vision status
13100755,,Distribution of the household population by physical fitness classification
13100756,,Number of maternal deaths and maternal mortality rates for selected causes
13100757,,"Industry of employment for persons with and without disabilities aged 25 to 64 years, by sex"
13100759,,"Five-year mortality, by income quintile and sex"
13100760,,Five-year mortality by educational attainment and sex
13100761,,"Number and rates of new primary cancer cases, by stage at diagnosis, selected cancer type, age group and sex"
13100762,,"Number of new cases and age-standardized rates of primary cancer, by stage at diagnosis, selected cancer type and sex"
13100763,,"Health characteristics of children and youth aged 1 to 17 years, Canadian Health Survey on Children and Youth 2019"
13100764,,"Functional difficulties for children aged 2 to 4 years, Canadian Health Survey on Children and Youth 2019"
13100765,,"Functional difficulties for children aged 5 to 17 years, Canadian Health Survey on Children and Youth 2019"
13100768,,"Provisional weekly death counts, by age group and sex"
13100769,105-2018,"Percentage of total energy intake from fat, by dietary reference intake age-sex group, household population aged 1 and over, Canadian Community Health Survey (CCHS) - Nutrition, Canada and provinces"
13100770,105-2017,"Percentage of total energy intake from carbohydrates, by dietary reference intake age-sex group, household population aged 1 and over, Canadian Community Health Survey (CCHS) - Nutrition, Canada and provinces"
13100771,105-2019,"Percentage of total energy intake from protein, by dietary reference intake age-sex group, household population aged 1 and over, Canadian Community Health Survey (CCHS) - Nutrition, Canada and provinces"
13100772,105-2020,"Total energy intake from foods, by dietary reference intake age-sex group, household population aged 1 and over, Canadian Community Health Survey (CCHS) - Nutrition, Canada and provinces"
13100773,105-2021,"Nutritional supplements - past month consumption, by age group and sex, household population aged 1 and over, Canadian Community Health Survey (CCHS) - Nutrition, Canada and provinces"
13100776,102-0523,"Deaths, by cause, Chapter III: Diseases of the blood and blood-forming organs and certain disorders involving the immune mechanism (D50 to D89)"
13100777,,"Number and percentage of adults (aged 18 years and older) in the household population with underlying health conditions, by age and sex (two-year period)"
13100778,,"Number and percentage of adults (aged 18 years and older) in the household population with at least one underlying health condition, by sex and other characteristics (two-year period)"
13100779,,"Death counts, by week, inactive"
13100780,102-0528,"Deaths, by cause, Chapter VIII: Diseases of the ear and mastoid process (H60 to H95)"
13100782,102-0530,"Deaths, by cause, Chapter X: Diseases of the respiratory system (J00 to J99)"
13100783,,Previous releases and revisions to provisional weekly death counts
13100784,,"Provisional weekly estimates of the number of deaths, expected number of deaths and excess mortality, inactive"
13100785,,"Selected grouped causes of death, by month, inactive"
13100786,,Personal protective equipment demand and supply
13100787,,Personal protective equipment business needs
13100788,,"Chronic conditions among seniors aged 65 and older, Canadian Health Survey on Seniors"
13100789,,"Health characteristics of seniors aged 65 and over, Canadian Health Survey on Seniors"
13100790,,"Predicted age-standardized and all ages five-year net survival estimates for selected primary types of cancer, by sex, three years combined"
13100791,,"Predicted age-specific five-year net survival estimates for selected primary types of cancer, by sex, three years of cases"
13100792,,"Provisional weekly estimates of the number of deaths, expected number of deaths and excess mortality, by age group and sex, inactive"
13100793,105-2022,"Types of nutrients from nutritional supplements - consumed in the past month, by age group and sex, household population aged 1 and over, Canadian Community Health Survey (CCHS) - Nutrition, Canada"
13100794,105-2023,"Measured adult body mass index (BMI) (World Health Organization classification), by age group and sex, Canada and provinces, Canadian Community Health Survey - Nutrition"
13100795,105-2024,"Measured children and youth body mass index (BMI) (World Health Organization classification), by age group and sex, Canada and provinces, Canadian Community Health Survey - Nutrition"
13100796,105-2025,"Measured children body mass index (BMI) (World Health Organization classification), by age group and sex, Canada and provinces, Canadian Community Health Survey - Nutrition"
13100797,105-2026,"Measured children and youth body mass index (BMI) (Cole classification), by age group and sex, Canada and provinces, Canadian Community Health Survey - Nutrition"
13100798,105-2027,"Children's participation in physical activities, in hours per week, by sex, household population aged 6 to 17, 2015 Canadian Community Health Survey - Nutrition, Canada and provinces"
13100799,105-2028,"Children's screen time, 2 hours per day or less, by sex, household population aged 6 to 17, 2015 Canadian Community Health Survey - Nutrition, Canada and provinces"
13100800,102-0553,"Deaths and mortality rate (age standardization using 2011 population), by selected grouped causes"
13100801,102-0564,"Leading causes of death, total population (age standardization using 2011 population)"
13100802,105-0510,Mental health characteristics: Ability to handle stress and sources of stress
13100803,117-0024,"Volatile organic compound measures of the household population, by sex and age group"
13100804,117-0026,Volatile organic compound levels measured in household tap water
13100805,105-0593,"Health characteristics, two-year period estimates, census metropolitan areas and population centres"
13100806,,"Canadians' health and COVID-19, by age and gender, inactive"
13100809,,"Canadians' health and COVID-19, by region, age, gender and other characteristics, inactive"
13100810,,"Provisional weekly death counts, by selected grouped causes of death"
13100811,,Internet use for persons with disabilities aged 15 years and over
13100812,,"Internet use for persons with disabilities aged 15 years and over, by age group and sex"
13100813,,"Reasons for not using the Internet for persons with disabilities, aged 15 years and over, by sex"
13100814,,"Internet use for persons with disabilities aged 15 years and over, by location and age group"
13100815,,Selected socio-demographic and health indicators to better understand the impact of school closures during the COVID-19 pandemic on children (various reference periods)
13100816,,"Selected mental health, economic and education indicators to better understand the impact of school closures during the COVID-19 pandemic on children (various reference periods)"
13100817,,"Socioeconomic characteristics of the lesbian, gay and bisexual population, 2015-2018"
13100818,,"SARS-CoV-2 antibody seroprevalence in Canadians, by age group and sex, November 2020 to April 2021"
13100819,,"Accessibility barriers experienced when interacting with federal sector organizations among persons with disabilities, difficulties or long-term health conditions"
13100820,,"Drug metabolites in wastewater in select Canadian cities, by month, 2019 and 2020"
13100821,,Household population meeting/not meeting the 2020 Canadian physical activity guidelines
13100822,,"Nursing and residential care facilities, establishment designation characteristics by industry, annual"
13100823,,"Nursing and residential care facilities, type of employee by industry and employee status, 2019"
13100824,,"Nursing and residential care facilities, annual hours worked by type of employee and industry, 2019"
13100825,,"Nursing and residential care facilities, type of service offered by industry, 2019"
13100826,,"Nursing and residential care facilities, resident days and beds by industry and sector, annual"
13100827,,Bone health measures of the household population
13100828,,"Nursing and residential care facilities, total residents by industry, annual"
13100829,,"Nursing and residential care facilities, residents by gender and age by industry, annual"
13100830,,"Accessibility barriers experienced when interacting with federal sector organizations among persons with disabilities, difficulties or long-term health conditions, by type of difficulty or long-term condition"
13100831,,"Accessibility barriers experienced when interacting with federal sector organizations among persons with disabilities, difficulties or long-term health conditions, by population characteristics"
13100832,,"Accessibility barriers experienced when interacting with federal sector organizations among persons with disabilities, difficulties or long-term health conditions, by age group and gender"
13100833,,"Death counts, age-standardized mortality rate per 100,000 people, and rate ratios for all-causes and selected causes of death by neighbourhood income quintile, Canada (excluding territories) and selected regions, 2020"
13100834,,Food insecurity by economic family type
13100835,,Food insecurity by selected demographic characteristics
13100836,,Unmet health care needs by sex and age group
13100837,,"Life expectancy and other elements of the complete life table, single-year estimates, Canada, all provinces except Prince Edward Island"
13100838,,COVID-19 Rapid Test kits demand and usage
13100839,,"Cancer mortality trends, by sex and cancer type"
13100840,,"Cancer incidence trends, by sex and cancer type"
13100841,,"Health indicators by groups designated as visible minorities and selected demographic characteristics, 2019-2020"
13100842,,"Health indicators by groups designated as visible minorities and selected sociodemographic characteristics, 2019-2020"
13100843,,Life satisfaction by gender and province
13100844,,Life satisfaction by gender and other selected sociodemographic characteristics
13100845,,Sense of meaning and purpose by gender and province
13100846,,Sense of meaning and purpose by gender and other selected sociodemographic characteristics
13100847,,Future outlook by gender and province
13100848,,Future outlook by gender and other selected sociodemographic characteristics
13100849,,"Chronic conditions among seniors aged 65 and older, Canadian Health Survey on Seniors, two-year period estimates"
13100850,,"Health characteristics of seniors aged 65 and over, Canadian Health Survey on Seniors, two-year period estimates"
13100852,,Select demographics and overdose characteristics of people who overdosed in Simcoe Muskoka between 2018 and 2019
13100853,,"System contacts among people who overdosed in Simcoe Muskoka between 2018 and 2019, by sex and overdose status"
13100854,,"Characteristics of prior contacts with select health care systems among people who overdosed in Simcoe Muskoka between 2018 and 2019, by sex and overdose status"
13100855,,"Characteristics of prior contacts with police and criminal courts among people who overdosed in Simcoe Muskoka between 2018 and 2019, by sex and overdose status"
13100856,,"Income characteristics of people who overdosed in Simcoe Muskoka between 2018 and 2019, by sex and overdose status"
13100857,,Select socio-demographic characteristics of people who overdosed in Simcoe Muskoka between 2018 and 2019
13100858,,Dimensions of deprivation among people who overdosed in Simcoe Muskoka between 2018 and 2019
13100859,,"Nursing and residential care facilities, source of operating revenue by industry, annual"
13100860,,"Nursing and residential care facilities, type of employee by industry and employee status, annual"
13100861,,"Nursing and residential care facilities, annual hours worked by type of employee and industry, annual"
13100862,,"Nursing and residential care facilities, type of service offered by industry, annual"
13100863,,"Detailed information on cases of COVID-19, 2020-2024: 5-Dimensions (Aggregated data), Public Health Agency of Canada"
13100864,,"Detailed information on cases of COVID-19, 2020-2024: 4-Dimensions (Aggregated data), Public Health Agency of Canada"
13100865,,"Canadians' health and COVID-19, by region and select sociodemographic characteristics"
13100866,,"SARS-CoV-2 antibody seroprevalence from past infection, by region, sex and age group"
13100867,,"Long term COVID-19 symptoms among Canadian adults who self-reported a prior positive test or suspected SARS-CoV-2 infection, by sex and age group"
13100868,,"Self-reported positive COVID-19 tests and suspected infections in the adult Canadian population by region, sex and age group"
13100870,,Vaccine coverage estimates for recommended vaccines in children and pregnant women
13100871,,"Drug metabolites in wastewater in select Canadian cities, by month, 2022 to 2023"
13100872,,"Vitamin D status of Canadians, combined cycles, by age group and sex"
13100873,,"Diabetes prevalence, awareness, treatment and control, combined cycles, by age group and sex, Canada (excluding territories)"
13100874,,"Socioeconomic characteristics of the 2SLGBTQ&#43; population, 2019 to 2021"
13100875,,"Socioeconomic characteristics of the transgender and non-binary population, 2019 to 2021"
13100876,,"Socioeconomic characteristics of the LGB&#43; population, 2019 to 2021"
13100877,,"Dental insurance coverage and dental visits, by age group and gender"
13100878,,"Dental insurance coverage and dental visits, by adjusted family net income quintile"
13100879,,"Provisional weekly age-standardized mortality rates, by sex"
13100880,,"Health indicators by visible minority and selected sociodemographic characteristics: Canada excluding territories, annual estimates"
13100881,,"Health indicators by visible minority and selected sociodemographic characteristics: Canada and geographical regions of Canada excluding territories, annual estimates"
13100882,,"Employment by type of work for persons with disabilities aged 15 years and over, by age group and gender"
13100883,,"Employment by class of worker for persons with disabilities, aged 15 years and over, by age group and gender"
13100884,,"Employment by union status for persons with disabilities, aged 15 years and over, by age group and gender"
13100885,,"Workplace training for persons with disabilities, aged 15 years and over, by age group and gender"
13100886,,"Difficulty changing jobs or advancing at present job due to condition, for persons with disabilities aged 15 years and over, by age group and gender"
13100887,,"Reasons for not asking for workplace accommodations for persons with disabilities, aged 15 years and over, by age group and gender"
13100888,,"Reasons for difficulty in finding work for persons with disabilities, aged 15 years and over, by age group and gender"
13100889,,"Internet use for personal use for persons with disabilities, aged 15 years and over, by age group and gender"
13100890,,"Perceived qualification level for current job for persons with disabilities, aged 15 years and over, by age group and gender"
13100891,,"Reasons for not looking for work for persons with disabilities, aged 15 years and over"
13100892,,Part-time work for persons with disabilities aged 15 years and over by reason and age group
13100893,,"Youth not in employment, education, or training for persons with disabilities aged 15 to 29 years by gender"
13100894,,Requirements for and level of needs met for educational accommodations or modifications for persons with disabilities
13100895,,Work potential for persons with disabilities by age group and gender
13100896,,Level of needs met for workplace accommodations for employed persons with disabilities by age group and gender
13100897,,"Use of information and communication technology-related assistive aids, devices, or technologies for persons with disabilities by age group and gender"
13100898,,"Level of needs met for information and communication technology-related assistive aids, devices, or technologies for persons with disabilities by age group and gender"
13100899,,"Barriers to accessibility for persons with disabilities aged 15 years and over, by disability type, age group and gender"
13100900,,"Barriers to accessibility for persons with disabilities aged 15 years and over, by disability severity, age group and gender"
13100901,,"Presence of barriers to accessibility for persons with disabilities aged 15 years and over, by province and territory"
13100902,,"Changes in functional difficulties among children and youth between 2019 and 2023, Canadian Health Survey of Children and youth, 2023 Longitudinal sample"
13100903,,"Selected indicators of dental visits, by age group and gender"
13100904,,"Changes in the health characteristics of youth between 2019 and 2023, Canadian Health Survey of Children and youth, 2023 Longitudinal sample"
13100905,,"Health indicator statistics, annual estimates"
13100906,,"Health indicator statistics, annual estimates, by household income quintile and highest level of education"
13100907,,"Oral health care providers, service type by provider type"
13100908,,"Oral health care providers, job vacancies, jobs occupied, and job vacancy rate by provider type"
13100909,,"Oral health care providers, service options offered by provider type"
13100910,,"Oral health care providers, capacity to accommodate special needs, by provider type"
13100911,,"Oral health care providers, barriers to accommodate special needs by provider type"
13100912,,"Oral health care providers, number of active patients seen within the last 12 months, insurance arrangements by provider type"
13100913,,"Oral health care providers, operational characteristics by provider type"
13100914,,"Oral health care providers, claims processing methods by provider type"
13100915,,"Oral health care providers, billing practices by provider type"
13100916,,"Oral health care providers, average time from booking to appointment for existing and new patients, by provider type"
13100917,,"Oral health care providers, number of patient visits in an average week, by provider type"
13100918,,"Oral health care providers, human resources challenges, and operational challenges, by provider type"
13100919,,"Oral health care providers, operational intentions by provider type"
13100920,,"Selected indicators of dental insurance coverage, by age group and gender"
13100921,,"Selected indicators of self-perceived oral health status, by age group and gender"
13100924,,"Health indicators for First Nations people living off reserve, Métis and Inuit, by age group and sex, four-year period estimates"
13100925,,"Health indicators for the Inuit population, Canada and Inuit Nunangat, four-year period estimates"
13100926,,"Health indicators for First Nations people living off reserve, Métis and Inuit, by region and sex, two-year period estimates"
13100927,,"Barriers to accessibility in public spaces for persons with disabilities aged 15 years and over, by severity, age group and gender"
13100928,,"Barriers to accessibility related to programs and services for persons with disabilities aged 15 years and over, by severity, age group and gender"
13100929,,"Barriers to accessibility related to communication for persons with disabilities aged 15 years and over, by severity, age group and gender"
13100930,,Mental health indicators by population group
13100932,,"Deaths and mortality rate (age standardization using 2021 population), by selected grouped causes"
13100933,,"Leading causes of death, total population (age standardization using 2021 population)"
13100934,,"Labour market-related barriers to accessibility among persons with disabilities or long-term conditions aged 15 to 64 years, Canada, 2024"
13100935,,"Work-related barriers to accessibility among employed persons with disabilities or long-term conditions aged 15 to 64 years, Canada, 2024"
13100936,,"Barriers to accessibility encountered by persons with disabilities or long-term conditions related to hardware or software on mobile or smartphone, aged 15 years and over, Canada, 2024"
13100937,,"Barriers to accessibility encountered by persons with disabilities or long-term conditions related to hardware or software on other devices excluding mobile or smartphone, aged 15 years and over, Canada, 2024"
13100938,,"Barriers to accessibility when accessing the Internet encountered by persons with disabilities or long-term conditions, aged 15 years and over, Canada, 2024"
13100939,,"Barriers to accessibility encountered by persons with disabilities or long-term conditions related to activities while using technological devices, aged 15 years and over, Canada, 2024"
13100940,,"Self-serve interactive technology-related barriers to accessibility encountered by persons with disabilities or long-term conditions, aged 15 years and over, Canada, 2024"
13100941,,"Television or radio-related barriers to accessibility encountered by persons with disabilities or long-term conditions, aged 15 years and over, Canada, 2024"
13100942,,"Barriers to accessibility encountered by persons with disabilities or long-term conditions when watching or listening to online content, aged 15 years and over, Canada, 2024"
13100943,,"Barriers to accessibility encountered by persons with disabilities or long-term conditions related to support services for television or mobile or smartphone, aged 15 years and over, Canada, 2024"
13100944,,"Occupations of persons with and without disabilities aged 25 to 64 years, by gender"
13100945,,"Industry of employment for persons with and without disabilities aged 25 to 64 years, by gender"
13100947,,"Health indicator statistics for children and youth aged 1 to 17 years, parent reported"
13100948,,"Health indicator statistics for youth aged 12 to 17 years, youth reported"
13100949,,"Health indicator statistics for children and youth aged 1 to 17 years, parent reported, by household income quintile and highest level of parental education"
13100950,,"Health indicator statistics for youth aged 12 to 17 years, youth reported, by household income quintile and highest level of parental education"
13100951,,"Functional difficulties of children and youth aged 5 to 17 years, Canadian Health Survey on Children and Youth, 2023"
13100952,,"Functional difficulties of children aged 2 to 4 years, Canadian Health Survey on Children and Youth, 2023"
13100953,,"Amount billed to insured patients for select insured services at medical and diagnostic laboratories, by provincial insurance coverage"
13100954,,"Number of tests for select diagnostic services at medical and diagnostic laboratories, by type of billing and provincial insurance coverage"
14100001,285-0050,"Average full-time hourly wage paid and payroll employment by type of work, economic region and occupation"
14100002,280-0001,"Estimates of trusteed pension funds, quarterly"
14100003,280-0015,"Registered pension plans (RPPs) and members, by class of employees eligible for the plan, sector, type of plan and contributory status"
14100004,276-0003,"Employment insurance disqualifications and disentitlements, monthly, unadjusted for seasonality"
14100005,276-0004,"Employment insurance claims received by province and territory, monthly, seasonally adjusted"
14100006,276-0011,"Employment insurance coverage, monthly, unadjusted for seasonality"
14100007,276-0017,"Employment insurance benefit characteristics by class of worker, monthly, unadjusted for seasonality"
14100008,276-0018,"Employment insurance regular income benefit characteristics, monthly, seasonally adjusted"
14100009,276-0020,"Employment insurance beneficiaries by type of income benefits, monthly, unadjusted for seasonality"
14100010,276-0021,"Employment insurance beneficiaries by age group, monthly, unadjusted for seasonality"
14100011,276-0022,"Employment insurance beneficiaries (regular benefits) by province and territory, monthly, seasonally adjusted"
14100012,276-0033,"Employment insurance beneficiaries by census metropolitan category, monthly, unadjusted for seasonality, inactive"
14100013,276-0034,"Employment insurance beneficiaries (regular benefits) by census metropolitan category, monthly, seasonally adjusted, inactive"
14100014,276-0035,"Employment insurance beneficiaries by census division, monthly, unadjusted for seasonality, inactive"
14100015,276-0040,"Employment Insurance program (EI), beneficiaries receiving regular income benefits by province and National Occupational Classification for Statistics (NOC-S), unadjusted for seasonality, monthly"
14100016,276-0041,"Employment Insurance program (EI), beneficiaries receiving regular income benefits by province and National Occupational Classification for Statistics (NOC-S), seasonally adjusted, monthly"
14100017,282-0001,"Labour force characteristics by gender and detailed age group, monthly, unadjusted for seasonality"
14100018,282-0002,"Labour force characteristics by sex and detailed age group, annual, inactive"
14100019,282-0003,"Labour force characteristics by educational attainment, monthly, unadjusted for seasonality"
14100020,282-0004,"Unemployment rate, participation rate and employment rate by educational attainment, annual"
14100021,282-0005,"Unemployment rate, participation rate, and employment rate by type of student during school months, monthly, unadjusted for seasonality"
14100022,282-0007,"Labour force characteristics by industry, monthly, unadjusted for seasonality"
14100023,282-0008,"Labour force characteristics by industry, annual"
14100024,282-0009,"Labour force survey estimates (LFS), by National Occupational Classification for Statistics (NOC-S) and sex, unadjusted for seasonality"
14100025,282-0010,"Labour force survey estimates (LFS), by National Occupational Classification for Statistics (NOC-S) and sex, annual"
14100026,282-0011,"Employment by class of worker, monthly, unadjusted for seasonality"
14100027,282-0012,"Employment by class of worker, annual"
14100028,282-0013,"Part-time employment by reason, monthly, unadjusted for seasonality"
14100029,282-0014,"Part-time employment by reason, annual"
14100030,282-0015,"Usual hours worked by job type (main or all jobs), monthly, unadjusted for seasonality"
14100031,282-0016,"Usual hours worked by job type (main or all jobs), annual"
14100032,282-0017,"Actual hours worked by job type (main or all jobs), monthly, unadjusted for seasonality"
14100033,282-0018,"Actual hours worked by job type (main or all jobs), annual"
14100034,282-0019,"Usual hours worked by industry, monthly, unadjusted for seasonality"
14100035,282-0020,"Usual hours worked by industry, annual"
14100036,282-0021,"Actual hours worked by industry, monthly, unadjusted for seasonality"
14100037,282-0022,"Actual hours worked by industry, annual"
14100038,282-0023,"Labour force survey estimates (LFS), by usual hours worked, class of worker, National Occupational Classification for Statistics (NOC-S) and sex, unadjusted for seasonality"
14100039,282-0024,"Labour force survey estimates (LFS), by usual hours worked, class of worker, National Occupational Classification for Statistics (NOC-S) and sex, annual"
14100040,282-0025,"Labour force survey estimates (LFS), by actual hours worked, class of worker, National Occupational Classification for Statistics (NOC-S) and sex, unadjusted for seasonality"
14100041,282-0026,"Labour force survey estimates (LFS), by actual hours worked, class of worker, National Occupational Classification for Statistics (NOC-S) and sex, annual"
14100042,282-0027,"Average usual and actual hours worked in a reference week by type of work (full- and part-time), monthly, unadjusted for seasonality"
14100043,282-0028,"Average usual and actual hours worked in a reference week by type of work (full- and part-time), annual"
14100044,282-0031,"Multiple jobholders by industry, annual"
14100045,282-0032,"Multiple jobholders by industry, monthly, unadjusted for seasonality"
14100046,282-0033,"Labour force survey estimates (LFS), multiple jobholders by National Occupational Classification for Statistics (NOC-S), sex and age group, unadjusted for seasonality"
14100047,282-0034,"Labour force survey estimates (LFS), multiple jobholders by National Occupational Classification for Statistics (NOC-S), sex and age group, annual"
14100048,282-0035,"Multiple jobholders by usual hours worked at all jobs, monthly, unadjusted for seasonality"
14100049,282-0036,"Multiple jobholders by usual hours worked at all jobs, annual"
14100050,282-0037,"Job tenure by type of work (full- and part-time), monthly, unadjusted for seasonality"
14100051,282-0038,"Job tenure by type of work (full- and part-time), annual"
14100052,282-0039,"Labour force survey estimates (LFS), job tenure by National Occupational Classification for Statistics (NOC-S) and sex, unadjusted for seasonality"
14100053,282-0040,"Labour force survey estimates (LFS), job tenure by National Occupational Classification for Statistics (NOC-S) and sex, annual"
14100054,282-0041,"Job tenure by industry, monthly, unadjusted for seasonality"
14100055,282-0042,"Job tenure by industry, annual"
14100056,282-0047,"Duration of unemployment, monthly, unadjusted for seasonality, inactive"
14100057,282-0048,"Duration of unemployment, annual"
14100058,282-0049,"Unemployment by type of work sought and search method, monthly, unadjusted for seasonality"
14100059,282-0050,"Unemployment by type of work sought and search method, annual"
14100060,282-0051,"Retirement age by class of worker, annual"
14100061,282-0069,"Labour force survey estimates (LFS), wages of employees by type of work, National Occupational Classification for Statistics (NOC-S), sex and age group, unadjusted for seasonality"
14100062,282-0070,"Labour force survey estimates (LFS), wages of employees by type of work, National Occupational Classification for Statistics (NOC-S), sex and age group, annual"
14100063,282-0071,"Employee wages by industry, monthly, unadjusted for seasonality"
14100064,282-0072,"Employee wages by industry, annual"
14100065,282-0073,"Employee wages by job permanency and union coverage, monthly, unadjusted for seasonality"
14100066,282-0074,"Employee wages by job permanency and union coverage, annual"
14100067,282-0075,"Employment by establishment size, monthly, unadjusted for seasonality"
14100068,282-0076,"Employment by establishment size, annual"
14100069,282-0077,"Union coverage by industry, monthly, unadjusted for seasonality"
14100070,282-0078,"Union coverage by industry, annual"
14100071,282-0079,"Job permanency (permanent and temporary) by industry, monthly, unadjusted for seasonality"
14100072,282-0080,"Job permanency (permanent and temporary) by industry, annual"
14100073,282-0081,"Labour force survey estimates (LFS), employees working overtime (weekly) by National Occupational Classification for Statistics (NOC-S), sex and age group, unadjusted for seasonality"
14100074,282-0082,"Labour force survey estimates (LFS), employees working overtime (weekly) by National Occupational Classification for Statistics (NOC-S), sex and age group, annual"
14100075,282-0083,"Employees working overtime (weekly) by industry, monthly, unadjusted for seasonality"
14100076,282-0084,"Employees working overtime (weekly) by industry, annual"
14100077,282-0085,"Supplementary unemployment rates, monthly, unadjusted for seasonality"
14100078,282-0086,"Supplementary unemployment rates, annual"
14100079,109-0010,"Long-term unemployment rate, labour force aged 15 and over, Canada, provinces, territories and health regions, 1996"
14100080,285-0051,Average lowest and average highest full-time hourly wages paid at business locations by occupation
14100081,282-0095,"Unemployment rate, participation rate, and employment rate by type of student during school months, annual"
14100082,282-0101,"Labour force characteristics by immigrant status, three-month moving average, unadjusted for seasonality, inactive"
14100083,282-0102,"Labour force characteristics by immigrant status, annual, inactive"
14100084,282-0103,"Labour force characteristics of immigrants by sex and age group, three-month moving average, unadjusted for seasonality, inactive"
14100085,282-0104,"Labour force characteristics of immigrants by sex and age group, annual, inactive"
14100086,282-0105,"Labour force characteristics of immigrants by educational attainment, three-month moving average, unadjusted for seasonality"
14100087,282-0106,"Labour force characteristics of immigrants by educational attainment, annual"
14100088,282-0107,"Labour force characteristics of immigrants by country of birth, three-month moving average, unadjusted for seasonality, inactive"
14100089,282-0108,"Labour force characteristics of immigrants by country of birth, annual, inactive"
14100090,282-0123,"Labour force characteristics by province, territory and economic region, annual, inactive"
14100091,282-0124,"Employment by industry, three-month moving average, unadjusted for seasonality, provinces and economic regions, inactive"
14100092,282-0125,"Employment by industry, annual, provinces and economic regions, inactive"
14100093,282-0126,"Labour force survey estimates (LFS), employment by economic region based on 2011 Census boundaries and National Occupational Classification for Statistics (NOC-S), 3-month moving average, unadjusted for seasonality"
14100094,282-0127,"Labour force survey estimates (LFS), employment by economic region based on 2011 Census boundaries and National Occupational Classification for Statistics (NOC-S)"
14100095,282-0128,"Labour force characteristics by census metropolitan area, three-month moving average, unadjusted for seasonality, inactive"
14100096,282-0129,"Labour force characteristics by census metropolitan area, annual, inactive"
14100097,282-0130,"Employment by industry, three-month moving average, unadjusted for seasonality, census metropolitan areas, inactive"
14100098,282-0131,"Employment by industry, annual, census metropolitan areas, inactive"
14100099,282-0132,"Labour force survey estimates (LFS), employment by census metropolitan area based on 2011 Census boundaries and National Occupational Classification for Statistics (NOC-S), 3-month moving average, unadjusted for seasonality"
14100100,121-0007,"Job-family conflict by age group, sex and employment type, Canada, provinces and regions"
14100101,282-0133,"Labour force survey estimates (LFS), employment by census metropolitan area based on 2011 Census boundaries and National Occupational Classification for Statistics (NOC-S)"
14100102,282-0134,"Labour force characteristics by census agglomeration, annual, inactive"
14100103,285-0052,"Average full-time hourly wage paid and payroll employment by type of work, industry and occupation"
14100104,282-0165,"Employment by Indigenous group and occupation, inactive"
14100105,282-0137,"Employment and unemployment rate, monthly, unadjusted for seasonality, population centres and rural areas, inactive"
14100106,282-0138,"Employment and unemployment rate, annual, population centres and rural areas, inactive"
14100107,282-0139,"Employment by class of worker and industry, monthly, unadjusted for seasonality, population centres and rural areas, inactive"
14100108,282-0140,"Employment by class of worker and industry, annual, population centres and rural areas, inactive"
14100109,282-0200,"Weekly wage distributions by type of work, monthly, unadjusted for seasonality"
14100110,282-0201,"Weekly wage distributions by type of work, annual"
14100111,282-0202,"Labour force survey estimates (LFS), weekly wage distributions of employees by type of work, National Occupational Classification for Statistics (NOC-S), and sex, unadjusted for seasonality"
14100112,282-0203,"Labour force survey estimates (LFS), weekly wage distributions of employees by type of work, National Occupational Classification for Statistics (NOC-S), and sex, annual"
14100113,282-0204,"Hourly wage distributions by type of work, monthly, unadjusted for seasonality, inactive"
14100114,282-0205,"Hourly wage distributions by type of work, annual, inactive"
14100115,282-0206,"Labour force survey estimates (LFS), hourly wage distribution of employees by type of work, National Occupational Classification for Statistics (NOC-S), and sex, unadjusted for seasonality"
14100116,282-0207,"Labour force survey estimates (LFS), hourly wage distribution of employees by type of work, National Occupational Classification for Statistics (NOC-S), and sex, annual"
14100117,282-0208,"Labour force characteristics by educational degree, monthly, unadjusted for seasonality"
14100118,282-0209,"Labour force characteristics by educational degree, annual"
14100119,282-0210,"Labour force characteristics by family age composition, monthly, unadjusted for seasonality, inactive"
14100120,282-0211,"Labour force characteristics by family age composition, annual, inactive"
14100121,282-0212,"Hours lost by reason of absence, monthly, unadjusted for seasonality"
14100122,282-0213,"Hours lost by reason of absence, annual"
14100123,282-0214,"Activity prior to unemployment, monthly, unadjusted for seasonality"
14100124,282-0215,"Activity prior to unemployment, annual"
14100125,282-0216,"Reason for leaving job during previous year, monthly, unadjusted for seasonality"
14100126,282-0217,"Reason for leaving job during previous year, annual"
14100127,282-0218,"Reason for not looking for work, monthly, unadjusted for seasonality"
14100128,282-0219,"Reason for not looking for work, annual"
14100129,282-0220,Union status by geography
14100130,282-0221,Union status by education level
14100131,282-0222,"Labour Force Survey estimates (LFS), employees by union status and National Occupational Classification (NOC-S), Canada, annual"
14100132,282-0223,Union status by industry
14100133,282-0224,Union status by establishment size
14100134,282-0225,"Average weekly earnings, average hourly wage rate and average usual weekly hours by union status, annual"
14100137,,"Employment insurance beneficiaries by census metropolitan category, monthly, unadjusted for seasonality, inactive"
14100138,276-0001,"Employment Insurance Program (E.I.), income beneficiaries by province, type of income benefit, sex and age"
14100139,276-0002,"Employment Insurance Program (E.I.), beneficiaries receiving regular benefits without reported earnings by province and age group"
14100140,276-0032,"Employment Insurance Program (EI), beneficiaries by province, census division, total and regular income benefits, declared earnings, sex and age"
14100143,282-0052,"Labour force survey estimates (LFS), by census metropolitan area based on 2001 census boundaries, sex and age group, 3-month moving average, unadjusted for seasonality"
14100144,282-0053,"Labour force survey estimates (LFS), by census metropolitan area based on 2001 census boundaries, sex and age group"
14100145,282-0054,"Labour force survey estimates (LFS), by provinces and economic regions based on 2006 Census boundaries, 3-month moving average, unadjusted for seasonality"
14100146,282-0055,"Labour force survey estimates (LFS), by provinces, territories and economic regions based on 2006 Census boundaries"
14100147,282-0056,"Labour force survey estimates (LFS), employment by census metropolitan area based on 2001 census boundaries and North American Industry Classification System (NAICS), 3-month moving average, unadjusted for seasonality"
14100148,282-0057,"Labour force survey estimates (LFS), employment by census metropolitan area based on 2001 census boundaries and North American Industry Classification System (NAICS)"
14100149,282-0058,"Labour force survey estimates (LFS), employment by census metropolitan area based on 2001 census boundaries and National Occupational Classification for Statistics (NOC-S), 3-month moving average, unadjusted for seasonality"
14100150,282-0059,"Labour force survey estimates (LFS), employment by census metropolitan area based on 2001 census boundaries and National Occupational Classification for Statistics (NOC-S)"
14100151,282-0060,"Labour force survey estimates (LFS), employment by economic region and North American Industry Classification System (NAICS), 3-month moving average, unadjusted for seasonality"
14100152,282-0061,"Labour force survey estimates (LFS), employment by economic region and North American Industry Classification System (NAICS)"
14100153,282-0062,"Labour force survey estimates (LFS), employment by economic region and National Occupational Classification for Statistics (NOC-S), 3-month moving average, unadjusted for seasonality"
14100154,282-0063,"Labour force survey estimates (LFS), employment by economic region and National Occupational Classification for Statistics (NOC-S)"
14100155,282-0090,"Labour force survey estimates (LFS), by census metropolitan area based on 2001 census boundaries, 3-month moving average, seasonally adjusted and unadjusted"
14100156,282-0091,"Labour force survey estimates (LFS), by Montréal, Toronto and Vancouver census metropolitan areas based on 2001 census boundaries, seasonally adjusted and unadjusted"
14100157,282-0109,"Labour force survey estimates (LFS), by census metropolitan area based on 2006 census boundaries, sex and age group, 3-month moving average, unadjusted for seasonality"
14100158,282-0110,"Labour force survey estimates (LFS), by census metropolitan area based on 2006 census boundaries, sex and age group"
14100159,282-0111,"Labour force survey estimates (LFS), employment by census metropolitan area based on 2006 census boundaries and North American Industry Classification System (NAICS), 3-month moving average, unadjusted for seasonality"
14100160,282-0112,"Labour force survey estimates (LFS), employment by census metropolitan area based on 2006 census boundaries and North American Industry Classification System (NAICS)"
14100161,282-0113,"Labour force survey estimates (LFS), employment by census metropolitan area based on 2006 census boundaries and National Occupational Classification for Statistics (NOC-S), 3-month moving average, unadjusted for seasonality"
14100162,282-0114,"Labour force survey estimates (LFS), employment by census metropolitan area based on 2006 census boundaries and National Occupational Classification for Statistics (NOC-S)"
14100163,282-0115,"Labour force survey estimates (LFS), by selected census agglomerations based on 2006 census boundaries"
14100164,282-0116,"Labour force survey estimates (LFS), by census metropolitan area based on 2006 census boundaries, 3-month moving average, seasonally adjusted and unadjusted"
14100165,282-0117,"Labour force survey estimates (LFS), by Montréal, Toronto and Vancouver census metropolitan areas based on 2006 census boundaries, seasonally adjusted and unadjusted"
14100166,282-0118,"Labour force survey estimates (LFS), by urban and rural areas based on 2006 census boundaries, sex and age group, unadjusted for seasonality"
14100167,282-0119,"Labour force survey estimates (LFS), by urban and rural areas based on 2006 census boundaries, sex and age group"
14100168,282-0120,"Labour force survey estimates (LFS), employment by urban and rural areas based on 2006 census boundaries, class of worker and North American Industry Classification System (NAICS), unadjusted for seasonality"
14100169,282-0121,"Labour force survey estimates (LFS), employment by urban and rural areas based on 2006 census boundaries, class of worker and North American Industry Classification System (NAICS)"
14100170,276-0005,"Employment Insurance Program (E.I.), benefit payments by province and type of benefit"
14100171,276-0006,"Employment Insurance Program (E.I.), beneficiaries by province, 2001 census division and sex"
14100172,276-0007,"EmpIoyment Insurance Program (E.I.), earnings of employees contributing to employment insurance program by province and sex"
14100173,276-0008,"Employment Insurance Program (E.I.), beneficiaries by province, age group and sex"
14100174,276-0009,"Employment Insurance Program (E.I.), beneficiaries by province, census metropolitan areas, census agglomerations and sex"
14100175,276-0010,"Employment Insurance Program (E.I.), employees contributing and their contributions to employment insurance by province, age group and sex"
14100176,276-0012,"Employment Insurance Program, (E.I.), beneficiaries in Quebec by 1991 census division, beneficiary detail and sex"
14100177,276-0013,"Employment Insurance Program (E.I.), by province, type of benefit period and sex"
14100178,276-0014,"Employment Insurance Program (E.I.), by province, type of benefit period, age group and sex"
14100179,276-0015,"Employment Insurance Program (E.I.), weeks paid by province and type of benefit"
14100180,276-0016,"Employment Insurance Program (E.I.), average weekly payments by province and type of benefit"
14100181,276-0030,"Employment Insurance program (EI), beneficiaries by province, census metropolitan area, census agglomeration, total and regular income benefits, declared earnings, sex and age"
14100182,276-0031,"Employment Insurance program (EI), beneficiaries receiving regular income benefits by province, census metropolitan area and census agglomeration, seasonally adjusted"
14100183,282-0029,"Labour force survey estimates (LFS), average days lost for personal reasons per full-time employee by North American Industry Classification System (NAICS), sex and age group"
14100184,282-0030,"Labour force survey estimates (LFS), average days lost for personal reasons per full-time employee by National Occupational Classification for Statistics (NOC-S), sex and age group"
14100186,279-0024,"Number of unionized workers, employees and union density, by sex and industry based on the North American Industry Classification System (NAICS)"
14100187,279-0025,"Number of unionized workers, employees and union density, by sex and province"
14100188,279-0026,"Number of unionized workers, employees and union density, by sex and industry based on the Standard Industrial Classification, 1980 (SIC)"
14100189,281-0004,"Average hourly earnings and average weekly hours of employees paid by the hour, (SEPH), monthly"
14100190,279-0029,"Work absence of full-time employees by geography, annual, inactive"
14100191,279-0030,"Work absence of full-time employees by industry, annual"
14100192,279-0031,"Work absence statistics of full-time employees by sex and National Occupational Classification for Statistics (NOC-S), annual"
14100193,279-0032,"Work absence of full-time employees by age group, annual"
14100194,279-0033,"Work absence of full-time employees by gender and presence of children, annual"
14100195,279-0034,"Work absence of full-time employees by job tenure, annual"
14100196,279-0035,"Work absence of full-time employees by public and private sector, annual"
14100197,279-0036,"Work absence of full-time employees by educational attainment, annual"
14100198,279-0037,"Work absence of full-time employees by establishment size, annual"
14100199,279-0038,"Work absence of full-time employees by job permanency, annual"
14100200,279-0039,"Work absence of full-time employees by union coverage, annual"
14100201,281-0023,"Employment by industry, monthly, unadjusted for seasonality"
14100202,281-0024,"Employment by industry, annual"
14100203,281-0026,"Average weekly earnings by industry, monthly, unadjusted for seasonality"
14100204,281-0027,"Average weekly earnings by industry, annual"
14100205,281-0029,"Average hourly earnings for employees paid by the hour, by industry, monthly, unadjusted for seasonality"
14100206,281-0030,"Average hourly earnings for employees paid by the hour, by industry, annual"
14100207,121-0008,"Satisfaction with the balance between work and home by age group, sex and employment type, Canada, provinces and regions"
14100208,281-0033,"Average weekly hours for employees paid by the hour, by industry, annual"
14100209,281-0035,"Average hourly earnings (including overtime) for salaried employees, by industry, monthly, unadjusted for seasonality"
14100210,281-0036,"Average hourly earnings (including overtime) for salaried employees, by industry, annual"
14100211,281-0037,"Standard work week for salaried employees, by industry, monthly, unadjusted for seasonality"
14100212,281-0038,"Standard work week for salaried employees, by industry, annual"
14100213,281-0039,"Fixed weighted index of average hourly earnings for all employees, by industry, monthly"
14100214,281-0041,"Employment for all employees by enterprise size, quarterly, unadjusted for seasonality"
14100215,281-0042,"Employment for all employees by enterprise size, annual"
14100216,281-0043,"Average weekly earnings (including overtime) for all employees by enterprise size, quarterly, unadjusted for seasonality"
14100217,281-0044,"Average weekly earnings (including overtime) for all employees by enterprise size, annual"
14100218,281-0045,"Average weekly hours (including overtime) for employees paid by the hour, by enterprise size, quarterly, unadjusted for seasonality"
14100219,281-0046,"Average weekly hours (including overtime) for employees paid by the hour, by enterprise size, annual"
14100220,281-0047,"Employment and average weekly earnings (including overtime) for all employees by industry, monthly, seasonally adjusted, Canada"
14100221,281-0048,"Employment, average hourly and weekly earnings, and average weekly hours by industry, monthly, seasonally adjusted"
14100222,281-0049,"Employment, average hourly and weekly earnings (including overtime), and average weekly hours for the industrial aggregate excluding unclassified businesses, monthly, seasonally adjusted"
14100223,281-0063,"Employment and average weekly earnings (including overtime) for all employees by province and territory, monthly, seasonally adjusted"
14100224,284-0001,"Job vacancies, labour demand and job vacancy rate, three-month moving average, unadjusted for seasonality, inactive"
14100225,284-0002,"Job vacancies, labour demand and job vacancy rate, annual, inactive"
14100226,284-0003,"Job vacancies, unemployed and unemployment-to-job vacancies ratio, three-month moving average, unadjusted for seasonality, inactive"
14100227,284-0004,"Job vacancies, unemployed and unemployment-to-job vacancies ratio, annual, inactive"
14100228,281-0008,"Average hourly earnings and average weekly hours of employees paid by the hour, (SEPH), annual"
14100229,281-0013,"Employment index, industrial composite, by selected urban areas"
14100230,281-0014,"Average weekly earnings, industrial composite, by selected urban areas"
14100231,281-0016,"Wages and salaries, based on the 1948 Standard Industrial Classification (SIC)"
14100232,281-0017,"Wages and salaries, supplementary labour income, based on the 1948 Standard Industrial Classification (SIC)"
14100233,281-0018,"Average weekly earnings, (SEPH), by Standard Industrial Classification, 1960 (SIC)"
14100234,281-0019,"Average weekly wages and number of wage earners, (SEPH), by Standard Industrial Classification, 1960 (SIC)"
14100235,281-0020,"Employment indexes, (SEPH), by Standard Industrial Classification, 1960 (SIC)"
14100236,281-0021,"Average weekly earnings, all employees, (SEPH), by Standard Industrial Classification, 1960 (SIC)"
14100237,281-0022,"Average weekly hours and hourly earnings of hourly-rated wage earners, (SEPH), by Standard Industrial Classification, 1960 (SIC)"
14100238,281-0025,"Employment (SEPH), seasonally adjusted, for all employees for selected industries classified using the North American Industry Classification System (NAICS)"
14100240,281-0031,"Average hourly earnings for hourly-paid employees, including overtime (SEPH), seasonally adjusted, for selected industries classified using the North American Industry Classification System (NAICS)"
14100241,281-0034,"Average weekly hours for hourly-paid employees, including overtime (SEPH), seasonally adjusted, for selected industries classified using the North American Industry Classification System (NAICS)"
14100242,281-0050,"Employment (SEPH), unadjusted for seasonal variation, by type of employee for selected industries classified using the North American Industry Classification System (NAICS), monthly"
14100243,281-0051,"Employment (SEPH), unadjusted for seasonal variation, by type of employee for selected industries classified using the North American Industry Classification System (NAICS), annual"
14100244,281-0052,"Average weekly earnings (SEPH), unadjusted for seasonal variation, by type of employee for selected industries classified using the North American Industry Classification System (NAICS)"
14100245,281-0053,"Average weekly earnings (SEPH), by type of employee for selected industries classified using the North American Industry Classification System (NAICS)"
14100246,281-0054,"Average hourly earnings for employees paid by the hour (SEPH), unadjusted for seasonal variation, for selected industries classified using the North American Industry Classification System (NAICS)"
14100247,281-0055,"Average hourly earnings for employees paid by the hour (SEPH), for selected industries classified using the North American Industry Classification System (NAICS)"
14100248,281-0056,"Average weekly hours for employees paid by the hour (SEPH), unadjusted for seasonal variation, for selected industries classified using the North American Industry Classification System (NAICS)"
14100249,281-0057,"Average weekly hours for employees paid by the hour (SEPH), for selected industries classified using the North American Industry Classification System (NAICS)"
14100250,281-0058,"Average hourly earnings for salaried employees (paid a fixed salary) (SEPH), including overtime, unadjusted for seasonal variation, for selected industries classified using the North American Industry Classification System (NAICS)"
14100251,281-0059,"Average hourly earnings for salaried employees (paid a fixed salary) (SEPH), including overtime, for selected industries classified using the North American Industry Classification System (NAICS)"
14100252,281-0060,"Standard work week for salaried employees (paid a fixed salary) (SEPH), excluding overtime, unadjusted for seasonal variation, for selected industries classified using the North American Industry Classification System (NAICS)"
14100253,281-0061,"Standard work week for salaried employees (paid a fixed salary) (SEPH), excluding overtime, for selected industries classified using the North American Industry Classification System (NAICS)"
14100254,281-0062,"Fixed weighted index of average hourly earnings for all employees (SEPH), excluding overtime, unadjusted for seasonal variation, for selected industries classified using the North American Industry Classification System (NAICS)"
14100255,281-0032,"Average weekly hours for employees paid by the hour, by industry, monthly, unadjusted for seasonality"
14100256,281-0028,"Average weekly earnings (SEPH), including overtime, seasonally adjusted, for all employees, by selected industries classified using the North American Industry Classification System (NAICS)"
14100257,279-0027,"Union density, by sex, province and industry based on the Standard Industrial Classification, 1980 (SIC)"
14100258,279-0028,"Union density, by province and industry based on the Standard Industrial Classification, 1980 (SIC)"
14100259,281-0001,"Number of employees, (SEPH), by type of employee and Standard Industrial Classification, monthly, 1980 (SIC)"
14100260,281-0002,"Average weekly earnings of employees, monthly (SEPH)"
14100261,281-0006,"Average weekly earnings of employees, (SEPH)"
14100262,281-0009,"Fixed-weighted index of average hourly earnings, (SEPH)"
14100263,281-0012,"Percentage of industries showing year-over-year increases in employment and hours for selected industries, (SEPH)"
14100264,281-0015,"Estimates of employees, by industry"
14100265,281-0005,"Number of employees, (SEPH), by type of employee and Standard Industrial Classification, 1980 (SIC)"
14100266,281-0003,"Standard work week/hours (excluding overtime) of salaried employees, monthly (SEPH)"
14100267,281-0007,Standard work week/hours (excluding overtime) of salaried employees (SEPH)
14100268,278-0001,"Major wage settlements, by major industry division"
14100269,278-0002,"Major wage settlements, by jurisdiction"
14100270,278-0004,New settlements in collective bargaining units of 500 or more employees
14100271,278-0006,"Index, annual percentage and cents per hour increases in base rates under collective agreements covering bargaining units of 500 or more employees"
14100272,451-0006,"United States population and labor force, seasonally adjusted, monthly"
14100273,451-0011,"United States population and labor force, seasonally adjusted, annual"
14100274,388-0003,"Hours volunteered by primary area of activity, nonprofit institutions and volunteering, annual, 1997, 2000"
14100275,075-0006,"Historical statistics, immigration to Canada, by intended occupations and dependents"
14100276,109-5334,"Unemployment rate, Canada, provinces, health regions (2014 boundaries) and peer groups"
14100277,278-0003,"Time lost in work stoppages, by industry group"
14100278,278-0005,Average annual percentage changes in base rates for new settlements covering collective bargaining units of 500 or more employees
14100279,277-0001,"Help-wanted index, annual"
14100280,277-0002,"Help-wanted index, monthly"
14100281,278-0007,"Major wage settlements, by major industry division, Employment and Social Development Canada - Labour Program"
14100282,278-0008,"Major wage settlements, by region and/or jurisdiction, Employment and Social Development Canada - Labour Program"
14100283,115-0023,Sources of income of adults with and without disabilities
14100284,278-0009,"Person-days not worked in Canada as a result of work stoppages, by industry"
14100285,279-0040,"Work absence of full-time employees by occupation, annual, inactive"
14100286,282-0006,"Unemployment rate and employment rate by type of student during summer months, monthly, unadjusted for seasonality"
14100287,282-0087,"Labour force characteristics, monthly, seasonally adjusted and trend-cycle"
14100288,282-0089,"Employment by class of worker, monthly, seasonally adjusted and unadjusted"
14100289,282-0092,"Actual hours worked at main job by industry, monthly, seasonally adjusted, last 5 months"
14100290,282-0093,"Labour force survey estimates (LFS), employment by National Occupational Classification for Statistics (NOC-S), seasonally adjusted"
14100291,282-0094,"Labour force characteristics by industry, monthly, seasonally adjusted, last 5 months"
14100292,282-0100,"Labour force characteristics by territory, three-month moving average, seasonally adjusted and unadjusted"
14100293,282-0122,"Labour force characteristics by economic region, three-month moving average, unadjusted for seasonality, last 5 months, inactive"
14100294,282-0135,"Labour force characteristics by census metropolitan area, three-month moving average, seasonally adjusted and unadjusted, last 5 months, inactive"
14100295,282-0136,"Labour force characteristics by Montréal, Toronto and Vancouver census metropolitan areas, seasonally adjusted and unadjusted, last 5 months, inactive"
14100296,282-0141,"Labour force characteristics by occupation, monthly, unadjusted for seasonality, inactive"
14100297,282-0142,"Labour force characteristics by occupation, annual, 1987 to 2018, inactive"
14100298,282-0143,"Usual hours worked by occupation, monthly, unadjusted for seasonality, inactive"
14100299,282-0144,"Usual hours worked by occupation, annual, inactive"
14100300,282-0145,"Actual hours worked by occupation, monthly, unadjusted for seasonality, inactive"
14100301,282-0146,"Actual hours worked by occupation, annual, inactive"
14100302,282-0147,"Multiple jobholders by occupation, monthly, unadjusted for seasonality, inactive"
14100303,282-0148,"Multiple jobholders by occupation, annual, inactive"
14100304,282-0149,"Job tenure by occupation, monthly, unadjusted for seasonality, inactive"
14100305,282-0150,"Job tenure by occupation, annual, inactive"
14100306,282-0151,"Employee wages by occupation, monthly, unadjusted for seasonality, inactive"
14100307,282-0152,"Employee wages by occupation, annual, 1997 to 2018, inactive"
14100308,282-0153,"Employees working overtime (weekly) by occupation, monthly, unadjusted for seasonality, inactive"
14100309,282-0154,"Employees working overtime (weekly) by occupation, annual, inactive"
14100310,282-0155,"Employment by occupation, monthly, seasonally adjusted, last 5 months"
14100311,282-0156,"Employment by economic regions and occupation, three-month moving average, unadjusted for seasonality, inactive"
14100312,282-0157,"Employment by economic regions and occupation, annual, inactive"
14100313,282-0158,"Employment by census metropolitan areas and occupation, three-month moving average, unadjusted for seasonality, inactive"
14100314,282-0159,"Employment by census metropolitan areas and occupation, annual, inactive"
14100315,282-0160,"Weekly wage distributions by occupation, monthly, unadjusted for seasonality, inactive"
14100316,282-0161,"Weekly wage distributions by occupation, annual, inactive"
14100317,282-0162,"Hourly wage distributions by occupation, monthly, unadjusted for seasonality, inactive"
14100318,282-0163,"Hourly wage distributions by occupation, annual, inactive"
14100319,282-0164,"Union status by occupation, inactive"
14100320,282-0167,"Average usual hours and wages by selected characteristics, monthly, unadjusted for seasonality, last 5 months"
14100322,,"Employment insurance beneficiaries (regular benefits) by census metropolitan category, monthly, seasonally adjusted, inactive"
14100323,,"Employment insurance beneficiaries by census division, monthly, unadjusted for seasonality"
14100324,,"Average and median gender pay ratio in annual wages, salaries and commissions"
14100325,285-0001,"Job vacancies, payroll employees, job vacancy rate, and average offered hourly wage by provinces and territories, quarterly, unadjusted for seasonality, inactive"
14100326,285-0002,"Job vacancies, payroll employees, job vacancy rate, and average offered hourly wage by industry sector, quarterly, unadjusted for seasonality, inactive"
14100327,,"Labour force characteristics by gender and detailed age group, annual"
14100328,285-0004,"Job vacancies, proportion of job vacancies and average offered hourly wage by selected characteristics, quarterly, unadjusted for seasonality, inactive"
14100329,109-5204,"Unemployment rate, by age group, Canada, provinces, health regions (June 2003 boundaries) and peer groups"
14100330,109-5304,"Unemployment rate, Canada, provinces, health regions and peer groups"
14100331,281-8047,"Historical (real-time) releases of employment and average weekly earnings (including overtime) for all employees by industry, monthly, seasonally adjusted"
14100332,281-8063,"Historical (real-time) releases of employment and average weekly earnings (including overtime) for all employees by province and territory, monthly, seasonally adjusted"
14100333,109-5004,"Unemployment rate, by age group, Canada, provinces, health regions (January 2000 boundaries) and peer groups"
14100334,109-5337,"Unemployment rate, health regions (2017 boundaries) and peer groups"
14100335,,"Labour force characteristics by occupation, annual, 1987 to 2022, inactive"
14100336,276-0042,"Employment insurance beneficiaries (regular benefits) by province, territory and occupation, monthly, unadjusted for seasonality, inactive"
14100337,276-0043,"Employment insurance beneficiaries (regular benefits) by province, territory and occupation, monthly, seasonally adjusted, inactive"
14100338,104-0035,"Decision latitude at work, by age group and sex, household population aged 15 to 74, Canada and provinces"
14100339,105-0235,"Decision latitude at work, by age group and sex, household population aged 15 to 74, selected provinces and health regions (June 2003 boundaries)"
14100340,,"Employee wages by occupation, annual, 1997 to 2022, inactive"
14100342,,"Duration of unemployment, monthly, seasonally adjusted"
14100343,,"Employment Insurance beneficiaries by economic region, monthly, unadjusted for seasonality"
14100344,,"Employment Insurance beneficiaries (regular benefits) by economic region, monthly, seasonally adjusted"
14100346,,"Employment Insurance beneficiaries by employment insurance region, monthly, unadjusted for seasonality"
14100347,278-0010,"Major wage settlements, by jurisdiction, industry based on the North American Industry Classification System (NAICS) and cost of living adjustment (COLA), Employment and Social Development Canada - Labour Program, monthly"
14100348,278-0011,"Major wage settlements, by jurisdiction, industry based on the North American Industry Classification System (NAICS) and cost of living adjustment (COLA), Employment and Social Development Canada - Labour Program, quarterly"
14100349,278-0012,"Major wage settlements, by jurisdiction, industry based on the North American Industry Classification System (NAICS) and cost of living adjustment (COLA), Employment and Social Development Canada - Labour Program, occasional"
14100350,278-0013,"Work stoppages in Canada, by jurisdiction and industry based on the North American Industry Classification System (NAICS), Employment and Social Development Canada - Labour Program"
14100351,278-0014,"Work stoppages in Canada, by jurisdiction and industry based on the North American Industry Classification System (NAICS), Employment and Social Development Canada - Labour Program quarterly (number unless otherwise noted)"
14100352,278-0015,"Work stoppages in Canada, by jurisdiction and industry based on the North American Industry Classification System (NAICS), Employment and Social Development Canada - Labour Program occasional (number unless otherwise noted)"
14100353,278-0016,"Homeless Shelter Capacity in Canada from 2016 to 2023, Housing, Infrastructure and Communities Canada (HICC)"
14100354,282-0168,"Regional unemployment rates used by the Employment Insurance program, three-month moving average, seasonally adjusted"
14100355,282-0088,"Employment by industry, monthly, seasonally adjusted and unadjusted, and trend-cycle, last 5 months"
14100356,285-0003,"Job vacancies and average offered hourly wage by occupation (broad occupational category), quarterly, unadjusted for seasonality, inactive"
14100357,281-8023,"Historical (real-time) releases of employment, monthly, unadjusted for seasonality, inactive"
14100358,281-8026,"Historical (real-time) releases of average weekly earnings (including and excluding overtime), monthly, unadjusted for seasonality, inactive"
14100359,282-0228,Labour force characteristics by Indigenous group living off reserve and educational attainment
14100360,105-0435,"Decision latitude at work, by age group and sex, household population aged 15 to 74, selected provinces and health regions (June 2005 boundaries
 tables)"
14100361,477-0104,"Unemployment rates of population aged 15 and over living off reserve by Indigenous group and educational attainment, Canada"
14100362,477-0105,"Unemployment rates of 25- to 29-year-olds, by educational attainment, Canada and provinces"
14100363,282-0166,"Employment by Indigenous group and occupation, selected provinces and regions, inactive"
14100364,282-0226,"Labour force characteristics by province, region and Indigenous group, inactive"
14100365,282-0227,"Labour force characteristics by region and detailed Indigenous group, inactive"
14100366,282-0229,"Employment by Indigenous group and industry, inactive"
14100367,282-0230,"Employment by geography, Indigenous group and industry, inactive"
14100368,282-0231,"Labour force survey estimates (LFS), employment by Aboriginal group, National Occupational Classification for Statistics (NOC-S), sex and age group"
14100369,282-0232,"Labour force survey estimates (LFS), employment by Aboriginal group, National Occupational Classification for Statistics (NOC-S) and age group, Canada, selected provinces and regions"
14100370,282-0233,"Average hourly and weekly wages and average usual weekly hours by Indigenous group, inactive"
14100371,,"Job vacancies, payroll employees, and job vacancy rate by provinces and territories, monthly, unadjusted for seasonality"
14100372,,"Job vacancies, payroll employees, and job vacancy rate by industry sector, monthly, unadjusted for seasonality"
14100373,,"Labour force characteristics by visible minority group, three-month moving averages, monthly, unadjusted for seasonality"
14100374,,"Employment and unemployment rate, monthly, unadjusted for seasonality"
14100375,,"Employment and unemployment rate, annual"
14100376,,"Employment by class of worker and industry, monthly, unadjusted for seasonality"
14100377,,"Employment by class of worker and industry, annual"
14100378,,"Labour force characteristics, three-month moving average, unadjusted for seasonality, inactive"
14100379,,"Employment by industry, three-month moving average, unadjusted for seasonality, inactive"
14100380,,"Labour force characteristics, three-month moving average, seasonally adjusted, inactive"
14100381,,"Employment by occupation, census metropolitan areas, three-month moving average, unadjusted for seasonality, inactive"
14100382,,"Employment by occupation, census metropolitan areas, annual, inactive"
14100383,,"Labour force characteristics, monthly, seasonally adjusted, inactive"
14100384,,"Employment by industry, census metropolitan areas, annual, inactive"
14100385,,"Labour force characteristics, annual, inactive"
14100386,,"Employment by occupation, economic regions, three-month moving average, unadjusted for seasonality, inactive"
14100387,,"Labour force characteristics, three-month moving average, unadjusted for seasonality, last 5 months, inactive"
14100388,,"Employment by industry, three-month moving average, unadjusted for seasonality, inactive"
14100389,,"Employment by occupation, economic regions, annual, inactive"
14100390,,"Work absence of full-time employees, annual, inactive"
14100391,,"Labour force characteristics, annual, inactive"
14100392,,"Employment by industry, annual, inactive"
14100393,,"Labour force characteristics, annual, inactive"
14100396,,"Labour force characteristics by family structure, annual, unadjusted for seasonality"
14100397,,"Labour force characteristics by family structure, monthly, unadjusted for seasonality"
14100398,,"Job vacancies, payroll employees, and job vacancy rate, by economic regions, quarterly, adjusted for seasonality"
14100399,,"Job vacancies by occupation (broad occupational category), by type of work and position, quarterly, adjusted for seasonality"
14100400,,"Job vacancies, payroll employees, and job vacancy rate by industry sector, quarterly, adjusted for seasonality"
14100401,,"Labour force characteristics by detailed Indigenous group living off reserve, three-month moving averages, monthly, unadjusted for seasonality"
14100402,,"Count of inter-jurisdictional employees and resident employees by age group and sex, inactive"
14100403,,"Aggregate T4 earnings for inter-jurisdictional employees and resident employees, inactive"
14100404,,"Total count and T4 earnings of inter-jurisdictional employees by industry of employment, inactive"
14100405,,"Total count and T4 earnings of inter-jurisdictional employees by target province or territory, inactive"
14100406,,"Job vacancies, payroll employees, and job vacancy rate by industry sector, monthly, adjusted for seasonality"
14100407,,Proportion of employees who self-report being harassed or sexually assaulted in the workplace
14100408,,"Usual hours worked by occupation, annual"
14100409,,"Actual hours worked by occupation, annual"
14100410,,"Multiple jobholders by occupation, annual"
14100411,,"Job tenure by occupation, annual"
14100412,,"Employees working overtime (weekly) by occupation, annual"
14100413,,"Weekly wage distributions by occupation, annual"
14100414,,"Hourly wage distributions by occupation, annual, inactive"
14100415,,"Union status by occupation, annual"
14100416,,"Labour force characteristics by occupation, annual"
14100417,,"Employee wages by occupation, annual"
14100418,,Average hourly and weekly wages and average usual weekly hours by Indigenous group living off reserve
14100419,,"Employment by occupation, census metropolitan areas, annual, inactive"
14100420,,"Employment by occupation, economic regions, annual, inactive"
14100421,,"Labour force characteristics by occupation, monthly, unadjusted for seasonality"
14100422,,"Usual hours worked by occupation, monthly, unadjusted for seasonality"
14100423,,"Actual hours worked by occupation, monthly, unadjusted for seasonality"
14100424,,"Multiple jobholders by occupation, monthly, unadjusted for seasonality"
14100425,,"Job tenure by occupation, monthly, unadjusted for seasonality"
14100426,,"Employee wages by occupation, monthly, unadjusted for seasonality"
14100427,,"Employees working overtime (weekly) by occupation, monthly, unadjusted for seasonality"
14100428,,"Weekly wage distributions by occupation, monthly, unadjusted for seasonality"
14100429,,"Hourly wage distributions by occupation, monthly, unadjusted for seasonality, inactive"
14100430,,"Employment by occupation, census metropolitan areas, three-month moving average, unadjusted for seasonality, inactive"
14100431,,"Employment by occupation, economic regions, three-month moving average, unadjusted for seasonality, inactive"
14100432,,"Job vacancies, payroll employees, and job vacancy rate by provinces and territories, monthly, adjusted for seasonality"
14100433,,"Count of interjurisdictional employees and resident employees by age group and sex, 2002-2019, intactive"
14100434,,"Aggregate T4 earnings for interjurisdictional employees and resident employees, 2002-2019, inactive"
14100435,,"Total count and T4 earnings of interjurisdictional employees by industry of employment, 2002-2019, inactive"
14100436,,"Total count and T4 earnings of interjurisdictional employees by target province or territory, 2002-2019, inactive"
14100437,,"Work absence of full-time employees by occupation, annual"
14100438,,"Employment characteristics by visible minority group, annual"
14100440,,"Labour force characteristics by visible minority group, annual"
14100441,,"Job vacancies, payroll employees, job vacancy rate, and average offered hourly wage by economic regions, quarterly, unadjusted for seasonality"
14100442,,"Job vacancies, payroll employees, job vacancy rate, and average offered hourly wage by industry sub-sector, quarterly, unadjusted for seasonality"
14100443,,"Job vacancies, proportion of job vacancies and average offered hourly wage by occupation and selected characteristics, quarterly, unadjusted for seasonality"
14100444,,"Job vacancies and average offered hourly wage by occupation (unit group), quarterly, unadjusted for seasonality"
14100445,,"Labour force characteristics, selected census subdivisions, three-month moving averages, monthly, unadjusted for seasonality"
14100446,,"Labour force characteristics by detailed Indigenous group, territories, annual"
14100448,,"Count of interjurisdictional employees and resident employees by age group and sex, 2002-2020, inactive"
14100449,,"Aggregate T4 earnings for interjurisdictional employees and resident employees, 2002-2020, inactive"
14100450,,"Total count and T4 earnings of interjurisdictional employees by industry of employment, 2002-2020, inactive"
14100451,,"Total count and T4 earnings of interjurisdictional employees by target province or territory, 2002-2020, inactive"
14100452,,"Interprovincial labour mobility in Canada, by occupation"
14100453,,"Employment insurance beneficiaries by census metropolitan category, monthly, unadjusted for seasonality"
14100454,,"Employment insurance beneficiaries (regular benefits) by census metropolitan category, monthly, seasonally adjusted"
14100455,,"Employment insurance beneficiaries (regular benefits) by province, territory and occupation, monthly, unadjusted for seasonality"
14100456,,"Employment insurance beneficiaries (regular benefits) by province, territory and occupation, monthly, seasonally adjusted"
14100457,,"Small area estimates of labour force characteristics for sub-provincial areas, monthly, unadjusted for seasonality"
14100458,,"Labour force characteristics by census metropolitan area, three-month moving average, unadjusted for seasonality"
14100459,,"Labour force characteristics by census metropolitan area, three-month moving average, seasonally adjusted"
14100460,,"Labour force characteristics by Montréal, Toronto and Vancouver census metropolitan areas, monthly, seasonally adjusted"
14100461,,"Labour force characteristics by census metropolitan area, annual"
14100462,,"Labour force characteristics by economic region, three-month moving average, unadjusted for seasonality"
14100464,,"Labour force characteristics by province, territory and economic region, annual"
14100465,,"Employment characteristics by economic region, three-month moving average, unadjusted for seasonality"
14100466,,"Employment characteristics by economic region, annual"
14100467,,"Employment characteristics by census metropolitan area, three-month moving average, unadjusted for seasonality"
14100468,,"Employment characteristics by census metropolitan area, annual"
14100469,,"Employment characteristics by Indigenous group living off reserve, annual"
14100470,,"Labour force characteristics by Indigenous group living off reserve, annual"
14100471,,"Labour force characteristics of immigrants, three-month moving average, unadjusted for seasonality"
14100472,,"Labour force characteristics of immigrants, annual"
14100473,,"Count of interjurisdictional employees and resident employees by age group and sex, 2002-2021"
14100474,,"Aggregate T4 earnings for interjurisdictional employees and resident employees, 2002-2021"
14100475,,"Total count and T4 earnings of interjurisdictional employees by industry of employment, 2002-2021"
14100476,,"Total count and T4 earnings of interjurisdictional employees by target province or territory, 2002-2021"
14100477,,"Labour market indicators for persons with and without disabilities, annual"
14100478,,"Labour market indicators for persons with disabilities by disability type, annual"
14100479,,"Employment characteristics for persons with and without disabilities, annual"
15100001,075-0005,"Historical statistics, estimates of undercoverage of population with English as a mother tongue"
15100002,075-0017,"Historical statistics, mother tongues of the population"
15100003,,"Population by mother tongue and geography, 1951 to 2016, inactive"
15100004,,"Population by knowledge of official languages and geography, 1951 to 2021"
15100005,,"Population by first official language spoken and geography, 1971 to 2016, inactive"
15100006,,"Interprovincial Migration by Mother Tongue for Interprovincial Migrants Aged 5 Years and Over, Provinces and Territories, 1971 to 2016, inactive"
15100007,,"Interprovincial Migration by First Official Language Spoken for Interprovincial Migrants Aged 5 Years and Over, Provinces and Territories, 1971 to 2016, inactive"
15100008,,"Population by language spoken most often at home and geography, 1971 to 2016, inactive"
15100009,,"English, French and non-official languages spoken at home by geography, 2001 to 2016"
15100010,,"Use of English, French and non-official languages at work by geography, 2001 to 2016"
15100011,,"Official minority language (First Official Language Spoken) by selected healthcare occupations, 2001 to 2016"
15100012,,"Knowledge of the official minority language by selected healthcare occupations, 2001 to 2016"
15100013,,"Frequency of French use at work by selected healthcare occupations, Canada outside Quebec, 2001 to 2016"
15100014,,"Frequency of English use at work by selected healthcare occupations, Quebec, 2001 to 2016"
15100015,,"Frequency of French use at work by selected healthcare occupations, Quebec, 2001 to 2016"
15100016,,"First Official Language spoken of workers by selected arts and culture occupations, 2011 and 2016"
15100017,,"Knowledge of official languages by selected arts and culture occupations, 2011 and 2016"
15100018,,"Frequency of French use at work by selected arts and culture occupations, Canada outside Quebec, 2011 and 2016"
15100019,,"Frequency of English use at work by selected arts and culture occupations, Quebec, 2011 and 2016"
15100020,,"Frequency of French use at work by selected arts and culture occupations, Quebec, 2011 and 2016"
15100021,,"First Official Language Spoken of workers by selected justice occupations, 2001 to 2016"
15100022,,"Knowledge of official languages by selected justice occupations, 2001 to 2016"
15100023,,"Frequency of French use at work by selected justice occupations, Canada outside Quebec, 2001 to 2016"
15100024,,"Frequency of English use at work by justice occupations, Quebec, 2001 to 2016"
15100025,,"Frequency of French use at work by justice occupations, Quebec, 2001 to 2016"
15100026,,"First Official Language Spoken of workers by selected education occupations, 2011 and 2016"
15100027,,"Knowledge of official languages by selected education occupations, 2011 and 2016"
15100028,,"Frequency of French use at work by selected education occupations, Canada outside Quebec, 2011 and 2016"
15100029,,"Frequency of English use at work by selected education occupations, Quebec, 2011 and 2016"
15100030,,"Frequency of French use at work by selected education occupations, Quebec, 2011 and 2016"
15100031,,"Population by mother tongue and geography, 1951 to 2021"
15100032,,"Population by first official language spoken and geography, 1971 to 2021"
15100033,,"Population by language spoken most often at home and geography, 1971 to 2021"
15100034,,"Interprovincial migration by mother tongue and geography for interprovincial migrants aged 5 years and over, 1971 to 2021"
15100035,,"Interprovincial migration by first official language spoken and geography for interprovincial migrants aged 5 years and over, 1971 to 2021"
15100036,,"Population by first official language spoken, immigrant status, period of immigration and geography, 1971 to 2021"
15100037,,"Population by knowledge of official languages, immigrant status, period of immigration and geography, 1951 to 2021"
15100038,,"Instruction in the minority official language of eligible school-aged children, by eligibility criterion, age group and level, 2021"
15100040,,"Use of the minority official language to obtain services or information from government employees, by level of government, age group and gender, among adults in the official language minority population"
15100041,,"Frequency of health care or services obtained in the minority official language, by age group and gender, for adults in the official language minority population"
15100042,,"Main language of instruction at the post-secondary level, by level of study, age group and gender, among adults in the official language minority population"
16100009,,"Annual Survey of Cement, production and exports"
16100011,,"Manufacturing sales, by industry for 15 Selected Census Metropolitan Areas"
16100012,304-0017,"Manufacturing capacity utilization rates, by North American Industry Classification System (NAICS)"
16100013,377-0010,"Real manufacturing sales, orders, inventory owned and inventory to sales ratio, 2017 dollars, seasonally adjusted"
16100014,377-8010,"Historical (real-time) releases of real manufacturing sales, orders, inventory owned and inventory to sales ratio, 2017 dollars, seasonally adjusted"
16100015,,Historical (real-time) releases manufacturing capacity utilization rates
16100016,,Monthly asphalt roofing materials survey
16100017,,"Lumber production, shipments, and stocks by species, monthly"
16100018,,Canadian lumber exports by mode of transportation
16100019,,"Production and shipments of metallic minerals, monthly"
16100020,,"Production and shipments of non-metallic minerals, monthly"
16100021,,"Value of shipments of minerals, monthly"
16100022,,"Production, shipments and value of shipments of metallic and non-metallic minerals, annual"
16100029,,"Mining industries, energy consumption by North American Industry Classification System (NAICS), Canada"
16100030,,"Mining industries, energy consumption by North American Industry Classification System (NAICS) and by province"
16100031,,"Mining industries, principal statistics by industry, Canada"
16100032,,"Mining industries, principal statistics by industry, by province"
16100033,,"Industrial chemical and synthetic resins production, annual"
16100038,301-0006,"Manufacturing industries, principal statistics by industry classification, total 3-digit level, annual"
16100039,301-0007,"Logging industries, principal statistics by industry classification, total and 6-digit level, annual"
16100040,303-0052,"Asphalt roofing products, production and destination of shipments, monthly"
16100041,303-0053,"Chemicals and synthetic resins production, annual, inactive"
16100042,303-0060,"Cement production, shipments and stocks, monthly"
16100043,303-0061,"Cement, destination of shipments, monthly"
16100044,303-0062,"Tobacco, sales and inventories, monthly production"
16100045,303-0064,"Lumber, production, shipments and stocks, monthly, inactive"
16100046,303-0065,"Wood chips production, shipments and stocks, monthly"
16100047,304-0014,"Manufacturers' sales, inventories, orders and inventory to sales ratios, by industry (dollars unless otherwise noted)"
16100048,304-0015,"Manufacturing sales by industry and province, monthly (dollars unless otherwise noted)"
16100052,301-0001,"Manufacturing activities, by Standard Industrial Classification, 1980 (SIC)"
16100053,301-0002,"Manufacturing activities, by Standard Industrial Classification, 1970 (SIC)"
16100054,301-0003,"Annual survey of manufactures (ASM), principal statistics by North American Industry Classification System (NAICS), incorporated businesses with employees having sales of manufactured goods greater than or equal to $30,000"
16100055,301-0004,"Logging industries, by North American Industry Classification System (NAICS)"
16100056,301-0005,"Annual survey of manufactures (ASM), sales of manufactured goods by North American Industry Classification System (NAICS) and industry sub-sector"
16100057,303-0007,Production and disposition of tobacco products
16100058,303-0008,Pulpwood production for domestic consumption and stocks on hand
16100059,303-0010,Primary production of iron and steel and net shipments of steel shapes to consuming industries
16100060,303-0011,Footwear production
16100061,303-0012,"Edible oils and fats, with data for years 1995 - 2001"
16100062,303-0013,Production and stocks of coffee
16100063,303-0014,Production of industrial chemicals and synthetic resins
16100064,303-0015,Sugar (cane and beet) statistics
16100066,303-0018,Production of new motor vehicles
16100067,303-0020,Newsprint production
16100068,303-0022,Production of gypsum products
16100069,303-0034,Production and shipments of phonograph records and pre-recorded tapes
16100070,303-0040,"Production and stocks of tea, coffee, cocoa and process cheese"
16100071,303-0045,"Footwear production, by type of footwear"
16100072,303-0047,Production and shipments of steel wire and specified wire products
16100073,303-0048,Production and shipments of pig iron
16100074,303-0049,"Pig iron and scrap products charged to furnace, by the primary metal industry"
16100075,303-0050,Production and shipments of steel casting and primary forms steel products
16100076,303-0063,Shipments of solid fuel burning heating products
16100077,304-0001,"Manufacturers' inventories, orders and inventory to shipment ratios, by Standard Industrial Classification, 1980 (SIC)"
16100078,304-0002,"Manufacturing shipments, by Standard Industrial Classification, 1980 (SIC)"
16100079,304-0003,"Principal statistics, estimated value in all manufacturing industries, by Standard Industrial Classification, 1970 (SIC)"
16100080,304-0004,"Manufacturing shipments, by province and Standard Industrial Classification, 1970 (SIC)"
16100081,304-0005,"Estimated value of shipments, orders and inventories, by economic use groups"
16100082,304-0006,"Estimated value of shipments, orders and inventories, by province and Standard Industrial Classification, 1970 (SIC)"
16100083,304-0007,"Estimated value of shipments, orders and inventories, by Standard Industrial Classification, 1970 (SIC), Canada"
16100084,304-0008,"Ratios of finished goods and total inventory owned to shipments, by Standard Industrial Classification, 1970 (SIC)"
16100085,304-0009,"Estimated value of shipments, orders and inventories in non-durable and durable goods industries, by Standard Industrial Classification, 1970 (SIC)"
16100086,304-0010,Ratios of finished goods and total inventory owned to shipments in non-durable and durable goods industries
16100087,304-0011,Ratios of total inventory and finished products to shipments in non-durable and durable goods industries
16100088,304-0012,"Manufacturers' inventories held, by Standard Industrial Classification, 1980 (SIC)"
16100089,304-0013,"Inventories held and owned, estimated value in all manufacturing industries"
16100091,303-0019,"Production, bottling or stocks of beverages"
16100092,303-0023,"Production, consumption and inventories of rubber"
16100093,303-0029,"Biscuits and cones production, quarterly"
16100094,303-0024,Domestic type mechanical refrigerators and freezers
16100095,303-0025,"Production, sales and stocks of electric household appliances"
16100096,303-0027,"Edible oils and fats, with data for years 1949 - 1995"
16100097,303-0028,Confectionery statistics
16100098,303-0030,"Biscuits and cones production, semi-annual"
16100099,303-0031,"Soft drinks production, monthly, with data for years 1976 - 1995"
16100100,303-0032,"Soft drinks production, annual"
16100101,303-0033,"Soft drinks production, 1996"
16100102,303-0035,Production and shipments of floor tiles
16100103,303-0036,Factory shipments to domestic customers only of high pressure decorative laminate sheet
16100104,303-0039,Net shipments of steel shapes
16100105,303-0041,Process cheese production
16100106,303-0042,Production and shipments of sugar
16100107,303-0044,"Footwear production, quarterly"
16100108,303-0043,"Footwear production, monthly"
16100109,028-0002,"Industrial capacity utilization rates, by industry"
16100111,028-0001,"Industrial capacity utilization rates, by Standard Industrial Classification, 1980 (SIC)"
16100112,451-0005,"United States manufacturing and trade sales, seasonally adjusted"
16100114,301-0009,"Logging industries, principal statistics by North American Industry Classification System (NAICS)"
16100117,301-0008,"Principal statistics for manufacturing industries, by North American Industry Classification System (NAICS)"
16100118,304-8014,"Historical (real-time) releases of manufacturers' sales, inventories, orders and inventory to sales ratios, by North American Industry Classification System (NAICS), Canada"
16100119,304-8015,"Historical (real-time) releases of manufacturing sales, by North American Industry Classification System (NAICS) and province"
17100001,111-0027,"Provincial and international in-, out- and net-migration estimates, by provincial regions"
17100002,111-0028,"In-, out- and net-migration estimates, by provincial regions and age group"
17100003,111-0029,"In-, out- and net-migration estimates, by provincial regions, migration type and sex"
17100004,111-0030,"In-, out- and net-migration estimates, by geographic regions of origin and destination"
17100005,051-0001,"Population estimates on July 1, by age and gender"
17100006,051-0002,"Estimates of deaths, by age and gender, annual"
17100007,051-0003,"Estimates of the number of census families for July 1, Canada, provinces and territories"
17100008,051-0004,"Estimates of the components of demographic growth, annual"
17100009,051-0005,"Population estimates, quarterly"
17100010,051-0006,"Immigrants to Canada, by country of last permanent residence"
17100011,051-0008,"Immigrants to Canada, by province or territory of destination"
17100012,051-0009,"Total emigrants from Canada, by province or territory of origin"
17100013,051-0010,"Estimates of population, by marital status, age group and sex for July 1, Canada, provinces and territories"
17100014,051-0011,"Estimates of the components of international migration, by age and gender, annual"
17100015,051-0012,"Estimates of the components of interprovincial migration, by age and gender, annual"
17100016,051-0013,"Estimates of births, by gender, annual"
17100017,051-0014,"Total population, census divisions and census metropolitan areas, 1996 census boundaries"
17100018,051-0015,"Components of population growth, census divisions and census metropolitan areas, 1996 census boundaries"
17100019,051-0016,"Estimates of population, by sex and age group, census divisions and census metropolitan areas, 1996 census boundaries"
17100020,051-0017,"Estimates of the components of interprovincial migration, quarterly"
17100021,051-0018,"Estimates of the components of interprovincial migration, annual"
17100022,051-0019,"Estimates of interprovincial migrants by province or territory of origin and destination, annual"
17100023,051-0020,"Estimates of non-permanent residents, quarterly, inactive"
17100024,051-0021,"Returning Canadians, Canada, provinces and territories"
17100025,051-0022,"Estimates of population, census divisions and census metropolitan areas, 1991 census boundaries"
17100026,051-0023,"Components of population growth, census divisions and census metropolitan areas, 1991 census boundaries"
17100027,051-0024,"Estimates of population, Canada, provinces and territories"
17100028,051-0025,"Interprovincial migration of families receiving family allowance benefits, Canada, provinces and territories"
17100029,051-0026,"Estimates of population, by age group and sex, Canada, provinces and territories"
17100030,051-0027,"Estimates of population, by marital status, age group and sex, Canada, provinces and territories"
17100031,051-0028,"Births, by sex, Canada, provinces and territories"
17100032,051-0029,"Estimates of families, Canada, provinces and territories"
17100033,051-0030,"Estimates of population, census divisions and census metropolitan areas (component method), 1981 census boundaries"
17100034,051-0031,"Components of population growth, census divisions and census metropolitan areas, 1981 census boundaries"
17100035,051-0032,"Estimates of population, by age group and sex, census divisions and census metropolitan areas (component method), 1991 census boundaries"
17100036,051-0033,"Components of population growth, Canada, provinces and territories"
17100037,051-0034,"Total population, census divisions and census metropolitan areas, 2001 Census boundaries"
17100038,051-0035,"Components of population growth, census divisions and census metropolitan areas, 2001 Census boundaries"
17100039,051-0036,"Estimates of population, by sex and age group, census divisions and census metropolitan areas, 2001 Census boundaries"
17100040,051-0037,"Estimates of the components of international migration, quarterly"
17100041,051-0038,"Estimates of population, by economic region, sex and age group for July 1, 2001 Census boundaries"
17100042,051-0039,"Components of population growth, by economic region, sex and age group, 2001 Census boundaries"
17100043,051-0040,"Births, by economic regions and sex, 2001 Census boundaries"
17100044,051-0041,"Estimates of non-permanent residents as of July 1st, by age and sex, inactive"
17100045,051-0045,"Estimates of interprovincial migrants by province or territory of origin and destination, quarterly"
17100046,051-0046,"Estimates of population by census metropolitan area, sex and age group for July 1, based on the Standard Geographical Classification (SGC) 2006"
17100047,051-0047,"Components of population growth by census metropolitan area, sex and age group for the period from July 1 to June 30, based on the Standard Geographical Classification (SGC) 2006"
17100048,051-0048,"Births by census metropolitan area and sex for the period from July 1 to June 30, based on the Standard Geographical Classification (SGC) 2006"
17100049,051-0049,"Estimates of population by economic region, sex and age group for July 1, based on the Standard Geographical Classification (SGC) 2006"
17100050,051-0050,"Components of population growth by economic region, sex and age group for the period from July 1 to June 30, based on the Standard Geographical Classification (SGC) 2006"
17100051,051-0051,"Births by economic region and sex for the period from July 1 to June 30, based on the Standard Geographical Classification (SGC) 2006"
17100052,051-0052,"Estimates of population by census division, sex and age group for July 1, based on the Standard Geographical Classification (SGC) 2006"
17100053,051-0053,"Components of population growth by census division, sex and age group for the period from July 1 to June 30, based on the Standard Geographical Classification (SGC) 2006"
17100054,051-0054,"Births by census division and sex for the period from July 1 to June 30, based on the Standard Geographical Classification (SGC) 2006"
17100057,052-0005,"Projected population, by projection scenario, age and gender, as of July 1"
17100058,052-0006,"Components of projected population growth, by projection scenario"
17100059,053-0001,"Estimates of the components of natural increase, quarterly"
17100060,051-0042,"Estimates of population as of July 1st, by marital status or legal marital status, age and sex"
17100061,051-0055,Estimates of the number of census families on July 1st
17100062,111-0031,"Migrant taxfiler income, by in- and out-migration estimates and provincial regions"
17100063,075-0001,"Historical statistics, estimated population and immigrant arrivals"
17100064,075-0002,"Historical statistics, estimates of undercoverage of population"
17100065,075-0003,"Historical statistics, estimates of undercoverage of population, by age and sex"
17100066,075-0004,"Historical statistics, estimates of undercoverage of population, by marital status"
17100067,075-0009,"Historical statistics, population and population density per square mile"
17100068,075-0010,"Historical statistics, urban and rural population"
17100069,075-0011,"Historical statistics, population in incorporated centres, by size groups"
17100070,075-0012,"Historical statistics, rural population, farm and non-farm"
17100071,075-0013,"Historical statistics, population, by age and sex, urban and rural"
17100072,075-0014,"Historical statistics, population, by marital status, age group and sex"
17100073,075-0016,"Historical statistics, principal religious denominations of the population"
17100074,075-0018,"Historical statistics, number of children ever born per 1,000 ever-married women aged 15 years and over"
17100075,075-0019,"Historical statistics, number of and average number of persons per household and family"
17100076,109-5345,"Estimates of population (2011 Census and administrative data), by age group and sex for July 1st, Canada, provinces, territories, health regions (2014 boundaries) and peer groups"
17100077,109-5346,"Dependency ratio (2011 Census and administrative data), by age group for July 1st, Canada, provinces, territories, health regions (2014 boundaries) and peer groups"
17100078,051-0056,"Annual demographic estimates by census metropolitan area, age and sex, based on the Standard Geographical Classification (SGC) 2011, inactive"
17100079,051-0057,"Components of population growth by census metropolitan area, age group and sex, annual, based on the Standard Geographical Classification (SGC) 2011, inactive"
17100080,051-0058,"Births by census metropolitan area and sex for the period from July 1 to June 30, based on the Standard Geographical Classification (SGC) 2011"
17100081,051-0059,"Annual demographic estimates by economic region, age and sex, based on the Standard Geographical Classification (SGC) 2011, inactive"
17100082,051-0060,"Components of population growth by economic region, age group and sex, annual, based on the Standard Geographical Classification (SGC) 2011, inactive"
17100083,051-0061,"Births by economic region and sex for the period from July 1 to June 30, based on the Standard Geographical Classification (SGC) 2011"
17100084,051-0062,"Annual demographic estimates by census division, age and sex, based on the Standard Geographical Classification (SGC) 2011, inactive"
17100085,051-0063,"Components of population growth by census division, age group and sex, annual, based on the Standard Geographical Classification (SGC) 2011, inactive"
17100086,109-5365,"Estimates of population (2011 Census and administrative data), by age group and sex for July 1st, Canada, provinces, territories, health regions (2017 boundaries) and peer groups, inactive"
17100087,051-0065,"Interprovincial and intraprovincial migrants, by census metropolitan area of origin and destination for the period from July 1 to June 30, inactive"
17100088,109-5355,"Estimates of population (2011 Census and administrative data), by age group and sex for July 1st, Canada, provinces, territories, health regions (2015 boundaries) and peer groups"
17100089,109-5356,"Dependency ratio (2011 Census and administrative data), by age group for July 1st, Canada, provinces, territories, health regions (2015 boundaries) and peer groups"
17100090,075-0023,"Historical statistics, residence and birth places of native-born internal migrants, natural increase and net migration"
17100091,109-0011,"Urban population as a proportion of total population, Canada, provinces, territories and health regions, 1996"
17100092,109-0012,"Aboriginal population as a proportion of total population, Canada, provinces, territories and health regions, 1996"
17100093,109-0013,"Immigrant population as a proportion of total population and proportion of immigrants who arrived from 1981 to 1996, Canada, provinces, territories and health regions, 1996"
17100094,109-0019,"Internal migrant mobility as a proportion of total population, Canada, provinces, territories and health regions, 1996"
17100095,109-0020,"Strong census metropolitan and census agglomeration Influenced Zones (MIZ) as a proportion of total population, Canada, provinces, territories and health regions, 1996"
17100096,109-0021,"Lone-parent families as a proportion of all census families living in private households, Canada, provinces, territories and health regions, 1996"
17100097,109-0022,"Visible minorities as a proportion of total population, Canada, provinces, territories and health regions, 1996"
17100098,109-0100,"Census indicator profile, Canada, provinces, territories and health regions, 1996"
17100099,109-0200,"Census indicator profile, Canada, provinces, territories, health regions and peer groups, 2001"
17100100,109-0300,"Census indicator profile, Canada, provinces, territories, health regions (2011 boundaries) and peer groups"
17100101,109-5001,"Population density per square kilometre, Canada, provinces and health regions, 1996"
17100102,109-5005,"Population, by age group and sex, Canada, provinces, territories and health regions"
17100103,109-5006,"Dependency ratio (1996 Census and administrative data), by age group, Canada, provinces, territories and health regions (January 2000 boundaries)"
17100104,109-5205,"Population (1996 Census and administrative data), by age group and sex, Canada, provinces, territories, health regions and peer groups"
17100105,109-5206,"Dependency ratio (1996 Census and administrative data), by age group, Canada, provinces, territories, health regions (June 2003 boundaries) and peer groups"
17100106,109-5215,"Population (2001 Census and administrative data), by age group and sex, Canada, provinces, territories, health regions (June 2003 boundaries) and peer groups"
17100107,109-5216,"Dependency ratio (2001 Census and administrative data), by age group, Canada, provinces, territories, health regions (June 2003 boundaries) and peer groups"
17100108,109-5226,"Dependency ratio (2001 Census and administrative data), by age group, Canada, provinces, territories, health regions (2007 boundaries) and peer groups"
17100109,109-5315,"Estimates of population (2001 Census and administrative data), by age group and sex, Canada, provinces, territories, health regions (2007 boundaries) and peer groups"
17100110,109-5324,"Unemployment rate, Canada, provinces, health regions (2013 boundaries) and peer groups"
17100111,109-5325,"Estimates of population (2006 Census and administrative data), by age group and sex for July 1st, Canada, provinces, territories, health regions (2013 boundaries) and peer groups"
17100112,109-5326,"Dependency ratio (2006 Census and administrative data), by age group for July 1st, Canada, provinces, territories, health regions (2013 boundaries) and peer groups"
17100113,109-5335,"Estimates of population (2011 Census and administrative data), by age group and sex for July 1st, Canada, provinces, territories, health regions (2013 boundaries) and peer groups"
17100114,109-5336,"Dependency ratio (2011 Census and administrative data), by age group for July 1st, Canada, provinces, territories, health regions (2013 boundaries) and peer groups"
17100115,477-0110,"Estimates and projections of population aged 0 to 29, by age group, Canada, provinces and territories, inactive"
17100116,477-0111,"Estimates and projections of population aged 0 to 29 with Aboriginal identity, and proportion of persons with Aboriginal identity among the Canadian population, by age group, Canada, inactive"
17100117,153-0036,"Selected population characteristics, Canada, major drainage areas and sub-drainage areas"
17100118,153-0037,"Selected population characteristics, Canada, provinces and territories"
17100119,051-0064,"Births by census division and sex for the period from July 1 to June 30, based on the Standard Geographical Classification (SGC) 2011"
17100120,109-5366,"Dependency ratio (2011 Census and administrative data), by age group for July 1st, Canada, provinces, territories, health regions (2017 boundaries) and peer groups, inactive"
17100121,,"Estimates of the number of non-permanent residents by type, quarterly"
17100122,109-0500,"Census indicator profile, based on the 2016 Census short-form questionnaire, Canada, provinces and territories, and health regions (2017 boundaries)"
17100123,109-0501,"Census indicator profile, based on the 2016 Census long-form questionnaire, Canada, provinces and territories, and health regions (2017 boundaries)"
17100133,,"Demographic dependency ratio, July 1, by health region and peer group, 2018 boundaries, inactive"
17100134,,"Population estimates, July 1, by health region and peer group, 2018 boundaries, inactive"
17100135,,"Population estimates, July 1, by census metropolitan area and census agglomeration, 2016 boundaries, inactive"
17100136,,"Components of population change by census metropolitan area and census agglomeration, 2016 boundaries, inactive"
17100137,,"Population estimates, July 1, by economic region, 2016 boundaries, inactive"
17100138,,"Components of population change by economic region, 2016 boundaries, inactive"
17100139,,"Population estimates, July 1, by census division, 2016 boundaries, inactive"
17100140,,"Components of population change by census division, 2016 boundaries, inactive"
17100141,,"Interprovincial and intraprovincial migrants, by census metropolitan area and census agglomeration of origin and destination, 2016 boundaries, inactive"
17100142,,"Population estimates, July 1, by census subdivision, 2016 boundaries, inactive"
17100143,,"Index of Remoteness, 2016"
17100144,,"Projected population by Indigenous identity, age group, sex, area of residence, provinces and territories, and projection scenario, Canada"
17100145,,"Projected population by Indigenous identity (variant prioritizing the Registered or Treaty Indian status), age group, sex, area of residence, provinces and territories, and projection scenario, Canada"
17100146,,"Projected population by racialized group, generation status and other selected characteristics"
17100147,,"First names at birth by sex at birth, selected indicators"
17100148,,"Population estimates, July 1, by census metropolitan area and census agglomeration, 2021 boundaries"
17100149,,"Components of population change by census metropolitan area and census agglomeration, 2021 boundaries"
17100150,,"Population estimates, July 1, by economic region, 2021 boundaries"
17100151,,"Components of population change by economic region, 2021 boundaries"
17100152,,"Population estimates, July 1, by census division, 2021 boundaries"
17100153,,"Components of population change by census division, 2021 boundaries"
17100154,,"Interprovincial and intraprovincial migrants, by census metropolitan area and census agglomeration of origin and destination, 2021 boundaries"
17100155,,"Population estimates, July 1, by census subdivision, 2021 boundaries"
17100156,,"Demographic dependency ratio, July 1, by health region and peer group, 2023 boundaries"
17100157,,"Population estimates, July 1, by health region and peer group, 2023 boundaries"
17100158,,"Estimates of the number of non-permanent residents on July 1, by age and gender"
17100159,,Estimates of the number of private households by size on July 1st
18100001,326-0009,"Monthly average retail prices for gasoline and fuel oil, by geography"
18100002,326-0012,Monthly average retail prices for food and other selected products
18100003,326-0015,"Inter-city indexes of price differentials of consumer goods and services, annual"
18100004,326-0020,"Consumer Price Index, monthly, not seasonally adjusted"
18100005,326-0021,"Consumer Price Index, annual average, not seasonally adjusted"
18100006,326-0022,"Consumer Price Index, monthly, seasonally adjusted"
18100007,326-0031,"Basket weights of the Consumer Price Index, Canada, provinces, Whitehorse, Yellowknife and Iqaluit"
18100008,326-0001,"Consumer Price Index (CPI), 2001 basket content, monthly"
18100009,326-0002,"Consumer Price Index (CPI), 2001 basket content, annual"
18100010,326-0003,"Consumer Price Index (CPI), seasonally adjusted, 1996 basket content"
18100011,326-0004,"Consumer Price Index movement (CPI), seasonally adjusted, 1996 basket content"
18100012,326-0005,"Consumer Price Index (CPI), 1992 basket content, monthly"
18100013,326-0006,"Consumer Price Index (CPI), 1992 basket content, annual"
18100014,326-0007,"Consumer Price Index (CPI), seasonally adjusted, 1992 basket content"
18100015,326-0008,"Consumer Price Index movement (CPI), seasonally adjusted 1992 basket content"
18100016,326-0010,"Consumer Price Index (CPI), 3-month seasonally adjusted cumulative movement compounded to an annual rate, 1996 basket content"
18100017,326-0016,"Consumer Price Index (CPI), seasonally adjusted, 2001 basket content"
18100018,326-0017,"Consumer Price Index (CPI), seasonally adjusted movement, 2001 basket content"
18100019,326-0018,"Consumer Price Index (CPI), three-month seasonally adjusted cumulative movement compounded to an annual rate, 2001 basket content"
18100020,326-0013,Traveller accommodation services price index
18100021,326-0030,"Accounting Services Price Index, annual"
18100022,327-0053,"Infrastructure construction price index, annual, inactive"
18100023,328-0015,Farm input price index (2002=100)
18100024,329-0069,"Informatics professional services price index, computer systems design and related services, annual"
18100025,329-0070,"Informatics professional services price index, software publishers, annual"
18100026,329-0071,"Informatics professional services price index, data processing, hosting and related services, annual"
18100027,329-0072,"Informatics professional services price index, internet publishing and broadcasting and web search portals, annual"
18100028,329-0073,Electric power selling price index (nonresidential)
18100029,329-0074,"Industrial product price index, by major product group, monthly, inactive"
18100030,329-0075,"Industrial product price index, by product, monthly, inactive"
18100031,329-0076,"Industrial product price index, for selected products, by region, monthly, inactive"
18100032,329-0077,"Industrial product price index, by industry, monthly, inactive"
18100033,329-0078,Passenger air services price index
18100034,330-0008,"Raw materials price index, monthly, inactive"
18100035,332-0003,"Retail services price index, monthly, inactive"
18100036,332-0005,"Commercial and industrial machinery and equipment rental and leasing services price index, monthly, inactive"
18100037,332-0006,"Wholesale services price index, monthly, inactive"
18100038,332-0007,"Retail services price index, quarterly, inactive"
18100039,332-0008,"Wholesale services price index, quarterly, inactive"
18100040,332-0012,"Commercial rents services price index, monthly, inactive"
18100041,332-0014,"New lending services price index, monthly, Jan 2011 to Mar 2015"
18100042,332-0015,"New lending services price index, quarterly, Mar 2011 to Mar 2015"
18100043,332-0016,"For-hire motor carrier freight services price index, monthly, inactive"
18100044,332-0017,"For-hire motor carrier freight services price index, quarterly, inactive"
18100045,332-0018,"Architectural, engineering and related services price index, quarterly, inactive"
18100046,327-0003,"Construction union wage rates, monthly, inactive"
18100047,327-0011,Electric utility construction price index
18100049,327-0043,"Non-residential building construction price index, by class of structure, quarterly"
18100050,327-0044,"Non-residential building construction price index, by type of building and major sub-trade groups, quarterly"
18100051,327-0045,"Construction union wage rates index, monthly, inactive"
18100052,327-0046,New housing price index (2007=100)
18100053,327-0049,"Construction union wage rates weights, inactive"
18100054,327-0050,"New housing price index, relative importance"
18100055,327-0051,"Non-residential building construction price index, relative importance, annual"
18100056,327-0052,"Apartment and non-residential building construction price index, relative importance, annual"
18100057,327-0054,"Machinery and equipment price index, by commodity, quarterly, inactive"
18100058,327-0055,"Machinery and equipment price index, by industry of purchase, quarterly, inactive"
18100061,331-0009,"Commercial software price index, monthly"
18100062,331-0010,Computer price index
18100063,331-0011,Computer peripheral price index (2011=100)
18100064,332-0010,"Commercial and industrial machinery and equipment rental and leasing services price index, quarterly, inactive"
18100065,332-0013,"Commercial rents services price index, quarterly, inactive"
18100067,326-0014,Accounting services price index (2000=100)
18100068,326-0019,"Telecommunications services price indexes (1999=100), inactive"
18100069,327-0001,"Price indexes of non-residential building construction, by class of structure (1992=100)"
18100070,327-0002,"Price indexes of nonresidential building construction, by class of structure and major sub-trade group"
18100071,327-0004,Construction union wage rate indexes (1992=100)
18100072,329-0053,"Couriers and messengers services price index, monthly, inactive"
18100073,327-0005,New housing price indexes (1997=100)
18100074,327-0006,"Average hourly earnings, excluding overtime, in building construction"
18100075,327-0007,Consulting engineering services price index
18100076,327-0008,Selected financial indexes (1992=100)
18100077,327-0009,Telecommunications plant price indexes (TPPI)
18100078,327-0010,"Electric utility construction price indexes (EUCPI), by component"
18100079,327-0013,Machinery and equipment price indexes (MEPI) (1986=100)
18100080,327-0014,"Machinery and equipment price indexes (MEPI), by commodity level 323, special purpose (1986=100)"
18100081,327-0015,Historical capital stock baseweighted price indexes
18100082,327-0016,"Machinery and equipment price indexes (MEPI), by industry of purchase (1986=100)"
18100083,327-0017,"Indexes of average hourly earnings, excluding overtime, in building construction, seasonally adjusted"
18100084,327-0018,"Construction wage rate indexes, composite"
18100085,327-0019,"Construction wage rate indexes, by trade groups"
18100086,327-0020,"Construction wage rate indexes, by unionized tradesmen"
18100087,327-0021,"Machinery and equipment price indexes (MEPI), by industry of purchase (1971=100)"
18100088,327-0022,"Machinery and equipment price indexes (MEPI), quarterly (1971=100)"
18100089,327-0023,"Machinery and equipment price indexes (MEPI), by commodity level 323, special purpose (1971=100)"
18100090,327-0024,Selected financial indexes
18100091,327-0025,"Residential and nonresidential construction building material price indexes, by activity groups"
18100092,327-0026,Electric utility construction price indexes (EUCPI) (1971=100)
18100093,327-0027,Chemical and mineral process plant indexes
18100094,327-0028,Chemical and petrochemical plant price indexes
18100095,327-0029,"New housing price indexes, total selling prices including lot value indexed for metropolitan areas"
18100096,327-0030,Highway construction price indexes
18100097,327-0031,"Manufacturer-installer selling price indexes, fabricated structural steel"
18100098,327-0032,"Manufacturer-installer selling price indexes, precast concrete"
18100099,327-0033,"Price indexes of apartment building construction, by major subtrade group"
18100100,327-0034,"Price indexes of nonresidential building construction, by class of structure (1986=100)"
18100101,327-0035,"Price indexes of nonresidential building construction, by type of building and major subtrade group"
18100102,327-0036,Telecommunications plant price indexes (TPPI) (1986=100)
18100103,327-0037,"Machinery and equipment price indexes (MEPI), monthly (1971=100)"
18100104,327-0039,"Price indexes of nonresidential building construction, by class of structure (1997=100)"
18100105,327-0040,"Price indexes of apartment and nonresidential building construction, by type of building and major subtrade group"
18100106,327-0041,Machinery and equipment price index
18100107,327-0042,"Machinery and equipment price index, by industry of purchase (1997=100)"
18100110,328-0001,Farm input price index (1986=100)
18100111,328-0002,"Farm inputs, selected indexes"
18100112,328-0003,"Farm input price index, total farm input price index"
18100113,328-0004,"Farm input price index, building and fencing"
18100114,328-0005,"Farm input price index, machinery and motor vehicles"
18100115,328-0006,"Farm input price index, crop production"
18100116,328-0007,"Farm input price index, animal production"
18100117,328-0008,"Farm input price index, supplies and services"
18100118,328-0009,"Farm input price index, hired farm labour"
18100119,328-0010,"Farm input price index, property taxes"
18100120,328-0011,"Farm input price index, interest"
18100121,328-0012,"Farm input price index, farm rent"
18100122,328-0013,"Farm inputs, selected average prices"
18100123,328-0014,Farm input price index (1992=100)
18100124,329-0001,"Industry price indexes, by industry and industry group"
18100125,329-0002,"Industry price indexes, by major commodity aggregations and stage of processing (1992=100)"
18100126,329-0003,"Industry price indexes for food, meat, fish and dairy products, beverages and tobacco"
18100127,329-0004,"Industry price indexes for rubber, leather, plastic fabricated products, textile and knitted products and clothing (1992=100)"
18100128,329-0005,"Industry price indexes for lumber, sawmill, other wood products, furniture and fixtures, paper and paper products, printing and publishing"
18100129,329-0006,"Industry price indexes for lumber, sawmill and other wood products, by regions"
18100130,329-0007,Industry price indexes for primary metal products and metal fabricating products (1992=100)
18100131,329-0008,"Industry price indexes for machinery and equipment, autos, trucks and other transport equipment (1992=100)"
18100132,329-0009,"Industry price indexes for electrical and communication products, nonmetallic mineral products, petroleum and coal products (1992=100)"
18100133,329-0010,"Industry price indexes for nonmetallic mineral products and petroleum and coal products, by regions (1992=100)"
18100134,326-0011,"Telecommunication services price indexes (1992=100), inactive"
18100135,327-0058,"Building construction price indexes, by type of building, inactive"
18100136,327-0059,"Building construction price indexes, relative importance, annual, inactive"
18100137,327-0060,"Building construction price indexes, relative importance by census metropolitan area (CMA), inactive"
18100138,329-0080,"Informatics professional services price indexes, annual"
18100139,,"Construction union wage rates, monthly"
18100140,,"Construction union wage rate index, monthly"
18100141,329-0011,Industry price indexes for chemical products and miscellaneous manufactured products (1992=100)
18100142,329-0012,"Industry price indexes for chemical products, by regions (1992=100)"
18100143,329-0013,Electric power selling price indexes (nonresidential) (1992=100)
18100144,329-0014,"Informatics professional services price indexes (IPSPI), computer systems design and related services, by North American Industry Classification System (NAICS) (1997=100)"
18100145,329-0015,"Industry price indexes, by major commodity aggregations and stage of processing (1986=100)"
18100146,329-0016,"Industrial price indexes for food, beverages, tobacco, meat, dairy and fish products industries"
18100147,329-0017,"Industrial product price indexes for rubber, leather and plastic fabricated products, textile and knitted products and clothing industries (1986=100)"
18100148,329-0018,"Industrial product price indexes for lumber, sawmill and other wood products, furniture and furniture fixtures, paper and paper products, printing and publishing industries (1986=100)"
18100149,329-0019,Industrial product price indexes for primary metal products and metal fabricated products industries (1986=100)
18100150,329-0020,"Industrial product price indexes for machinery and equipment, autos, trucks and other transportation equipment industries (1986=100)"
18100151,329-0021,"Industrial product price indexes for electrical and communication products, nonmetallic mineral products, petroleum and coal products industries (1986=100)"
18100152,329-0022,Industrial product price indexes for chemical products and miscellaneous manufactured products industries (1986=100)
18100153,329-0023,"Industrial product price indexes, by industry and industry group (1986=100)"
18100154,329-0024,Electric power selling price indexes (nonresidential) (1986=100)
18100155,329-0025,"Industrial product price indexes, by major commodity aggregations and stage of processing"
18100156,329-0026,"Industrial product price indexes for food, beverage, tobacco, meat, dairy and fish products industries"
18100157,329-0027,"Industrial product price indexes for rubber, leather and plastic fabricated products, textile and knitted products and clothing industries (1981=100)"
18100158,329-0028,"Industrial product price indexes for lumber, sawmill and other wood products, furniture and fixtures, paper and paper products, printing and publishing industries (1981=100)"
18100159,329-0029,Industrial product price indexes for primary metal products and metal fabricated products industries (1981=100)
18100160,,"Construction union wage rate index, weights"
18100161,329-0030,"Industrial product price indexes for machinery and equipment, autos, trucks and other transportation equipment industries (1981=100)"
18100163,329-0031,"Industrial product price indexes for electrical and communication products, nonmetallic mineral products, petroleum and coal products industries (1981=100)"
18100164,,"Architectural, engineering and related services price index, quarterly"
18100165,329-0032,Industrial product price indexes for chemical products and miscellaneous manufactured products industries (1981=100)
18100166,,"Investment banking services price index, annual"
18100167,329-0033,"Industrial product price indexes, by industry and industry group (1981=100)"
18100168,329-0034,"Iron ore index, monthly"
18100169,,"Residential property price index, quarterly, inactive"
18100170,329-0035,"Iron ore index, annual"
18100171,,"Residential property price index, annual weights, inactive"
18100172,329-0036,"Industry selling price indexes, by industry and selected commodities based on the Standard Industrial Classification, 1970 (SIC)"
18100173,,"Retail services price index, relative importance"
18100174,329-0037,"Industry selling price indexes, total manufacturing industries based on the Standard Industrial Classification, 1970 (SIC)"
18100176,329-0038,"Industry price indexes, by North American Industry Classification System (NAICS) (1997=100)"
18100177,329-0039,"Industry price indexes, by major commodity aggregations and stage of processing (1997=100)"
18100178,,"Consulting Services Price Index, quarterly"
18100179,,"Wholesale services price index, relative importance"
18100180,329-0040,"Industry price indexes for meat, fish and dairy products, fruits, vegetables and feeds, beverages and tobacco (1997=100)"
18100181,,"Freight Rail Services Price Index, quarterly"
18100182,329-0041,"Industry price indexes for rubber, leather, plastic fabricated products, textile and knitted products and clothing (1997=100)"
18100183,329-0042,"Industry price indexes for lumber and other wood products, furniture and fixtures, pulp and paper products, printing and publishing (1997=100)"
18100184,329-0043,"Industry price indexes for lumber and other wood products, by regions (1997=100)"
18100185,329-0044,Industry price indexes for primary metal products and fabricated metal products (1997=100)
18100186,329-0045,"Industry price indexes for machinery and equipment, motor vehicles and other transport equipment (1997=100)"
18100187,329-0046,"Industry price indexes for electrical and communication products, nonmetallic mineral products, petroleum and coal products (1997=100)"
18100188,329-0047,"Industry price indexes for nonmetallic mineral products and petroleum and coal products, by regions (1997=100)"
18100189,329-0048,Industry price indexes for chemical products and miscellaneous manufactured products (1997=100)
18100190,329-0049,"Industry price indexes for chemical products, by regions (1997=100)"
18100191,329-0050,Electric power selling price indexes (nonresidential) (1997=100)
18100192,329-0051,"Informatics professional services price indexes (IPSPI), software publishers, by North American Industry Classification System (NAICS)"
18100193,329-0052,"Informatics professional services price indexes (IPSPI), data processing, hosting and related services, by North American Industry Classification System (NAICS) (2001=100)"
18100194,329-0054,"Informatics professional services price indexes (IPSPI), internet service providers, by North American Industry Classification System (NAICS)"
18100195,329-0055,"Informatics professional services price indexes (IPSPI), web search portals, by North American Industry Classification System (NAICS)"
18100196,329-0056,"Industry price indexes, by major commodity aggregations"
18100197,329-0057,"Industry price indexes, by North American Industry Classification System (NAICS) (2002=100)"
18100198,329-0058,"Industry price indexes, by stage of processing"
18100199,329-0059,"Industry price indexes for meat, fish and dairy products, fruits, vegetables and feeds, beverages and tobacco (2002=100)"
18100200,329-0060,"Industry price indexes for rubber, leather, plastic fabricated products, textile and knitted products and clothing (2002=100)"
18100201,329-0061,"Industry price indexes for lumber and other wood products, furniture and fixtures, pulp and paper products, printing and publishing (2002=100)"
18100202,329-0062,"Industry price indexes for lumber and other wood products, by regions (2002=100)"
18100203,329-0063,Industry price indexes for primary metal products and fabricated metal products (2002=100)
18100204,329-0079,"Electric power selling price index, monthly"
18100205,327-0056,"New housing price index, monthly"
18100206,332-0023,"Consulting Services Price Index, quarterly, inactive"
18100207,331-0012,"Computer price index, by type of purchaser, monthly"
18100208,331-0013,"Computer peripheral price index, monthly"
18100209,331-0014,"Smart phone price index, monthly"
18100210,327-0057,"New housing price index, annual weights"
18100211,388-0011,Cannabis consumer prices
18100212,,"Freight Rail Services Price Index, monthly"
18100213,329-0064,"Industry price indexes for machinery and equipment, motor vehicles and other transport equipment (2002=100)"
18100214,329-0065,"Industry price indexes for electrical and communication products, nonmetallic mineral products, petroleum and coal products (2002=100)"
18100215,329-0066,"Industry price indexes for nonmetallic mineral products and petroleum and coal products, by regions (2002=100)"
18100216,329-0067,Industry price indexes for chemical products and miscellaneous manufactured products (2002=100)
18100217,329-0068,"Industry price indexes for chemical products, by regions (2002=100)"
18100218,330-0001,Raw materials price indexes (1992=100)
18100219,330-0002,Raw materials price indexes (1986=100)
18100220,330-0003,Raw materials price indexes (1981=100)
18100221,330-0004,"Raw materials price index, monthly (1977=100)"
18100222,330-0005,"Raw materials price index, annual (Index, 1977=100)"
18100223,330-0006,"Raw materials price indexes, monthly (Index, 1997=100)"
18100224,330-0007,"Raw materials price indexes, monthly (Index, 2002=100)"
18100225,331-0001,"Computer price indexes, by type of purchaser, monthly (Index, 2001=100)"
18100226,331-0002,Computer peripherals price indexes (2001=100)
18100227,331-0003,"Commercial software price index, Jan 2000 to Dec 2010"
18100228,331-0004,"Computer price indexes, by type of purchaser, monthly (index, 2002=100)"
18100229,331-0005,Computer peripheral price indexes (2002=100)
18100230,331-0006,"Commercial software price index, Jan 2000 to Apr 2012"
18100231,331-0007,"Computer price indexes, by type of purchaser, monthly (Index, 2007=100)"
18100232,331-0008,Computer peripheral price indexes (2007=100)
18100233,332-0001,"Commercial rents services price index, by North American Industry Classification System (NAICS), monthly (Index, 2006=100)"
18100234,332-0002,"Wholesale services price index, by North American Industry Classification System (NAICS)"
18100235,332-0004,"For-hire motor carrier freight services price index, monthly (2007=100)"
18100236,332-0009,"For-hire motor carrier freight services price index, quarterly (2007=100)"
18100237,332-0011,"Commercial rents services price index, by North American Industry Classification System (NAICS)"
18100238,451-0003,"United States industrial production index, seasonally adjusted, quarterly"
18100239,451-0009,"United States Consumer Price Index (CPI), monthly [1913 - 2006]"
18100240,451-0016,"United States historical industrial production index, seasonally adjusted"
18100241,451-0017,"United States Consumer Price Index (CPI), seasonally adjusted"
18100242,451-0019,"United States industrial production index, seasonally adjusted, monthly [1919 - 2005]"
18100243,451-0020,"United States industrial production index, seasonally adjusted, monthly [1919 - 2009]"
18100244,451-0021,"United States Consumer Price Index (CPI), monthly [2007 - 2009]"
18100245,,Monthly average retail prices for selected products
18100246,332-0019,"New lending services price index, monthly, inactive"
18100247,332-0020,"New lending services price index, quarterly, inactive"
18100248,329-8074,"Historical (real-time) releases of the industrial product price index, by major product group, monthly, inactive"
18100249,332-0026,"Traveller accommodation services price index, monthly"
18100250,332-0027,"Traveller accommodation services price index, quarterly"
18100251,332-0024,"Retail services price index, monthly"
18100252,332-0025,"Retail services price index, quarterly"
18100253,332-0029,"Wholesale services price index, monthly, inactive"
18100254,332-0030,"Wholesale services price index, quarterly, inactive"
18100255,,"Commercial rents services price index, monthly"
18100256,326-0023,"Consumer Price Index (CPI) statistics, measures of core inflation and other related statistics - Bank of Canada definitions"
18100257,332-0028,"Investment banking services price index, annual, inactive"
18100258,328-0016,"Farm input price index, quarterly"
18100259,326-8023,"Historical (real-time) releases of Consumer Price Index (CPI) statistics, measures of core inflation - Bank of Canada definitions"
18100260,,"Commercial rents services price index, quarterly"
18100262,,"Lending Services Price Index, quarterly"
18100263,,"Monthly adjusted price index, provisional"
18100264,,Monthly adjusted consumer expenditure basket weights
18100265,,"Industrial product price index, by major product group, monthly"
18100266,,"Industrial product price index, by product, monthly"
18100267,,"Industrial product price index, by industry, monthly"
18100268,,"Raw materials price index, monthly"
18100269,,"Machinery and equipment price index, by commodity, quarterly"
18100270,,"Machinery and equipment price index, by industry of purchase, quarterly"
18100271,,"Adjusted price index, monthly percentage change"
18100272,,"Industrial product price index, for selected products, by region, monthly"
18100273,,"New condominium apartment price indexes, by census metropolitan area"
18100274,,"New condominium apartment price index, relative importance, annual"
18100275,,"Couriers and messengers services price index, monthly"
18100276,,"Building construction price indexes, by type of building and division, inactive"
18100277,,"Wholesale services price index, monthly"
18100278,,"Wholesale services price index, quarterly"
18100279,,"Commercial and industrial machinery and equipment rental and leasing services price index, quarterly"
18100280,,"Commercial and industrial machinery and equipment rental and leasing services price index, monthly"
18100281,,"For-hire motor carrier freight services price index, monthly"
18100282,,"For-hire motor carrier freight services price index, quarterly"
18100283,,"Machinery and equipment price index, by commodity, monthly"
18100284,,"Machinery and equipment price index, by industry of purchase, monthly"
18100286,,"Residential renovation price indexes, by project"
18100288,,"Residential renovation price indexes, relative importance, annual"
18100289,,"Building construction price indexes, by type of building and division"
18100290,,"Building construction price indexes, relative importance by type of building and census metropolitan area, annual"
18100291,,"Building construction price indexes, relative importance by type of building and division, annual"
20100001,079-0003,"New motor vehicle sales, inactive"
20100002,079-0004,"New motor vehicle sales, by type of vehicle, inactive"
20100003,081-0018,"Wholesale sales, price and volume, by industry, seasonally adjusted"
20100005,081-8018,"Historical (real-time) releases of wholesale sales, price and volume, seasonally adjusted"
20100006,080-0012,"Retail non-store financial estimates, inactive"
20100007,080-0013,"Retail non-store commodity sales, inactive"
20100008,080-0020,"Retail trade sales by province and territory, inactive"
20100009,080-0022,"Retail commodity sales by industry, inactive"
20100010,080-0023,"Retail store financial estimates, inactive"
20100011,080-0024,"Retail trade sales, constant dollars and price index, inactive"
20100012,080-0025,"Retail store, method of sale, inactive"
20100013,080-0026,"Retail trade sales and e-commerce sales, inactive"
20100014,,"Wholesale trade, commodities based on North American Product Classification System Canada 2012, inactive"
20100015,,"Wholesale trade, commodities based on North American Product Classification System Canada 2022"
20100016,,"Retail commodity survey, retail sales, inactive"
20100017,,"Retail commodity survey, monthly retail sales, inactive"
20100018,081-0015,"Wholesale trade sales, chained dollars and price index"
20100020,081-8012,"Historical (real-time) releases of wholesale trade, inventories"
20100021,,"New motor vehicle registrations, inactive"
20100023,081-8015,"Historical (real-time) releases of wholesale trade, sales, chained dollars and price index"
20100024,,"New motor vehicle registrations, quarterly"
20100025,,"New zero-emission vehicle registrations, quarterly"
20100026,080-0001,"Retail trade, Canada by trade group, provinces, territories and selected census metropolitan areas, inactive"
20100027,080-0002,"Retail trade, Canada by trade group, provinces, territories and selected census metropolitan areas, unadjusted for seasonality, inactive"
20100028,080-0003,"Retail trade, constant dollars and price index, Canada, inactive"
20100029,080-0004,"Retail trade, department store type merchandise sales, inactive"
20100030,080-0005,"Retail trade, trends of seasonally adjusted sales, Canada by retail trade sector, inactive"
20100031,080-0006,"Retail trade, by kind of business, Canada, provinces, territories and selected census metropolitan areas, inactive"
20100032,080-0007,"Retail trade, constant dollars, Canada, inactive"
20100033,080-0008,"Sales of liquor, wine and beer, by kind of business and class of customer, Canada, provinces and territories, inactive"
20100034,080-0010,"Retail commodity survey, inactive"
20100035,080-0011,"Annual retail store survey, financial estimates by store type and trade group based on the North American Industry Classification System (NAICS), inactive"
20100036,080-0014,"Retail trade, sales by trade group based on the North American Industry Classification System (NAICS), monthly, inactive"
20100037,080-0015,"Retail trade, sales by trade group based on the North American Industry Classification System (NAICS), quarterly, inactive"
20100038,080-0016,"Retail trade, sales, chained dollars and price index, inactive"
20100039,080-0017,"Retail trade, sales by trade sector based on the North American Industry Classification System (NAICS), inactive"
20100040,080-0018,"Retail commodity survey based on the North American Industry Classification System (NAICS), inactive"
20100041,080-0019,"Retail commodity sales, by retail trade sector based on the North American Industry Classification System (NAICS), inactive"
20100042,080-0021,"Retail trade, sales, chained dollars and price index based on the North American Industry Classification System (NAICS), inactive"
20100043,081-0001,"Wholesale trade, inventories by trade group, inactive"
20100044,081-0002,"Wholesale trade, sales by trade group, inactive"
20100045,081-0003,"Year-to-year percentage changes in estimated levels of sales and inventories of wholesale merchants, inactive"
20100046,081-0004,"Month-to-month percentage changes in estimated levels of sales of wholesale merchants, seasonally adjusted, inactive"
20100047,081-0005,"Annual wholesale trade survey, financial estimates by trade group based on the North American Industry Classification System (NAICS), inactive"
20100048,081-0006,"Wholesale trade, commodity survey, inactive"
20100049,081-0007,"Wholesale trade, sales by trade group based on the North American Industry Classification System (NAICS), inactive"
20100050,081-0008,"Wholesale trade, inventories by trade group based on the North American Industry Classification System (NAICS), inactive"
20100051,081-0009,"Wholesale trade, sales, chained dollars and price index, inactive"
20100052,081-0010,"Wholesale trade and sales, seasonally adjusted, by trade sector based on the North American Industry Classification System (NAICS), inactive"
20100053,081-0013,"Wholesale trade, sales, chained dollars and price index based on the North American Industry Classification System (NAICS), inactive"
20100054,080-8020,"Historical (real-time) releases of retail trade, sales, inactive"
20100055,080-8024,"Historical (real-time) releases of retail trade, sales, chained dollars and price index based on the North American Industry Classification System (NAICS), inactive"
20100056,,Monthly retail trade sales by province and territory
20100057,076-0001,"Stocks and accounts receivables of department store sales (including concessions), January 1956 - October 2002, inactive"
20100058,076-0002,"Major and junior department store sales (excluding and including concessions), January 1981 - October 2002, inactive"
20100059,076-0003,"Department store sales and stocks, by department (including concessions), January 1968 - October 2002, inactive"
20100060,076-0004,"Department store survey, by department sales and stocks and on-going department store sales (including concessions), January 1968 - December 1990, inactive"
20100061,076-0005,"Monthly department store sales and stocks, January 1991 - November 2005, inactive"
20100062,077-0001,"Direct selling, by method of sale and commodity, inactive"
20100063,078-0001,"Merchandising inventories, retail chain store stocks, by selected kinds of business, inactive"
20100064,080-0031,"Annual retail trade survey, sales by method, inactive"
20100065,080-0032,"Retail trade, total sales and e-commerce sales, inactive"
20100066,080-0030,"Annual retail trade survey, financial estimates, inactive"
20100067,,"Monthly retail sales, price, and volume, seasonally adjusted"
20100068,080-0028,"Annual non-store retail survey, financial estimates, inactive"
20100069,080-0029,"Annual non-store retail survey, commodity sales"
20100071,,Quarterly retail commodity sales
20100072,080-0033,"Retail e-commerce sales, inactive"
20100073,080-0009,"Survey of large retailers, inactive"
20100074,081-0011,"Wholesale trade, sales"
20100075,081-0014,"Annual wholesale trade survey, financial estimates by the North American Industry Classification System (NAICS), inactive"
20100076,081-0012,"Wholesale trade, inventories"
20100077,081-0017,"Annual wholesale trade survey, financial estimates"
20100078,080-0027,"Retail sales, price, and volume, seasonally adjusted, inactive"
20100079,080-8027,"Historical (real-time) releases of retail sales, price, and volume, inactive"
20100080,,Monthly retail commodity sales
20100081,,"Historical (real-time) releases of monthly retail trade, sales"
20100082,,"Historical (real-time) releases of monthly retail sales, price, and volume"
20100083,,"Annual retail trade survey, summary statistics"
20100084,,"Annual retail trade survey, sales"
20100085,,"New motor vehicle sales, monthly"
20100086,,"New motor vehicle sales, by vehicle type, annual"
20100087,,"Origin and destination of wholesale sales by industry, annual"
21100001,351-0002,"Traveller accommodation, summary statistics, by North American Industry Classification System (NAICS), inactive"
21100002,351-0006,"Traveller accommodation, operating expenses, inactive"
21100003,351-0009,"Travel arrangement services, summary statistics"
21100004,351-0011,"Travel arrangement services, industry expenditures"
21100005,352-0005,"Real estate agents, brokers and appraisers and other real estate activities, summary statistics, by North American Industry Classification System (NAICS), inactive"
21100006,352-0017,"Real estate rental and leasing and property management, summary statistics, inactive"
21100007,361-0106,"Performing arts, e-commerce sales"
21100008,352-0018,"Real estate agents, brokers and appraisers, operating expenses, by North American Industry Classification System (NAICS), inactive"
21100009,352-0019,"Commercial and industrial machinery and equipment rental and leasing, summary statistics"
21100010,352-0020,"Commercial and industrial machinery and equipment rental and leasing, industry expenditures"
21100011,352-0021,"Commercial and industrial machinery and equipment rental and leasing, sales by type of client"
21100012,352-0022,"Automotive equipment rental and leasing, summary statistics"
21100013,352-0023,"Automotive equipment rental and leasing, industry expenditures"
21100014,352-0024,"Automotive equipment rental and leasing, sales by type of client"
21100015,352-0025,"Consumer goods rental, summary statistics"
21100016,352-0026,"Consumer goods rental, industry expenditures"
21100017,352-0027,"Consumer goods rental, sales by type of client"
21100018,355-0005,"Food services and drinking places, summary statistics, inactive"
21100019,355-0006,Monthly survey of food services and drinking places
21100020,355-0007,"Food services and drinking places, operating expenses, inactive"
21100021,360-0001,"Consulting services, summary statistics, inactive"
21100022,360-0002,"Specialized design services, summary statistics, by North American Industry Classification System (NAICS), inactive"
21100023,360-0005,"Engineering services, summary statistics, inactive"
21100024,360-0006,"Surveying and mapping services, summary statistics, inactive"
21100025,360-0008,"Specialized design services, sales by type of client, inactive"
21100026,360-0009,"Specialized design services, operating expenses, inactive"
21100027,360-0012,"Engineering services, operating expenses, inactive"
21100028,360-0013,"Engineering services, sales by type of client, inactive"
21100029,360-0016,"Surveying and mapping services, operating expenses, inactive"
21100030,360-0017,"Surveying and mapping services, sales by type of client, inactive"
21100031,360-0020,"Consulting services, operating expenses, inactive"
21100032,360-0021,"Consulting services, sales by type of client, inactive"
21100033,360-0022,"Advertising and related services, summary statistics"
21100034,360-0023,"Advertising and related services, industry expenditures"
21100035,360-0024,"Advertising and related services, sales by type of client"
21100036,360-0031,"Architectural services, summary statistics"
21100037,360-0032,"Architectural services, industry expenditures"
21100038,360-0033,"Architectural services, sales by type of client"
21100039,360-0034,"Accounting services, summary statistics"
21100040,360-0035,"Accounting services, industry expenditures"
21100041,360-0036,"Accounting services, sales by type of client"
21100042,361-0117,"Book publishers, net value of book sales by customer category"
21100043,361-0003,"Newspaper publishers, summary statistics, inactive"
21100044,361-0007,"Book publishers, summary statistics, inactive"
21100045,361-0009,"Performing arts, summary statistics, annual, inactive"
21100046,361-0012,"Motion picture theatres, summary statistics, inactive"
21100047,361-0013,"Spectator sports, event promoters, artists and related industries, summary statistics, inactive"
21100048,361-0022,"Newspaper publishers, operating expenses, inactive"
21100049,361-0023,"Spectator sports, event promoters, artists and related industries, operating expenses, inactive"
21100050,361-0028,"Motion picture theatres, operating expenses, inactive"
21100051,361-0029,"Performing arts, operating expenses, inactive"
21100052,361-0030,"Book publishers, operating expenses, inactive"
21100053,361-0032,"Periodical publishers, summary statistics"
21100054,361-0033,"Periodical publishers, industry expenditures"
21100055,361-0034,"Sound recording and music publishing, summary statistics"
21100056,361-0035,"Sound recording and music publishing, industry expenditures"
21100057,361-0036,"Amusement and recreation, summary statistics"
21100058,361-0037,"Amusement and recreation, industry expenditures"
21100059,361-0038,"Film, television and video production, summary statistics"
21100060,361-0039,"Repair and maintenance services, summary statistics"
21100061,361-0040,"Repair and maintenance services, industry expenditures"
21100062,361-0041,"Repair and maintenance services, sales by type of client"
21100063,361-0042,"Employment services, summary statistics"
21100064,361-0043,"Employment services, industry expenditures"
21100065,361-0044,"Employment services, sales by type of client"
21100066,361-0047,"Film, television and video post-production, summary statistics"
21100067,361-0048,"Film, television and video post-production, industry expenditures"
21100068,361-0049,"Film and video distribution, summary statistics"
21100069,361-0050,"Film and video distribution, industry expenditures"
21100070,361-0051,"Periodical publishers, sales by activity"
21100071,361-0052,"Periodical publishers, advertising, circulation and custom publishing revenue"
21100072,361-0053,"Periodical publishers, circulation net of returns by type of publication, inactive"
21100073,361-0054,"Periodical publishers, circulation net of returns by channel of distribution, inactive"
21100074,361-0055,"Film and video distribution, distribution revenue"
21100075,361-0056,"Film and video distribution, industry profile"
21100076,361-0057,"Film, television and video post-production, industry profile based on domestic and foreign sales"
21100077,361-0058,"Film, television and video post-production, industry profile based on type of revenue"
21100078,361-0059,"Film, television and video production, production revenue by type of production"
21100079,361-0060,"Film, television and video production, industry expenditures"
21100080,361-0061,"Sound recording and music publishing, total sales of recordings by country of control"
21100081,361-0062,"Sound recording and music publishing, royalties and rights, inactive"
21100082,361-0063,"Sound recording and music publishing, revenue from sales of recordings based on musical category"
21100083,361-0064,"Sound recording and music publishing, total sales of recordings based on nationality of artists"
21100084,361-0065,"Sound recording and music publishing, sales based on format of musical recordings"
21100085,351-0001,"Traveller accommodation industries, inactive"
21100086,351-0003,"Travel arrangement services, summary statistics, by North American Industry Classification System (NAICS), inactive"
21100087,351-0004,"Business conditions survey, traveller accommodation industries, hotelier's expectations, based on the North American Industry Classification System (NAICS), inactive"
21100088,351-0005,"Business conditions survey, traveller accommodation industries, business impediments, based on the North American Industry Classification System (NAICS), inactive"
21100089,351-0007,"Travel arrangement services, operating expenses, by North American Industry Classification System (NAICS), inactive"
21100090,351-0008,"Travel arrangement services, sales by type of client based on the North American Industry Classification System (NAICS), inactive"
21100091,352-0001,"Selected service industries, inactive"
21100092,352-0002,"Operating revenues and selected expenses for the real estate rental and leasing and property management service industry, inactive"
21100093,352-0003,"Real estate rental and leasing and property management, summary statistics, by North American Industry Classification System (NAICS), inactive"
21100094,352-0008,"Automotive equipment rental and leasing, summary statistics, by North American Industry Classification System (NAICS), inactive"
21100095,352-0009,"Commercial and industrial machinery and equipment rental and leasing, summary statistics, inactive"
21100096,352-0010,"Consumer goods rental, summary statistics, by North American Industry Classification System (NAICS), inactive"
21100097,352-0011,"Automotive equipment rental and leasing, operating expenses, by North American Industry Classification System (NAICS), inactive"
21100098,352-0012,"Automotive equipment rental and leasing, sales by type of client based on the North American Industry Classification System (NAICS), inactive"
21100099,352-0013,"Consumer goods rental, operating expenses, by North American Industry Classification System (NAICS), inactive"
21100100,352-0014,"Consumer goods rental, sales by type of client based on the North American Industry Classification System (NAICS), inactive"
21100101,352-0015,"Commercial and industrial machinery and equipment rental and leasing, operating expenses, by North American Industry Classification System (NAICS), inactive"
21100102,352-0016,"Commercial and industrial machinery and equipment rental and leasing, sales, by type of client based on the North American Industry Classification System (NAICS), inactive"
21100103,352-0031,"Consumer goods rental, e-commerce sales"
21100104,361-0103,"Amusement and recreation, e-commerce sales"
21100105,355-0001,"Restaurant, caterer and tavern statistics [January 1990 - December 2007], inactive"
21100106,361-0002,"Summary statistics for arts, entertainment and recreation (all establishments), by industry, inactive"
21100107,355-0004,"Summary statistics for food services and drinking places (all establishments), by North American Industry Classification System (NAICS), inactive"
21100108,359-0001,"Personal services, summary statistics, by North American Industry Classification System (NAICS), inactive"
21100109,359-0003,"Personal services, operating expenses, by North American Industry Classification System (NAICS), inactive"
21100110,360-0003,"Advertising and related services, summary statistics, inactive"
21100111,360-0007,"Accounting services, summary statistics, by North American Industry Classification System (NAICS), inactive"
21100112,360-0004,"Architectural services, summary statistics, by North American Industry Classification System (NAICS), inactive"
21100113,360-0010,"Architectural services, operating expenses, by North American Industry Classification System (NAICS), inactive"
21100114,360-0014,"Advertising and related services, operating expenses, by North American Industry Classification System (NAICS), inactive"
21100115,360-0015,"Advertising and related services, sales by type of client based on the North American Industry Classification System (NAICS), inactive"
21100116,360-0018,"Accounting services, operating expenses, by North American Industry Classification System (NAICS), inactive"
21100117,360-0019,"Accounting services, sales by type of client based on the North American Industry Classification System (NAICS), inactive"
21100118,361-0001,"Employment services, summary statistics, by North American Industry Classification System (NAICS), inactive"
21100119,361-0006,"Repair and maintenance services, summary statistics, by North American Industry Classification System (NAICS), inactive"
21100120,361-0017,"Repair and maintenance services, operating expenses, by North American Industry Classification System (NAICS), inactive"
21100121,361-0018,"Repair and maintenance services, sales by type of client based on the North American Industry Classification System (NAICS), inactive"
21100122,361-0019,"Employment services, sales by type of client based on the North American Industry Classification System (NAICS), inactive"
21100123,361-0020,"Employment services, operating expenses, by North American Industry Classification System (NAICS), inactive"
21100124,361-0021,"Amusement and recreation, operating expenses, by North American Industry Classification System (NAICS), inactive"
21100125,361-0024,"Sound recording and music publishing, operating expenses, by North American Industry Classification System (NAICS), inactive"
21100126,361-0025,"Film, television and video post-production, operating expenses, by North American Industry Classification System (NAICS), inactive"
21100127,361-0026,"Film and video distribution, operating expenses, by North American Industry Classification System (NAICS), inactive"
21100128,361-0031,"Periodical publishers, operating expenses, by North American Industry Classification System (NAICS), inactive"
21100129,360-0011,"Architectural services, sales by type of client based on the North American Industry Classification System (NAICS), inactive"
21100130,,"Travel arrangement services, distribution of sales by type of service provided"
21100131,355-0002,"Restaurant, caterer and tavern statistics [January 1981 - December 1997], inactive"
21100132,362-0001,"Quarterly industry revenue indices for selected service industries, inactive"
21100133,501-0001,"Film, video and audio-visual distribution and videocassettes wholesaling companies, by financial control and principal activity, inactive"
21100134,501-0002,"Revenue, expenses and profitability of film, video and audio-visual distribution and videocassettes wholesaling companies, by financial control and financial activity, inactive"
21100135,501-0003,"Employment, salaries and benefits for Canadian and foreign controlled film, video and audio-visual distribution and videocassettes wholesaling companies, by employment characteristics, inactive"
21100136,501-0004,"Revenue of film, video and audio-visual distribution companies, by Canadian and non-Canadian productions and primary intended markets, inactive"
21100137,501-0005,"Revenue of film, video and audio-visual distribution and videocassettes wholesaling companies, by primary intended markets, inactive"
21100138,501-0006,"Revenue of film, video and audio-visual distribution and videocassettes wholesaling companies, by financial control and primary intended markets, inactive"
21100139,501-0007,"Revenue of film, video and audio-visual distribution and videocassettes wholesaling companies, by company size and primary intended markets, inactive"
21100140,501-0008,"Film, video and audio-visual production, Canada and provinces, inactive"
21100141,501-0009,"Film, video and audio-visual production, by type of producer, Canada, inactive"
21100142,501-0010,"Movie theatres and drive-ins, by summary characteristics, inactive"
21100143,501-0011,"Summary characteristics of Canadian film, video and audio-visual post production industry, inactive"
21100144,504-0001,"Summary profile of heritage institutions and nature parks, inactive"
21100145,504-0002,"Provincial profile of heritage institutions, inactive"
21100146,504-0003,"Provincial profile of nature parks, inactive"
21100147,506-0001,"Canadian summary characteristics of performing arts, by discipline and company size, inactive"
21100148,506-0002,"Canadian financial summary of performing arts, by discipline and company size, inactive"
21100149,506-0003,"Provincial summary characteristics of performing arts, by discipline, inactive"
21100150,506-0004,"Provincial summary characteristics of performing arts, inactive"
21100151,506-0005,"Provincial financial summary of performing arts, inactive"
21100152,507-0003,"Sound recording industry, provincial summary characteristics, inactive"
21100153,507-0004,"Sound recording industry, new releases by nationality of artist and language of lyrics, inactive"
21100154,507-0005,"Sound recording industry, new releases by nationality of artist and musical category, inactive"
21100155,507-0006,"Sound recording industry, revenue from sales of recordings by format, inactive"
21100156,507-0007,"Sound recording industry, revenue from sales of recordings by musical category, inactive"
21100157,360-0025,"Specialized design services, summary statistics"
21100158,360-0026,"Specialized design services, industry expenditures"
21100159,360-0028,"Surveying and mapping services, summary statistics"
21100160,360-0027,"Specialized design services, sales by type of client"
21100161,360-0029,"Surveying and mapping services, industry expenditures"
21100162,360-0030,"Surveying and mapping services, sales by type of client"
21100163,360-0037,"Engineering services, summary statistics"
21100164,360-0038,"Engineering services, industry expenditures"
21100165,360-0039,"Engineering services, sales by type of client"
21100166,360-0040,"Consulting services, summary statistics"
21100167,360-0041,"Consulting services, industry expenditures"
21100168,360-0042,"Consulting services, sales by type of client"
21100169,361-0045,"Spectator sports, event promoters, artists and related industries, summary statistics"
21100170,361-0046,"Spectator sports, event promoters, artists and related industries, industry expenditures"
21100171,355-0008,"Food services and drinking places, summary statistics"
21100172,355-0009,"Food services and drinking places, industry expenditures"
21100174,360-0046,"Accounting services, sales by type of goods and services"
21100175,352-0028,"Real estate agents, brokers and appraisers, summary statistics"
21100176,352-0029,"Real estate agents and brokers, industry expenditures"
21100177,361-0066,"Employment services, sales by type of goods and services"
21100178,361-0068,"Motion picture theatres, summary statistics"
21100179,361-0069,"Motion picture theatres, industry expenditures"
21100180,361-0070,"Motion picture theatres, theatre operations"
21100181,361-0071,"Motion picture theatres, sales"
21100182,361-0072,"Performing arts, summary statistics"
21100183,361-0073,"Performing arts, industry expenditures"
21100184,361-0074,"Performing arts, salary expenses and volunteer statistics, not-for-profit"
21100185,361-0075,"Performing arts, sources of revenue, not-for-profit"
21100186,361-0076,"Performing arts, performances and attendance, not-for-profit"
21100187,361-0077,"Performing arts, detailed sources of revenue, not-for-profit"
21100188,361-0078,"Performing arts, sources of performance revenue, not-for-profit"
21100189,361-0079,"Performing arts, sources of public sector grants, not-for-profit"
21100190,361-0080,"Performing arts, sources of private sector revenue, not-for-profit"
21100191,361-0081,"Newspaper publishers, summary statistics"
21100192,361-0082,"Newspaper publishers, industry expenditures"
21100193,361-0083,"Newspaper publishers, advertising and circulation sales by type of paper"
21100194,361-0084,"Newspaper publishers, breakdown of total sales"
21100195,361-0085,"Newspaper publishers, circulation sales by type of format"
21100196,361-0086,"Newspaper publishers, advertising sales by type of format"
21100197,361-0087,"Newspaper publishers, sales by type of advertising"
21100198,360-0044,"Architectural services, distribution of operating sales by type of service"
21100199,360-0045,"Specialized design services, distribution of sales by type of service provided"
21100200,361-0088,"Book publishers, summary statistics"
21100201,361-0089,"Book publishers, industry expenditures"
21100202,361-0090,"Book publishers, detailed financial statistics by country of control"
21100203,361-0091,"Book publishers, net value of book sales by customer category, inactive"
21100204,361-0092,"Book publishers, sales by nationality of authors"
21100205,361-0093,"Book publishers, electronic sales"
21100206,361-0094,"Book publishers, sales of books by language of printing"
21100207,361-0095,"Book publishers, new titles published by commercial category, authorship breakdown"
21100208,361-0096,"Book publishers, new titles published by commercial category, country of control"
21100209,354-0013,"Software development and computer services, exports by industry"
21100210,354-0012,"Software development and computer services, breakdown of sales"
21100211,360-0043,"Surveying and mapping services, sales by type of goods and services"
21100212,360-0049,"Engineering services, sales by type of service"
21100213,355-0011,"Food services and drinking places, distribution of total sales"
21100214,360-0050,"Engineering services, distribution of foreign fee income"
21100215,361-0097,"Periodical publishers, digital and print circulation net of returns by channel of distribution, inactive"
21100216,361-0098,"Periodical publishers, breakdown of published titles by language"
21100217,361-0099,"Periodical publishers, breakdown of published titles by type of publication, inactive"
21100218,351-0014,"Travel arrangement services, distribution of sales by type of service provided, inactive"
21100219,361-0004,"Summary statistics for translation and interpretation services (all establishments), by industry, inactive"
21100220,361-0100,"Motion picture theatres, e-commerce sales"
21100221,352-0030,"Real estate rental and leasing and property management, summary statistics"
21100222,354-0001,"Summary statistics for firms providing computer services, by income size group, inactive"
21100223,354-0002,"Summary statistics for firms providing computer services, inactive"
21100224,354-0003,"Revenue according to type of service, for firms primarily engaged in providing computer services, inactive"
21100225,354-0004,"Computer service industry, inactive"
21100226,354-0005,"Software development and computer services, summary statistics, by North American Industry Classification System (NAICS), inactive"
21100227,354-0008,"Software development and computer services, sales by type of client, inactive"
21100228,361-0118,"Newspaper publishers, breakdown of total operating expenses by type of paper"
21100229,360-0052,"Specialized design services, e-commerce sales"
21100230,352-0034,"Automotive equipment rental and leasing, e-commerce sales"
21100231,360-0055,"Advertising and related services, e-commerce sales"
21100232,355-0012,"Food services and drinking places, e-commerce sales"
21100233,361-0109,"Employment services, e-commerce sales"
21100234,361-0112,"Spectator sports, event promoters, artists and related industries, e-commerce sales"
21100235,354-0014,"Software development and computer services, e-commerce sales"
21100236,351-0022,"Travel arrangement services, sales by type of client"
21100237,351-0015,"Accommodation services, distribution of sales by type of service provided"
21100238,351-0016,"Travel arrangement services, e-commerce sales"
21100239,351-0019,"Accommodation services, e-commerce sales"
21100240,361-0008,"Heritage institutions, summary statistics, by industry, inactive"
21100242,,"Motion picture theatres, methods used by businesses locations that reported e-commerce sales"
21100243,,"Consumer goods rental, methods used by businesses locations that reported e-commerce sales"
21100244,,"Automotive equipment rental and leasing, methods used by businesses locations that reported e-commerce sales"
21100245,,"Performing arts, methods used by businesses locations that reported e-commerce sales"
21100246,,"Amusement and recreation industry, methods used by businesses locations that reported e-commerce sales"
21100247,,"Travel arrangement services, methods used by businesses locations that reported e-commerce sales"
21100248,,"Book publishers, methods used by businesses locations that reported e-commerce sales"
21100249,,"Food services and drinking places, methods used by businesses locations that reported e-commerce sales"
21100250,,"Employment services, methods used by businesses locations that reported e-commerce sales"
21100251,,"Accommodation services,  methods used by businesses locations that reported e-commerce sales"
21100252,,"Accommodation services, sales by type of client"
21100253,,"Software development and computer services, methods used by businesses locations that reported e-commerce sales"
21100254,,"Spectator sports, event promoters, artists and related industries, methods used by businesses locations that reported e-commerce sales"
21100256,,"Book publishers, e-commerce sales"
21100257,,"Travel arrangement services, distribution of revenue by destination"
21100268,,"Periodical publishers, print circulation by type of publication"
21100269,,"Periodical publishers, print circulation by channel of distribution"
21100270,,"Periodical publishers, published titles by type of publication"
21100271,,"Sound recording and music publishing, royalties and rights for musical works and sound recordings"
22100001,,Cyber security measures enterprises have in place by industry and size of enterprise
22100002,354-0006,"Internet service providers, summary statistics by industry"
22100003,356-0004,"Telecommunications statistics, by operating and financial detail and North American Industrial Classification (NAICS)"
22100004,357-0001,Television broadcasting industry
22100005,357-0002,Radio broadcasting industry by operating and financial detail
22100006,357-0003,"Radio broadcasting industry, by type of broadcaster"
22100007,358-0167,"Household access to the Internet at home, by household income quartile and geography, inactive"
22100008,358-0168,"Internet security and privacy related incidents, by age group, level of education and household income, inactive"
22100009,358-0169,"Internet security and privacy related practices, frequency of deleting browser history by age group, level of education and household income"
22100010,358-0170,"Internet security software use, by household income, age group and level of education"
22100011,358-0171,"Households with access to the Internet at home by geography, inactive"
22100012,358-0189,"Internet security and privacy related practices, frequency of backing up files, by age group, level of education and household income"
22100013,358-0190,"Internet use by industry and size of enterprise, inactive"
22100014,358-0191,"Barriers to Internet use by industry, inactive"
22100015,358-0192,"Internet use by type of Internet connection, industry and size of enterprise, inactive"
22100016,358-0193,"Enterprises with a website by industry and size of enterprise, inactive"
22100017,358-0194,"Website features by industry and size of enterprise, inactive"
22100018,358-0195,Website traffic strategies by industry and size of enterprise
22100019,358-0196,"Online sales and purchases by industry and size of enterprise, inactive"
22100020,358-0197,"Information and communication technology use by industry and size of enterprise, inactive"
22100021,358-0198,Information and Communication Technology acquisition by industry and size of enterprise
22100022,358-0199,Main benefits of Information and Communication Technology use by industry and size of enterprise
22100023,358-0200,Business changes from using Information and Communication Technologies by industry and size of enterprise
22100024,358-0201,Capital expenditures on Information and Communication Technologies by industry and size of enterprise
22100025,358-0202,Expenses on types of Information and Communication Technologies by industry and size of enterprise
22100026,358-0219,"Internet use, by location and frequency of use"
22100027,358-0220,"Internet use by intensity of use, age group, sex, and level of education, inactive"
22100028,358-0230,"Characteristics of online sales by industry and size of enterprise, inactive"
22100029,358-0231,"Online interaction with governments by industry and size of enterprise, inactive"
22100030,358-0232,"Barriers to further integrating Information and Communication Technologies (ICTs) by industry and size of enterprise, inactive"
22100031,358-0233,"Enterprises investing in Information and Communications Technology (ICT) training, by industry and size of enterprise, inactive"
22100032,358-0234,"Enterprises identifying Information and Communications Technology (ICT) security practices, by industry and size of enterprise"
22100033,358-0235,"Enterprises that identified an Internet security breach, by industry and size of enterprise"
22100034,358-0002,"Household Internet use, by location of use and geography"
22100035,358-0003,Household internet use by location of use and type of household
22100036,358-0004,"Household Internet use, by location of use and age of household head"
22100037,358-0005,"Household Internet use, by location of use and education level of household head"
22100038,358-0006,"Household Internet use at home, by Internet activity"
22100039,358-0007,"Use of information and communication technologies, by industry"
22100040,358-0008,"Enterprises with a website, by industry"
22100041,358-0009,"Characteristics of Web sites, by industry"
22100042,358-0010,"Enterprises that sell over the Internet, by industry"
22100043,358-0011,"Enterprises that purchase over the Internet, by industry"
22100045,358-0013,"Selected reasons enterprises use the Internet, by industry"
22100046,358-0014,"Barriers to electronic commerce, by industry"
22100047,358-0015,"Enterprises' perceived benefits of conducting business over the Internet, by industry"
22100048,358-0016,"Methods enterprises use to access the Internet (low speed or high speed), by industry"
22100049,358-0017,"Household Internet use, by location of use and household income"
22100050,358-0018,"Households accessing the Internet, by type of Internet shoppers"
22100051,358-0019,Households electronic commerce and electronic orders by payment and geography
22100052,358-0020,Households electronic commerce in Canada and in other countries by geography
22100053,358-0021,Electronic commerce households average expenditure on orders from any location by geography
22100054,358-0022,"Electronic commerce households shopping, by type of product"
22100055,358-0023,"Household concerns about security and privacy on the Internet, by type of Internet shoppers"
22100056,,Main reasons enterprises spend time or money on cyber security by industry and size of enterprise
22100057,358-0121,"Use of open source software, by industry"
22100058,358-0122,"Internet use, by location of access by geography"
22100059,358-0123,"Internet use, by location of access, household type and geography"
22100060,358-0124,"Internet use, by location of access, sex and age group"
22100061,358-0125,"Internet use, by location of access and level of education"
22100062,358-0126,"Internet use, by location of access and income quartile"
22100063,358-0127,"Internet use, by language used to search for information"
22100064,358-0128,"Internet use, by age group and Internet privacy concern"
22100065,358-0129,"Internet use at home, by age group and frequency of use"
22100066,358-0130,"Internet use at home, by Internet activity and urban or rural distribution"
22100067,358-0131,"Internet use at home, by sex and medical or health-related information search"
22100068,358-0132,"Internet use at home, by sex and government on-line activity"
22100069,358-0133,"Internet use at home, by sex and specific educational purposes"
22100070,358-0134,"Internet use at home, by type of connection and region"
22100071,358-0135,"Internet shopping, by type of Internet shopper and region"
22100072,358-0136,"Internet shopping, by type of Internet shopper and type of product and service"
22100073,358-0137,"Electronic commerce, electronic orders, by destination and region"
22100074,358-0138,"Electronic commerce, electronic orders, by type of payment and region"
22100075,358-0139,"Interaction with governments on-line, by industry"
22100076,,Types of cyber security incidents that impact enterprises by industry and size of enterprise
22100077,,"Impacts of cyber security incidents by industry and enterprise size, inactive"
22100078,,Reporting of cyber security incidents to a police service by industry and size of enterprise
22100079,,Frequency of cyber security incidents experienced by industry and enterprise size
22100080,354-0007,"Software development and computer services, operating expenses, by North American Industry Classification System (NAICS), inactive"
22100081,,"Location of Internet access by age group and household income quartile, inactive"
22100082,,"Internet use and intensity of use per week by gender, age group and highest certificate, diploma or degree completed, inactive"
22100083,,"Internet use by province, inactive"
22100084,,"Online activities by gender, age group and highest certificate, diploma or degree completed, inactive"
22100085,,"Online shoppers and type of purchase by age group, inactive"
22100086,,Methods of payment for goods and services ordered over the Internet by gender and age group
22100087,354-0009,"Software development and computer services, summary statistics"
22100088,354-0010,"Software development and computer services, industry expenditures"
22100089,354-0011,"Software development and computer services, sales by type of client"
22100090,356-0001,Comparative summary of telephone statistics
22100091,356-0002,"Telephone statistics, annual"
22100092,356-0003,"Telephone statistics, monthly"
22100093,502-0001,"Television viewing time, by viewer demographic characteristics, signal source and content of programme"
22100094,502-0002,"Average hours per week of television viewing, by selected age groups"
22100095,502-0003,"Average hours per week of television viewing, by sex and selected age groups"
22100096,502-0004,"Television viewing time of all television stations, by viewer demographic characteristics, content and type of programme, Canada"
22100097,502-0005,"Television viewing time of all television stations, by province, content and type of programme"
22100098,503-0001,"Radio listening, average hours per week by audience characteristics"
22100099,503-0002,"Radio listening, percentage share by radio station format"
22100100,503-0003,"Radio listening, percentage share by radio station format and audience characteristics"
22100101,503-0004,"Radio listening, percentage share by radio station format and audience education level"
22100102,503-0005,"Radio listening, percentage share by radio station format and audience occupation"
22100103,353-0001,"Operating and financial summary of the cable television industry, inactive"
22100104,353-0002,"Operating and financial summary of the cable television industry, Nova Scotia and New Brunswick, inactive"
22100105,353-0003,Operating and financial summary of the cable and other program distribution industry
22100106,,"Average expenditure on goods and services ordered over the Internet by age group, inactive"
22100107,,Device protection from cyber security incidents
22100108,,"Internet security and privacy related practices by age group and highest certificate, diploma or degree completed"
22100109,,"Internet security and privacy related incidents over the Internet by age group, inactive"
22100110,121-0001,"Use of technology by age group and sex, Canada, provinces and regions"
22100111,121-0002,"Job satisfaction by age group and sex, Canada, provinces and regions"
22100112,,"Activities related to digital skills by age group and highest certificate, diploma or degree completed"
22100113,,Use of Internet services and technologies by age group and household income quartile
22100114,,"Adverse effects of using the Internet and social networking websites or apps by gender and age group, inactive"
22100115,,"Smartphone use and smartphone habits by gender and age group, inactive"
22100116,,"Internet access by type of Internet connection, industry, and size of enterprise"
22100117,,Information and communication technologies used by industry and size of enterprise
22100118,,"Enterprises with Information and Communication Technologies specialists, and training provided for ICT-related skills, by industry and size of enterprise, inactive"
22100119,,Reasons for not using the Internet by industry and size of enterprise
22100120,,Types of web presence by industry and size of enterprise
22100121,,Reasons for not having a web presence by industry and size of enterprise
22100122,,Online interactions with the Canadian federal government by industry and size of enterprise
22100123,,"Online orders received and purchases made for goods and services, by industry and size of enterprise"
22100124,,Gross sales made over the Internet by industry and size of enterprise
22100125,,Online sales to specific regions by industry and size of enterprise
22100126,,Percentage of online sales obtained from specific regions by industry and size of enterprise
22100127,,Enterprises that offer employees the option to telework by industry and size of enterprise
22100128,,Use of personally-owned devices to carry out business-related activities by industry and size of enterprise
22100129,,Number of employees that complete tasks related to cyber security by industry and size of enterprise
22100130,,Use of risk management arrangements by industry and size of enterprise
22100131,,Average cost to prevent or detect cyber security incidents by industry and size of enterprise
22100132,,Average cost to recover from cyber security incidents by industry and size of enterprise
22100133,,Impacts of cyber security incidents on enterprises by industry and size of enterprise
22100134,,Access to the Internet at home by geography
22100135,,Internet use by province and age group
22100136,,"Intensity of use of Internet, video streaming services and video gaming services by gender, age group and highest certificate, diploma or degree completed"
22100137,,"Selected online activities by gender, age group and highest certificate, diploma or degree completed"
22100138,,Goods and services purchased online by age group
22100139,,Average expenditure per person on goods and services ordered over the Internet by age group
22100140,,Internet security and privacy related incidents experienced over the Internet by age group
22100141,,Level of concern about security and privacy threats when using applications or digital technologies
22100142,,Selected social outcomes of using the Internet and social networking websites or apps by gender and age group
22100143,,Smartphone personal use and selected smartphone habits by gender and age group
22100144,,Internet access locations by age group and family income quartile
23100001,,"Multimodal Safety and Security Programs Enforcement Actions, by federal government fiscal year quarter, Transport Canada"
23100002,401-0007,"Aircraft movements, by class of operation and peak hour and peak day of movements, for airports with NAV CANADA towers, monthly, inactive"
23100003,401-0008,"Aircraft movements, by civil and military movements, airports with NAV CANADA towers, monthly, inactive"
23100004,401-0009,"Itinerant movements, by type of operation, airports with NAV CANADA towers, monthly, inactive"
23100005,401-0010,"Itinerant movements, by instrument flight rules, visual flight rules and runway 88, airports with NAV CANADA towers, monthly, inactive"
23100006,401-0011,"Itinerant movements by type of power plant, airports with NAV CANADA towers, monthly, inactive"
23100007,401-0012,"Itinerant movements, by aircraft maximum take-off weight, for airports with NAV CANADA towers, monthly, inactive"
23100008,401-0013,"Domestic and international Itinerant movements, by type of operation, airports with NAV CANADA towers, monthly, inactive"
23100009,401-0014,"Aircraft movements, by class of operation and peak hour and peak day of movements, airports with NAV CANADA flight service stations, monthly, inactive"
23100010,401-0015,"Aircraft movements, by civil and military movements, airports with NAV CANADA flight service stations, monthly, inactive"
23100011,401-0016,"Itinerant movements, by type of operation, airports with NAV CANADA flight service stations, monthly, inactive"
23100012,401-0017,"Itinerant movements, by instrument flight rules, visual flight rules and runway 88, airports with NAV CANADA flight service stations, monthly, inactive"
23100013,401-0018,"Itinerant movements, by type of power plant, airports with NAV CANADA flight service stations, monthly, inactive"
23100014,401-0019,"Itinerant movements, by aircraft maximum take-off weight, airports with NAV CANADA flight service stations, monthly, inactive"
23100015,401-0020,"Domestic and international itinerant movements, by type of operation, airports with NAV CANADA flight service stations, monthly, inactive"
23100016,401-0021,"Aircraft movements, by class of operation and type of operation, airports without air traffic control towers, monthly"
23100017,401-0022,"Itinerant movements, by weight group and type of power plant, airports without air traffic control towers, monthly"
23100018,401-0023,"Aircraft movements, by class of operation, airports with NAV CANADA towers, annual"
23100019,401-0024,"Aircraft movements, by civil and military movements, for airports with NAV CANADA towers, annual"
23100020,401-0025,"Itinerant movements, by type of operation, airports with NAV CANADA towers, annual"
23100021,401-0026,"Itinerant movements, by instrument flight rules, visual flight rules and runway 88, airports with NAV CANADA towers, annual"
23100022,401-0027,"Itinerant movements, by type of power plant, airports with NAV CANADA towers, annual"
23100023,401-0028,"Itinerant movements, by aircraft maximum take-off weight, airports with NAV CANADA towers, annual"
23100024,401-0029,"Domestic and international itinerant movements, by type of operation, airports with NAV CANADA towers, annual"
23100025,401-0030,"Aircraft movements, by class of operation, for airports with NAV CANADA flight service stations, annual"
23100026,401-0031,"Aircraft movements, by civil and military movements, airports with NAV CANADA flight service stations, annual"
23100027,401-0032,"Itinerant movements, by type of operation, airports with NAV CANADA flight service stations, annual"
23100028,401-0033,"Itinerant movements, by instrument flight rules, visual flight rules and runway 88, airports with NAV CANADA flight service stations, annual"
23100029,401-0034,"Itinerant movements, by type of power plant, airports with NAV CANADA flight service stations, annual"
23100030,401-0035,"Itinerant movements, by aircraft maximum take-off weight, airports with NAV CANADA flight service stations, annual"
23100031,401-0036,"Domestic and international itinerant movements, by type of operation, airports with NAV CANADA flight service stations, annual"
23100032,401-0037,"Aircraft movements, by class of operation and type of operation, airports without air traffic control towers, annual"
23100033,401-0067,"Civil aviation operating statistics, by type of service, Canadian air carriers, Levels I to III, annual"
23100034,401-0069,"Civil aviation financial statistics, Canadian air carriers, Levels I to III, annual"
23100035,401-0071,"Civil aviation balance sheet, Canadian air carriers, Levels I to III, annual"
23100036,401-0041,"Domestic and international average air fares, by fare type group, quarterly"
23100037,401-0042,"Discount fare traffic, by sector, quarterly"
23100038,401-0043,"Operational statistics for major Canadian airlines, level IA, by airline, monthly"
23100039,401-0072,"Civil aviation employment and fuel consumption, Canadian air carriers, Levels I to III, annual"
23100040,401-0074,"Civil aviation financial performance indicators, Canadian air carriers, Levels I to III, annual"
23100043,401-0075,"Civil aviation productivity measures, Canadian air carriers, Levels I to III, annual"
23100045,404-0004,"Railway industry operating and income accounts, by mainline companies"
23100046,404-0005,Railway industry operating and income accounts of regional companies
23100047,404-0006,"Railway industry balance sheet, by mainline companies"
23100048,404-0007,Railway industry balance sheet of regional companies
23100049,404-0008,Railway industry property accounts summary of assets and accumulated amortization by mainline companies
23100050,404-0009,Railway industry property accounts summary of regional companies
23100051,404-0010,"Railway industry length of track operated at the end of the year, by company"
23100052,404-0011,"Railway industry length of track operated at the end of the year by area, by company"
23100053,404-0012,Railway industry diesel fuel consumption
23100054,404-0013,Railway industry diesel fuel consumption by area
23100055,404-0014,Railway industry operating statistics by mainline companies
23100056,404-0015,Railway industry operating statistics of regional companies
23100057,404-0016,Railway industry summary statistics on freight and passenger transportation
23100058,404-0017,Railway industry inventory of equipment in service by mainline companies
23100059,404-0018,"Railway transport survey, inventory of equipment in service summary of regional railways"
23100060,404-0019,"Railway industry employees and employee compensation, by major occupational group"
23100061,404-0020,"Railway industry summary statistics on employment, by occupational categories and mainline companies"
23100062,404-0021,Rail industry origin and destination of transported commodities
23100063,404-0022,"Rail transportation, origin and destination of intermodal tonnage"
23100066,405-0002,"Sales of fuel used for road motor vehicles, annual"
23100067,405-0004,"Vehicle registrations, by type of vehicle, inactive"
23100073,,"Multimodal Safety and Security Programs Immediate Risk Reduction Measures, by federal government fiscal year quarter, Transport Canada"
23100078,408-0004,"Large urban transit statistics, revenue and passenger trips based on 10 major Canadian urban transit operators"
23100079,401-0001,"Operating and financial statistics for major Canadian airlines, monthly"
23100080,405-0003,"Sales of gasoline used for road motor vehicles, monthly, inactive"
23100081,408-0005,"Financial performance of the passenger bus and urban transit industries, by industry"
23100082,408-0006,"Canadian passenger bus and urban transit industries, capital expenditures, by industry"
23100083,408-0007,"Canadian passenger bus and urban transit industries, employment and compensation, by industry"
23100084,408-0008,"Canadian passenger bus and urban transit industries, fuel consumption, by industry"
23100085,408-0009,"Canadian passenger bus and urban transit industries, operating revenue, by Industry"
23100086,408-0010,"Canadian passenger bus and urban transit industries, equipment operated, by industry and type of vehicle"
23100087,408-0011,"Canadian passenger bus and urban transit industries, maintenance cost, by type of vehicle"
23100088,408-0012,"Canadian passenger bus and urban transit industries, revenue, selected provinces and regions"
23100089,401-0002,Operating and financial statistics of transcontinental and regional air carriers
23100090,401-0005,"Aircraft movements by class of operation, airports with NAV CANADA towers, preliminary, monthly"
23100091,401-0006,"Aircraft movements by class of operation, airports with NAV CANADA towers, preliminary, annual"
23100092,404-0001,"Railway carloadings statistics, by commodity"
23100093,404-0003,Operating statistics of Canadian railways
23100094,405-0005,"Canadian vehicle survey, number of vehicles on the registration lists, by type of vehicle, province and territory, quarterly"
23100095,405-0006,"Canadian vehicle survey, number of vehicles in scope, by type of vehicle, province and territory, quarterly"
23100096,405-0007,"Canadian vehicle survey, passenger-kilometres, by type of vehicle and province, quarterly"
23100097,405-0008,"Canadian vehicle survey, vehicle-kilometres, by type of vehicle, province and territory, quarterly"
23100098,405-0009,"Canadian vehicle survey, number of vehicles in scope, by type of vehicle and type of fuel, quarterly"
23100099,405-0010,"Canadian vehicle survey, passenger-kilometres, by type of vehicle and age of vehicle model, quarterly"
23100100,405-0011,"Canadian vehicle survey, vehicle-kilometres, by type of vehicle and age of vehicle model, quarterly"
23100101,405-0012,"Canadian vehicle survey, passenger-kilometres, by type of vehicle and type of vehicle body, quarterly"
23100102,405-0013,"Canadian vehicle survey, vehicle-kilometres, by type of vehicle and type of vehicle body, quarterly"
23100103,405-0014,"Canadian vehicle survey, number of vehicles in scope, by type of vehicle and type of vehicle body, quarterly"
23100104,405-0015,"Canadian vehicle survey, passenger-kilometres, by type of vehicle and type of fuel, quarterly"
23100105,405-0016,"Canadian vehicle survey, vehicle-kilometres, by type of vehicle and type of fuel, quarterly"
23100106,405-0017,"Canadian vehicle survey, passenger-kilometres, by type of vehicle and days of the week, quarterly"
23100107,405-0018,"Canadian vehicle survey, vehicle-kilometres, by type of vehicle and days of the week, quarterly"
23100108,405-0019,"Canadian vehicle survey, passenger-kilometres, by type of vehicle and driver age group, quarterly"
23100109,405-0020,"Canadian vehicle survey, vehicle-kilometres, by type of vehicle and driver age group, quarterly"
23100110,405-0021,"Canadian vehicle survey, passenger-kilometres for vehicles over 4.5 tonnes, by type of vehicle and purpose of trip, quarterly"
23100111,405-0022,"Canadian vehicle survey, vehicle-kilometres for vehicles up to 4.5 tonnes, by type of vehicle and purpose of trip (specific to vehicle type)"
23100112,405-0023,"Canadian vehicle survey, passenger-kilometres for trucks over 4.5 tonnes, by type of vehicle and purpose of trip (specific to vehicle type), quarterly, [1999]"
23100113,405-0024,"Canadian vehicle survey, vehicle-kilometres for trucks over 4.5 tonnes, by type of vehicle and purpose of trip (specific to vehicle type), quarterly"
23100114,405-0025,"Canadian vehicle survey, vehicle-kilometres for buses, by type of vehicle and purpose of trip (specific to vehicle type), quarterly"
23100115,405-0026,"Canadian vehicle survey, passenger-kilometres, by type of vehicle and sex of driver, quarterly"
23100116,405-0027,"Canadian vehicle survey, vehicle-kilometres, by type of vehicle and sex of driver, quarterly"
23100117,405-0028,"Canadian vehicle survey, passenger-kilometres, by type of vehicle and time of day, quarterly"
23100118,405-0029,"Canadian vehicle survey, vehicle-kilometres, by type of vehicle and time of day, quarterly"
23100119,405-0030,"Canadian vehicle survey, passenger-kilometres, by type of vehicle and carrying dangerous goods, quarterly"
23100120,405-0031,"Canadian vehicle survey, vehicle-kilometres, by type of vehicle and carrying dangerous goods, quarterly"
23100121,405-0032,"Canadian vehicle survey, passenger-kilometres, by type of vehicle and type of day, quarterly"
23100122,405-0033,"Canadian vehicle survey, vehicle-kilometres, by type of vehicle and type of day, quarterly"
23100123,405-0034,"Canadian vehicle survey, passenger-kilometres, by type of vehicle and type of road, quarterly"
23100124,405-0035,"Canadian vehicle survey, vehicle-kilometres, by type of vehicle and type of road, quarterly"
23100125,405-0036,"Canadian vehicle survey, passenger-kilometres, by type of vehicle and passenger age group, quarterly"
23100126,405-0037,"Canadian vehicle survey, passenger-kilometres for vehicles up to 4.5 tonnes, by type of vehicle and purpose of trip, quarterly"
23100127,405-0038,"Canadian vehicle survey, vehicle-kilometres for vehicles up to 4.5 tonnes, by type of vehicle and purpose of trip"
23100128,405-0039,"Canadian vehicle survey, passenger-kilometres, by type of vehicle, type of day and time of day, quarterly"
23100129,405-0040,"Canadian vehicle survey, vehicle-kilometres, by type of vehicle, type of day and time of day, quarterly"
23100130,405-0041,"Canadian vehicle survey, passenger-kilometres, by type of vehicle, driver age group and sex of driver, quarterly"
23100131,405-0042,"Canadian vehicle survey, vehicle-kilometres, by type of vehicle, driver age group and sex of driver, quarterly"
23100132,405-0043,"Canadian vehicle survey, fuel purchased, by type of vehicle and type of fuel, quarterly"
23100133,405-0044,"Canadian vehicle survey, number of vehicles up to 4.5 tonnes, by year of vehicle model, province and territory, quarterly"
23100134,405-0045,"Canadian vehicle survey, number of trucks 4.5 tonnes to 14.9 tonnes, by year of vehicle model, province and territory, quarterly"
23100135,405-0046,"Canadian vehicle survey, number of trucks 15 tonnes and over, by year of vehicle model, province and territory, quarterly"
23100136,405-0047,"Canadian vehicle survey, number of buses, by year of vehicle model, province and territory, quarterly"
23100137,405-0048,"Canadian vehicle survey, buses, passenger-kilometres by type of vehicle and purpose of trip (specific to vehicle type), quarterly"
23100138,405-0049,"Canadian vehicle survey, vehicles up to 4.5 tonnes, passenger-kilometres by type of vehicle and purpose of trip (specific to vehicle type), quarterly"
23100139,405-0050,"Canadian vehicle survey, vehicles up to 4.5 tonnes, vehicle-kilometres by type of vehicle and purpose of trip (specific to vehicle type)"
23100140,405-0051,"Canadian vehicle survey, passenger-kilometres for vehicles up to 4.5 tonnes by vehicle group and purpose of trip, quarterly"
23100141,405-0052,"Canadian vehicle survey, vehicle-kilometres for vehicles up to 4.5 tonnes by vehicle group and purpose of trip, quarterly"
23100142,,"Origin and destination of transported commodities, Canadian Freight Analysis Framework"
23100144,405-0054,"Canadian vehicle survey, passenger-kilometres for trucks over 4.5 tonnes, by vehicle group, type of vehicle and purpose of trip (specific to vehicle type), quarterly"
23100145,405-0055,"Canadian vehicle survey, number of vehicles on the registration lists, by type of vehicle, province and territory, annual"
23100146,405-0056,"Canadian vehicle survey, number of vehicles in scope, by type of vehicle, province and territory, annual"
23100147,405-0057,"Canadian vehicle survey, passenger-kilometres, by type of vehicle and province, annual"
23100148,405-0058,"Canadian vehicle survey, vehicle-kilometres, by type of vehicle, province and territory, annual"
23100149,405-0059,"Canadian vehicle survey, number of vehicles in scope, by type of vehicle and type of fuel, annual"
23100150,405-0060,"Canadian vehicle survey, passenger-kilometres, by type of vehicle and age of vehicle model, annual"
23100151,405-0061,"Canadian vehicle survey, vehicle-kilometres, by type of vehicle and age of vehicle model, annual"
23100152,405-0062,"Canadian vehicle survey, passenger-kilometres, by type of vehicle and type of vehicle body, annual"
23100153,405-0063,"Canadian vehicle survey, vehicle-kilometres, by type of vehicle and type of vehicle body, annual"
23100154,405-0064,"Canadian vehicle survey, number of vehicles in scope, by type of vehicle and type of vehicle body, annual"
23100155,405-0065,"Canadian vehicle survey, passenger-kilometres, by type of vehicle and type of fuel, annual"
23100156,405-0066,"Canadian vehicle survey, vehicle-kilometres, by type of vehicle and type of fuel, annual"
23100157,405-0067,"Canadian vehicle survey, passenger-kilometres, by type of vehicle and days of the week, annual"
23100158,405-0068,"Canadian vehicle survey, vehicle-kilometres, by type of vehicle and days of the week, annual"
23100159,405-0069,"Canadian vehicle survey, passenger-kilometres, by type of vehicle and driver age group, annual"
23100160,405-0070,"Canadian vehicle survey, vehicle-kilometres, by type of vehicle and driver age group, annual"
23100161,405-0071,"Canadian vehicle survey, vehicle-kilometres for buses, by type of vehicle and purpose of trip (specific to vehicle type), annual"
23100162,405-0072,"Canadian vehicle survey, passenger-kilometres, by type of vehicle and sex of driver, annual"
23100163,405-0073,"Canadian vehicle survey, vehicle-kilometres, by type of vehicle and sex of driver, annual"
23100164,405-0074,"Canadian vehicle survey, passenger-kilometres, by type of vehicle and time of day, annual"
23100165,405-0075,"Canadian vehicle survey, vehicle-kilometres, by type of vehicle and time of day, annual"
23100166,405-0076,"Canadian vehicle survey, passenger-kilometres, by type of vehicle and carrying dangerous goods, annual"
23100167,405-0077,"Canadian vehicle survey, vehicle-kilometres, by type of vehicle and carrying dangerous goods, annual"
23100168,405-0078,"Canadian vehicle survey, passenger-kilometres, by type of vehicle and type of day, annual"
23100169,405-0079,"Canadian vehicle survey, vehicle-kilometres, by type of vehicle and type of day, annual"
23100170,405-0080,"Canadian vehicle survey, passenger-kilometres, by type of vehicle and type of road, annual"
23100171,405-0081,"Canadian vehicle survey, vehicle-kilometres, by type of vehicle and type of road, annual"
23100172,405-0082,"Canadian vehicle survey, passenger-kilometres, by type of vehicle and passenger age group, annual"
23100173,405-0083,"Canadian vehicle survey, passenger-kilometres, by type of vehicle, type of day and time of day, annual"
23100174,405-0084,"Canadian vehicle survey, vehicle-kilometres, by type of vehicle, type of day and time of day, annual"
23100175,405-0085,"Canadian vehicle survey, passenger-kilometres, by type of vehicle, driver age group and sex of driver, annual"
23100176,405-0086,"Canadian vehicle survey, vehicle-kilometres, by type of vehicle, driver age group and sex of driver, annual"
23100177,405-0087,"Canadian vehicle survey, fuel purchased, by type of vehicle and type of fuel, annual"
23100178,405-0088,"Canadian vehicle survey, number of vehicles up to 4.5 tonnes, by year of vehicle model, province and territory, annual"
23100179,405-0089,"Canadian vehicle survey, number of trucks 4.5 tonnes to 14.9 tonnes, by year of vehicle model, province and territory"
23100180,405-0090,"Canadian vehicle survey, number of trucks 15 tonnes and over, by year of vehicle model, province and territory, annual"
23100181,405-0091,"Canadian vehicle survey, number of buses, by year of vehicle model, province and territory, annual"
23100182,405-0092,"Canadian vehicle survey, buses, passenger-kilometres by type of vehicle and purpose of trip (specific to vehicle type), annual"
23100183,405-0093,"Canadian vehicle survey, vehicles up to 4.5 tonnes, passenger-kilometres by type of vehicle and purpose of trip (specific to vehicle type)"
23100184,405-0094,"Canadian vehicle survey, vehicles up to 4.5 tonnes, vehicle-kilometres by type of vehicle and purpose of trip (specific to vehicle type), annual"
23100185,405-0095,"Canadian vehicle survey, passenger-kilometres for vehicles up to 4.5 tonnes by vehicle group and purpose of trip, annual"
23100186,405-0096,"Canadian vehicle survey, vehicle-kilometres for vehicles up to 4.5 tonnes by vehicle group and purpose of trip, annual"
23100187,405-0097,"Canadian vehicle survey, vehicle-kilometres for trucks over 4.5 tonnes, by vehicle group, type of vehicle and purpose of trip (specific to vehicle type), annual"
23100188,405-0098,"Canadian vehicle survey, passenger-kilometres for trucks over 4.5 tonnes, by vehicle group, type of vehicle and purpose of trip (specific to vehicle type), annual"
23100189,405-0099,"Canadian vehicle survey, number of vehicles in scope, by type of vehicle and age of vehicle model, quarterly"
23100190,405-0100,"Canadian vehicle survey, number of vehicles in scope, by type of vehicle and age of vehicle model, annual"
23100191,405-0102,"Canadian vehicle survey, vehicle-kilometres for vehicles up to 4.5 tonnes, by origin and destination of trip, quarterly"
23100192,405-0103,"Canadian vehicle survey, passenger-kilometres for vehicles up to 4.5 tonnes, by origin and destination of trip, quarterly"
23100193,405-0104,"Canadian vehicle survey, vehicle-kilometres, by type of vehicle, type of fuel and type of vehicle body, quarterly"
23100194,405-0105,"Canadian vehicle survey, fuel consumed, by type of vehicle, type of fuel and type of vehicle body, quarterly"
23100195,405-0106,"Canadian vehicle survey, number of vehicles in scope, by type of vehicle and type of activity, quarterly"
23100196,405-0112,"Canadian vehicle survey, vehicle-kilometres for vehicles up to 4.5 tonnes, by origin and destination of trip, annual"
23100197,405-0113,"Canadian vehicle survey, passenger-kilometres for vehicles up to 4.5 tonnes, by origin and destination of trip, annual"
23100198,405-0114,"Canadian vehicle survey, vehicle-kilometres, by type of vehicle, type of fuel and type of vehicle body, annual"
23100199,405-0115,"Canadian vehicle survey, fuel consumed, by type of vehicle, type of fuel and type of vehicle body, annual"
23100200,405-0116,"Canadian vehicle survey, number of vehicles in scope, by type of vehicle and type of activity, annual"
23100201,408-0001,Urban transit and passenger bus operating statistics
23100202,408-0002,Urban transit operating statistics
23100203,408-0003,"Passenger bus statistics, intercity and rural"
23100204,405-0053,"Canadian vehicle survey, vehicle-kilometres for trucks over 4.5 tonnes, by vehicle group, type of vehicle and purpose of trip (specific to vehicle type), quarterly"
23100205,405-0101,"Canadian vehicle survey, vehicle-kilometres and passenger-kilometres for vehicles up to 4.5 tonnes, by part of driver's job, quarterly"
23100206,405-0107,"Canadian vehicle survey, vehicle-kilometres and passenger-kilometres for trucks 4.5 tonnes to 14.9 tonnes, by type of activity, quarterly"
23100207,405-0108,"Canadian vehicle survey, vehicle-kilometres and passenger-kilometres for trucks 15 tonnes and over, by type of activity, quarterly"
23100208,405-0109,"Canadian vehicle survey, vehicle-kilometres and passenger-kilometres for trucks 4.5 tonnes to 14.9 tonnes, by type of trip, quarterly"
23100209,405-0110,"Canadian vehicle survey, vehicle-kilometres and passenger-kilometres for trucks 15 tonnes and over, by type of trip, quarterly"
23100210,405-0111,"Canadian vehicle survey, vehicle-kilometres and passenger-kilometres for vehicles up to 4.5 tonnes, by part of driver's job, annual"
23100211,405-0117,"Canadian vehicle survey, vehicle-kilometres and passenger-kilometres for trucks 4.5 tonnes to 14.9 tonnes, by type of activity, annual"
23100212,405-0118,"Canadian vehicle survey, vehicle-kilometres and passenger-kilometres for trucks 15 tonnes and over, by type of activity, annual"
23100213,405-0119,"Canadian vehicle survey, vehicle-kilometres and passenger-kilometres for trucks 4.5 tonnes to 14.9 tonnes, by type of trip, annual"
23100215,405-0120,"Canadian vehicle survey, vehicle-kilometres and passenger-kilometres for trucks 15 tonnes and over, by type of trip, annual"
23100216,404-0002,"Railway carloadings statistics, by total tonnage transported, monthly"
23100217,403-0001,"For-hire trucking survey, commodity origin and destination"
23100218,403-0002,"Motor carriers of freight, financial data"
23100219,403-0004,Trucking commodity industry activities
23100220,,"Civil aviation operating statistics, by sector, Canadian air carriers, Levels I to III, annual"
23100221,401-0070,"Civil aviation passenger and goods revenue, by sector, by province and territory, Canadian air carriers, Levels I to III, annual"
23100222,403-0006,"Trucking summary statistics, by industry group"
23100223,403-0007,"Trucking summary statistics, by revenue size"
23100224,,"Civil aviation wages and salaries paid, by sector, by province and territory, Canadian air carriers, Levels I to III, annual"
23100225,403-0008,"Trucking financial statistics, by province and territory"
23100226,403-0009,"Trucking financial statistics, by industry group, inactive"
23100227,403-0010,"Trucking financial statistics, by revenue size"
23100228,403-0011,"Trucking industry, employment statistics, by province and territory"
23100229,,"Transportation expenditures and revenues by level of government, Transport Canada"
23100230,403-0012,"Trucking industry, fleet and equipment statistics, by province and territory"
23100231,403-0013,"Trucking revenue distribution by type of movement, by province and territory, inactive"
23100232,403-0014,"Trucking revenue distribution by region of pick-up, by province and territory"
23100233,403-0015,"Trucking revenue distribution by type of product hauled, by province and territory"
23100234,403-0005,"Trucking summary statistics, by province and territory"
23100235,405-0001,"Road motor vehicle, trailer and snowmobile registration"
23100236,406-0001,International seaborne and coastwise shipping statistics quarterly by province and territory
23100237,401-0003,"Average domestic fares for Canada and ten major cities, quarterly"
23100238,401-0004,"Average domestic fares for Canada and ten major cities, annual"
23100239,403-0003,"Motor carriers of freight survey, for-hire carriers"
23100240,407-0001,"Taxi and limousine service industry, revenues and expenses, by province and territory, annual"
23100241,402-0001,"Couriers and local messengers industry, revenue and expenditures"
23100242,,"Transportation expenditures and revenues, by mode of transportation and level of government, Transport Canada"
23100243,402-0002,"Couriers and local messengers industry, revenues and expenditures by activity"
23100244,402-0003,"Couriers and local messengers industry, revenues and expenditures by size"
23100245,401-0056,"Air passenger origin and destination, transborder portions of international journeys, detailed presentation of outbound and inbound passengers exceeding 400, annual"
23100246,,"Detailed federal transportation expenditures, by mode of transportation and by federal government department and agency, Transport Canada"
23100247,,"Transportation revenues from users, by level of government and by mode of transportation, Transport Canada"
23100248,,"Transportation expenditures, population and per capita transportation expenditures, Transport Canada"
23100249,401-0058,"Air passenger origin and destination, transborder journeys, detailed presentation of outbound and inbound passengers exceeding 400, annual"
23100251,408-0013,"Passenger bus and urban transit statistics, by the North American Industry Classification System (NAICS)"
23100252,401-0038,"Itinerant movements, by weight group and type of power plant, airports without air traffic control towers, annual"
23100253,401-0044,"Air passenger traffic at Canadian airports, annual"
23100254,401-0045,"Air cargo traffic at Canadian airports, annual"
23100255,401-0057,"Air passenger origin and destination, transborder portions of international journeys, traffic volumes ranked by city-pair, exceeding 400 outbound plus inbound passengers, annual"
23100256,401-0059,"Air passenger origin and destination, transborder journeys, traffic volumes ranked by city-pair, exceeding 4,000 outbound plus inbound passengers, annual"
23100257,401-0040,"Air passenger origin and destination, transborder portions of international journeys, total outbound plus inbound passengers exceeding 1,000, annual"
23100258,401-0062,"Civil aviation operating statistics, by type of service, Canadian air carriers, Levels I and II, quarterly"
23100259,401-0063,"Civil aviation operating statistics, by sector, Canadian air carriers, Levels I and II, quarterly"
23100260,401-0064,"Civil aviation financial statistics, Canadian air carriers, Levels I and II, quarterly"
23100261,401-0065,"Civil aviation financial performance indicators, Canadian air carriers, Levels I and II, quarterly"
23100262,401-0066,"Civil aviation productivity measures, Canadian air carriers, Levels I and II, quarterly"
23100263,401-0039,"Air passenger origin and destination, transborder journeys, total outbound plus inbound passengers exceeding 200, annual"
23100264,,"Detailed provincial and territorial transportation expenditures, by mode of transportation, Transport Canada"
23100266,,"Civil aviation employment, Canadian air carriers, Levels I to III, annual"
23100267,,"Civil aviation fuel consumption, Canadian air carriers, Levels I to III, annual"
23100268,,"Multimodal Safety and Security Programs Oversight Delivery Indicators, by federal government fiscal year quarter, Transport Canada"
23100269,,"Transportation activity indicators, Transport Canada"
23100270,,"Transportation system utilization and performance, Transport Canada"
23100271,,"Transportation supply chain performance, Transport Canada"
23100272,,"Multimodal Safety and Security Programs Oversight Staffing Levels, by federal government fiscal year quarter, Transport Canada"
23100274,,"Weekly rail terminal performance indicator, Transport Canada"
23100275,,"Weekly performance indicators of grain transportation by rail, Transport Canada"
23100276,,"Weekly rail system performance indicators, by commodities, Transport Canada"
23100277,,"Weekly rail system performance indicator, by type of rail car, Transport Canada"
23100286,,"Proximity to Public Transportation in Canada's Metropolitan Cities, and related Commuting Data, inactive"
23100287,,"Domestic and international Itinerant aircraft movements, total of all airports with NAV CANADA towers, weekly"
23100290,,"Trucking financial statistics, by province and territory"
23100291,,"Trucking financial statistics, by industry group"
23100292,,"Trucking financial statistics, by carrier size"
23100293,,"Trucking revenue distribution by type of movement, by province and territory"
23100296,,"Aircraft movements, by class of operation, airports with NAV CANADA services and other selected airports, monthly"
23100297,,"Aircraft movements, by civil and military movements, airports with NAV CANADA services and other selected airports, monthly"
23100298,,"Itinerant movements, by type of operation, airports with NAV CANADA services and other selected airports, monthly"
23100299,,"Itinerant movements, by flight rules and runway 88, at airports with NAV CANADA services and other selected airports, monthly"
23100300,,"Itinerant movements, by type of power plant, at airports with NAV CANADA services and other selected airports, monthly"
23100301,,"Itinerant movements, by aircraft maximum take-off weight, at airports with NAV CANADA services and other selected airports, monthly"
23100302,,"Domestic and international itinerant movements, by type of operation, at airports with NAV CANADA services and other selected airports, monthly"
23100303,,"Aircraft movements, by geography, airports with NAV CANADA services and other selected airports, monthly"
23100304,,"Domestic and international itinerant movements, by geography, airports with NAV CANADA services and other selected airports, monthly"
23100305,,"Ridership by linked origin and destination trips, in urban transit, by industry"
23100306,,"Kilometers driven by urban transit buses, by industry"
23100307,,"Passenger bus and urban transit statistics, by Urban transit agency"
23100308,,"Vehicle registrations, by type of vehicle and fuel type"
23100309,,Convenient access to public transport by geography
23100310,,Rural Access Index by geography
23100311,,"Convenient access to public transport by geography, gender, age, income after tax, inactive"
23100312,,Screened passenger traffic at the largest airports in Canada
23100313,,"Access to public transport by distance and public transport carrying capacity, geography, gender, and selected demographic and socio-economic characteristics"
24100002,427-0002,Number of vehicles travelling between Canada and the United States
24100003,427-0003,"Non-resident travellers entering Canada, by country of residence (excluding the United States)"
24100004,,Provincial and territorial tourism supply and expenditure
24100005,427-0005,"International travellers entering or returning to Canada, by province of entry, seasonally adjusted"
24100006,427-0006,"Non-resident travellers entering Canada, by country of residence, seasonally adjusted"
24100007,426-0001,"Canadian travel survey, domestic travel, by province and census metropolitan areas"
24100008,426-0002,"Canadian travel survey, traveller characteristics, by province of destination"
24100009,426-0003,"Canadian travel survey, travel characteristics, by province of destination"
24100010,426-0004,"Canadian travel survey, travel characteristics, by province visited"
24100011,426-0005,"Canadian travel survey, reallocated expenditures, by trip characteristics, 2000 - 2004"
24100012,426-0006,"Canadian travel survey, activity participation, by province of destination"
24100013,426-0013,"Travel survey of residents of Canada, domestic travel, by province and census metropolitan areas, 2006 - 2010"
24100014,426-0014,"Travel survey of residents of Canada, traveller characteristics, by province of destination, 2006 - 2010"
24100015,426-0015,"Travel survey of residents of Canada, travel characteristics, by province of destination, 2006 - 2010"
24100016,426-0016,"Travel survey of residents of Canada, travel characteristics, by province visited, 2006 - 2010"
24100017,426-0017,"Travel survey of residents of Canada, reallocated expenditures, by travel characteristics, 2006 - 2010"
24100018,426-0018,"Travel survey of residents of Canada, domestic travel, by province and census metropolitan areas, 2011 - 2012"
24100019,426-0019,"Travel survey of residents of Canada, traveller characteristics, by province of destination, 2011 - 2012"
24100020,426-0020,"Travel survey of residents of Canada, travel characteristics, by province of destination, 2011 - 2012"
24100021,426-0021,"Travel survey of residents of Canada, travel characteristics, by province visited, 2011 - 2012"
24100022,426-0022,"Travel survey of residents of Canada, reallocated expenditures, by travel characteristics, 2011 - 2012"
24100023,426-0023,"Travel survey of residents of Canada, type of expenditures, by visit duration"
24100024,426-0028,"Type of expenditures made by Canadian residents, by province visited and visit duration, inactive"
24100025,428-0001,"Travel price index, annual"
24100026,428-0002,"Travel price index, quarterly"
24100027,426-0024,"Number of domestic trips made by Canadian residents, by trip characteristics, inactive"
24100028,426-0025,"Number of domestic trips made by Canadian residents, by traveller characteristics, inactive"
24100029,426-0026,"Province visits, expenditures and nights, by province visited by Canadian residents, by visit duration, quarterly, inactive"
24100030,426-0027,"Number of census metropolitan area visits, expenditures and nights, by Canadian residents, by visit duration, inactive"
24100031,426-0007,"Canadian travel survey, travel in Canada, by province of origin and destination and intraprovincial travel"
24100032,426-0008,"Canadian travel survey, travel in Canada, by age group"
24100033,426-0009,"Canadian travel survey, travel in Canada, by age and sex"
24100034,426-0010,"Canadian travel survey, travel in Canada, by mode of transportation"
24100035,426-0011,"Canadian travel survey, travel in Canada, by primary purpose of travel"
24100036,426-0012,"Canadian travel survey, travel in Canada, by travel duration"
24100037,427-0007,"Travel by Canadians to foreign countries, top 15 countries visited"
24100038,427-0008,"Travellers to Canada by country of origin, top 15 countries of origin"
24100039,427-0009,"Travel by Canadians to the United States, top 15 states visited"
24100040,427-0010,"Travellers to Canada from the United States by state of origin, top 15 states of origin"
24100041,427-0001,"International travellers entering or returning to Canada, by type of transport"
24100042,,Provincial and territorial gross domestic product (GDP) and employment generated by tourism and related measures
24100043,427-0004,"International tourists entering or returning to Canada, by province of entry"
24100044,,Interprovincial tourism expenditures
24100045,,Travel by Canadian residents in Canada and abroad by trip purpose
24100047,,"Spending by foreign residents travelling in Canada by country of residence, tourism region and spending category, inactive"
24100049,,Canadian Tourism Activity Tracker and Grouped Data Sources
24100050,,"Non-resident visitors entering Canada, by country of residence"
24100051,,"Non-resident visitors entering Canada, by country of residence, seasonally-adjusted"
24100052,,"Vehicles entering Canada by land, by vehicle type and licence plate"
24100053,,"International travellers entering or returning to Canada, by type of transportation and traveller type"
24100054,,"International travellers entering or returning to Canada, by type of transportation and traveller type, seasonally-adjusted"
24100055,,"Non-resident visitors entering Canada, by country of residence, mode of transportation, arrival type and traveller type"
24100056,,"Leading indicator, International visitors entering or returning to Canada by air, by country of residence and traveller type"
24100057,,"Leading indicator, International visitors entering or returning to Canada by land, by vehicle type, vehicle licence plate and traveller type"
24100058,,"Leading indicator, Vehicles entering Canada by land, by vehicle type and licence plate"
24100059,,"Leading indicator, Trucks and drivers entering or returning to Canada, by vehicle licence plate"
24100064,,"Trips, nights and spending for visitors to Canada, by residency, trip purpose and mode of transport"
24100065,,"Trips, nights and spending for visitors to Canada, by country of residence and mode of transport"
24100066,,"Visits, nights and spending for visitors to Canada by geography of visit, residency and mode of transport"
25100001,127-0001,"Electric power statistics, with data for years 1950 - 2007"
25100003,128-0001,"Demand of lubricating oils and greases in natural units, quarterly"
25100004,128-0002,"Supply and demand of primary and secondary energy in terajoules, quarterly, with data for years 1978 - 2001"
25100005,128-0003,"Supply and demand of primary and secondary energy in natural units, quarterly, with data for years 1990 - 2001"
25100006,128-0004,"Petroleum and marketable natural gas, remaining established reserves in Canada"
25100007,128-0007,"1990 based estimates, industrial consumption of energy (ICE), energy fuel consumption of manufacturing industries in natural units, by North American Industry Classification System (NAICS)"
25100008,128-0008,"1990 based estimates, industrial consumption of energy (ICE), energy fuel consumption of manufacturing industries in gigajoules, by North American Industry Classification System (NAICS)"
25100009,128-0009,Supply and demand of primary and secondary energy in terajoules
25100010,128-0010,"Supply and demand of primary and secondary energy in natural units, with data for years 2002 - 2009"
25100011,128-0011,"Demand of lubricating oils and greases in natural units, annual"
25100012,128-0015,Consumption of solid wood waste and spent pulping liquor for energy production
25100013,131-0003,Supply and disposition of natural gas
25100014,126-0001,"Crude oil and equivalent, monthly supply and disposition"
25100015,127-0002,"Electric power generation, monthly generation by type of electricity"
25100016,127-0003,"Electric power generation, monthly receipts, deliveries and availability"
25100017,127-0004,"Electric power generation, annual fuel consumed by electric utility thermal plants, inactive"
25100018,127-0005,"Electric power generation, annual cost of fuel consumed by electric utility thermal plants, inactive"
25100019,127-0006,"Electricity from fuels, annual generation by electric utility thermal plants, inactive"
25100020,127-0007,"Electric power, annual generation by class of producer"
25100021,127-0008,"Electric power, electric utilities and industry, annual supply and disposition"
25100022,127-0009,"Installed plants, annual generating capacity by type of electricity generation"
25100023,127-0010,"Conventional thermal, annual generating capacity by class of electricity producer and principal fuel"
25100024,128-0005,"Manufacturing industries, total annual energy fuel consumption in natural units, 31-33"
25100025,128-0006,"Manufacturing industries, total annual energy fuel consumption in gigajoules, 31-33"
25100026,128-0012,"Supply and demand of natural gas liquids, annual"
25100027,128-0013,"Supply and demand of refined petroleum products for non-energy use, annual"
25100028,128-0014,"Electricity generated from fossil fuels, annual, inactive"
25100029,128-0016,"Supply and demand of primary and secondary energy in terajoules, annual"
25100030,128-0017,Supply and demand of primary and secondary energy in natural units
25100031,128-0018,"Consumption of solid wood waste and spent pulping liquor for energy production, annual"
25100032,129-0002,"Natural gas utilities, monthly receipts and disposition"
25100033,129-0003,"Natural gas, monthly sales"
25100034,129-0004,"Natural gas to and from the United States, monthly exports and imports, Canada"
25100035,129-0001,"Canadian natural gas carriers, monthly operating statistics"
25100036,131-0002,"Natural gas liquids and sulphur products from processing plants, monthly supply"
25100037,133-0001,"Canadian crude oil, liquefied petroleum gases (LPG) and products, monthly inventories"
25100038,133-0002,"Canadian pipelines, monthly operating statistics"
25100039,133-0003,"Pipeline movements, monthly summary"
25100040,133-0004,"Crude oil and pentanes plus, monthly receipts and disposition by source"
25100041,134-0001,"Refinery supply of crude oil and equivalent, monthly"
25100042,134-0002,"Refinery use of other materials, monthly"
25100043,134-0003,"Refined petroleum products statistics, monthly"
25100044,134-0004,"Supply and disposition of refined petroleum products, monthly"
25100045,135-0001,"Coal coke plant, monthly statistics"
25100046,135-0002,"Coal, monthly production and exports"
25100047,131-0001,"Natural gas, monthly supply and disposition"
25100048,303-0016,Coal and coke statistics
25100049,303-0026,"Electric power statistics, with data for years 1950 - 1984"
25100050,130-0001,International oil production and proved reserves
25100051,130-0002,International natural gas production and proved reserves
25100052,130-0003,International coal production
25100053,132-0001,Supply and demand for natural gas liquids and liquefied petroleum gases
25100054,029-0052,"Capital expenditures, oil and gas extraction industries, Canada"
25100055,131-0004,"Supply and disposition of natural gas, monthly (data in thousands)"
25100056,133-0006,"Canadian pipeline transport of oil and other liquid petroleum products, monthly"
25100057,129-0005,"Canadian natural gas storage, Canada and provinces, monthly"
25100058,129-0006,"Canadian monthly natural gas transmission, Canada and provinces"
25100059,129-0007,"Canadian monthly natural gas distribution, Canada and provinces"
25100060,153-0161,"Household energy consumption, Canada and provinces"
25100061,153-0162,"Household energy consumption, by type of dwelling, Canada and provinces"
25100062,153-0163,"Household energy consumption, by household income, Canada and provinces"
25100063,126-0003,Supply and disposition of crude oil and equivalent
25100064,136-0001,Oil and gas extraction capital expenditures and expenses
25100065,136-0002,"Oil and gas extraction revenues, expenses and balance sheet"
25100066,126-0002,Crude oil and equivalent supply and disposition
25100067,133-0005,"Canadian oil pipeline carriers, monthly operating statistics"
25100070,303-0017,Coal statistics
25100075,,"Crude oil and petroleum products inventories, held by domestic transporters, by product type, monthly"
25100076,,"Petroleum products supply and disposition, monthly, inactive"
25100077,,"Crude oil and petroleum products movements, by mode of transport and by product type, monthly"
25100079,,Consolidated Energy Statistics
25100081,,"Petroleum products by supply and disposition, monthly"
25100082,,"Renewable fuel plant statistics, supply and disposition, monthly"
25100083,,Residential use of wood and wood pellets
25100084,,"Electric power generation, fuel consumed and cost of fuel by electricity generating thermal plants"
25100085,,"Estimated additions to still gas, diesel, and petroleum coke"
27100001,358-0531,"Average business enterprise in-house research and development expenditures, by industry group based on the North American Industry Classification System (NAICS) and country of control"
27100002,358-0024,Business enterprise research and development characteristics by industry
27100003,358-0140,"Business enterprise expenditure on research and development characteristics, by field of science or technology and industry"
27100004,358-0141,"Business enterprise extramural payments for research and development, by location and sector of recipients"
27100005,358-0142,Federal expenditures on science and technology in current and constant dollars
27100006,358-0143,"Federal expenditures on science and technology and its components, by type of science and performing sector - Intentions"
27100007,358-0144,"Federal expenditures on science and technology and its components, by activity and performing sector - Intentions"
27100008,358-0145,Federal intramural expenditures on science and technology by type of science for the National Capital Region
27100009,358-0146,"Federal personnel engaged in science and technology activities, by type of science and personnel category - Intentions"
27100010,358-0147,"Federal personnel engaged in science and technology and its components, by type of science and personnel category - Intentions"
27100011,358-0148,Federal personnel engaged in science and technology by geography
27100012,358-0149,"Federal expenditures on science and technology, by type of science, performing sector and geography"
27100013,358-0150,"Federal extramural expenditures on science and technology, type of science, performing sector, type of payment and geography"
27100014,358-0151,"Federal expenditures on science and technology, by socio-economic objectives"
27100015,358-0152,"Internet use by age group, household income and geography, inactive"
27100016,358-0153,"Internet use by internet activity, age group, sex, level of education and household income, inactive"
27100017,358-0154,"Internet use by location of use, age group, household income and geography, inactive"
27100018,358-0155,"Internet use by frequency of use, age group and sex"
27100019,358-0156,"Electronic commerce, electronic orders by geography, inactive"
27100020,358-0157,"Electronic commerce, electronic orders by type of good and service and age group, inactive"
27100021,358-0158,"Electronic commerce and electronic orders, by type of payment and geography"
27100022,358-0159,Personnel engaged in research and development by performing sector and occupational category
27100023,358-0160,"Personnel engaged in research and development, by geography"
27100024,358-0161,"Business enterprise expenditure on research and development characteristics, by geography and industry"
27100025,358-0162,"Higher Education Research and Development Estimates, by funding sector and type of science"
27100026,358-0163,"Federal expenditures on science and technology, by major departments and agencies - Intentions"
27100027,358-0164,"Federal extramural expenditures on science and technology, by performing sector and major departments and agencies - Intentions"
27100028,358-0165,"Federal personnel engaged in science and technological activities, by occupational category and major departments and agencies - Intentions"
27100029,358-0166,"Federal personnel engaged in science and technological activities, by major departments and agencies - Intentions"
27100030,358-0172,"Enterprises holding or using patents, by revenue size group"
27100031,358-0173,"Enterprises holding or using issued patents, by selected industry group"
27100032,358-0174,"Enterprises that applied for patents in 2010, by revenue size group"
27100033,358-0175,"Enterprises holding or using copyrights, by revenue size group"
27100034,358-0176,"Enterprises holding or using copyrights, by selected industry group"
27100035,358-0177,"Enterprises holding or using copyrights registered in 2010, by revenue size group"
27100036,358-0178,"Enterprises holding or using trade-marks, by revenue size group"
27100037,358-0179,"Enterprises holding or using trade-marks, by selected industry group"
27100038,358-0180,"Enterprises that engaged in trade-mark activity in 2010, by revenue size group"
27100039,358-0181,"Enterprises holding or using other forms of intellectual property, by revenue size group"
27100040,358-0182,"Enterprises holding or using other forms of intellectual property, by selected industry group"
27100041,358-0183,"Enterprises employing services to manage intellectual property, by revenue size group"
27100042,358-0184,"Enterprises employing services to manage intellectual property, by selected industry group"
27100043,358-0185,"Enterprises indicating that intellectual property held by others presented business obstacles, by revenue size group"
27100044,358-0186,"Enterprises indicating that intellectual property held by others presented business obstacles, by selected industry group"
27100045,358-0187,"Enterprises earning or paying royalties or licensing fees, by revenue size group"
27100046,358-0188,"Enterprises earning or paying royalties or licensing fees, by selected industry group"
27100047,358-0289,"Innovation and business strategy, importance and reasons for relocating or outsourcing business activities"
27100048,358-0290,"Innovation and business strategy, obstacles that slowed down or prevented relocating or outsourcing activities to another country"
27100049,358-0535,Counts of business enterprise research and development performers by industry group based on the North American Industry Classification System (NAICS)
27100050,358-0242,"Innovation and business strategy, process innovation expenditures"
27100051,358-0243,"Innovation and business strategy, process innovation introduced; reduction of average unit cost of existing products"
27100052,358-0244,"Innovation and business strategy, cost savings from process innovations introduced"
27100053,358-0245,"Innovation and business strategy, changes resulting from process innovations introduced"
27100054,358-0246,"Innovation and business strategy, types of organizational innovation introduced"
27100055,358-0247,"Innovation and business strategy, average number of organizational innovations introduced"
27100056,358-0248,"Innovation and business strategy, percentage of workers affected by organizational innovations introduced"
27100057,358-0249,"Innovation and business strategy, changes resulting from organizational innovations introduced"
27100058,358-0250,"Innovation and business strategy, types product innovation introduced"
27100059,358-0251,"Innovation and business strategy, product innovation development"
27100060,358-0252,"Innovation and business strategy, product innovation introduced"
27100061,358-0253,"Innovation and business strategy, percentage of revenue distribution from product innovation introduced"
27100062,358-0254,"Innovation and business strategy, changes resulting from product innovation introduced"
27100063,358-0292,"Innovation and business strategy, relocation of any business activities from another country into Canada in the last three years"
27100064,358-0293,"Innovation and business strategy, business activities relocated from another country into Canada in the last three years"
27100065,358-0294,"Innovation and business strategy, most important countries from which business activities were relocated into Canada"
27100066,358-0295,"Innovation and business strategy, enterprises that manufactured goods"
27100067,358-0296,"Innovation and business strategy, manufactured goods sold and exported as is by other enterprises"
27100068,358-0297,"Innovation and business strategy, manufactured goods sold to another enterprise, used as intermediate input in final goods and exported"
27100069,358-0298,"Innovation and business strategy, goods bought and sold outside Canada without goods entering the country"
27100070,358-0205,"Business enterprise expenditure on research and development, by country of control and industry"
27100071,358-0255,"Innovation and business strategy, average number of new product innovations introduced"
27100072,358-0256,"Innovation and business strategy, product innovation expenditures"
27100073,358-0206,"Business enterprise extramural payments for research and development, by location of recipient and industry"
27100074,358-0207,"Business enterprise expenditure on research and development, by sources of funds"
27100075,358-0208,"Business enterprise expenditure on research and development, by performing company employment size"
27100076,358-0299,"Innovation and business strategy, percentage of sales from goods bought and sold outside Canada without goods entering the country"
27100077,358-0257,"Innovation and business strategy, most innovative product introduced"
27100078,358-0300,"Innovation and business strategy, enterprises that exported or attempted to export goods or provide services outside of Canada"
27100079,358-0209,"Business enterprise expenditure on research and development, by performing company revenue size"
27100080,358-0258,"Innovation and business strategy, most innovative product also highest selling product"
27100081,358-0210,"Business enterprise expenditure on research and development, by research and development expenditures size"
27100082,358-0211,Business enterprise current expenditure on research and development as a percentage of performing company revenues by country of control and industry
27100083,358-0212,Business enterprise payments made and received for intellectual property and other technology related services
27100084,358-0259,"Innovation and business strategy, most innovative product in same product line as highest selling product"
27100085,358-0260,"Innovation and business strategy, unique characteristic of most innovative product"
27100086,358-0261,"Innovation and business strategy, types of marketing innovation introduced"
27100087,358-0262,"Innovation and business strategy, marketing innovations introduced involving existing products"
27100088,358-0263,"Innovation and business strategy, marketing innovations introduced involving new or significantly improved products"
27100089,358-0264,"Innovation and business strategy, average marketing expenditures assigned to marketing innovations"
27100090,358-0265,"Innovation and business strategy, average marketing expenditures"
27100091,358-0266,"Innovation and business strategy, use of government support programs for innovation"
27100092,358-0267,"Innovation and business strategy, government support programs most critical for innovation activities"
27100093,358-0268,"Innovation and business strategy, obstacles to innovation confronted"
27100094,358-0269,"Innovation and business strategy, measures taken to mitigate obstacles to innovation"
27100095,358-0270,"Innovation and business strategy, successful mitigation or use of government support programs to overcome obstacles to innovation"
27100096,358-0271,"Innovation and business strategy, enterprises that are subsidiaries of another enterprise"
27100097,358-0272,"Innovation and business strategy, location of enterprises' head office"
27100098,358-0273,"Innovation and business strategy, location of enterprises' subsidiaries"
27100099,358-0274,"Innovation and business strategy, enterprises with more than one profit centre"
27100100,358-0275,"Innovation and business strategy, average number of profit centres"
27100101,358-0276,"Innovation and business strategy, business decisions made by enterprises"
27100102,358-0213,Business enterprise foreign receipts and payments for technological services
27100103,358-0214,"Business enterprise energy research and development expenditures and extramural payments, by area of technology"
27100104,358-0277,"Innovation and business strategy, business activities undertaken"
27100105,358-0278,"Innovation and business strategy, changes to business activities in Canada in the last three years"
27100106,358-0279,"Innovation and business strategy, business activities outside of Canada in the last three years"
27100107,358-0215,"Private non-profit organizations research and development intramural expenditures, by type of science"
27100108,358-0280,"Innovation and business strategy, business activities in support of operations outside of Canada in the last three years"
27100109,358-0216,Private non-profit organizations research and development intramural expenditures by sources of funds
27100110,358-0281,"Innovation and business strategy, business activities carried out by enterprises in support of operations outside of Canada"
27100111,358-0282,"Innovation and business strategy, changes to business activities outside Canada in the last three years"
27100112,358-0283,"Innovation and business strategy, most important countries in which enterprises made changes to operational activities"
27100113,358-0284,"Innovation and business strategy, relocation of business activities from Canada to another country in the last three years"
27100114,358-0285,"Innovation and business strategy, business activities relocated from Canada to another country in the last three years"
27100115,358-0217,"Personnel of private non-profit organizations engaged in research and development, by occupational category"
27100116,358-0286,"Innovation and business strategy, outsourcing of business activities from Canada to another country in the last three years"
27100117,358-0287,"Innovation and business strategy, business activities outsourced from Canada to another country in the past three years"
27100118,358-0218,Private non-profit organizations payments for research and development performed by other organizations
27100119,358-0288,"Innovation and business strategy, most important countries where activities were relocated or outsourced"
27100120,358-0221,"Innovation and business strategy, by industry and enterprise size"
27100121,358-0222,"Innovation and business strategy, government programs critical for innovation activities by industry and size"
27100122,358-0223,"Innovation and business strategy, advanced technology use by industry and enterprise size"
27100123,358-0224,"Innovation and business strategy, business activities, by industry, size and performance strategy"
27100124,358-0225,"Innovation and business strategy, obstacles to exporting, by industry, enterprise size and degree of importance"
27100125,358-0226,"Innovation and business strategy, type of competitor for highest selling good or service, by industry and size"
27100126,358-0227,"Innovation and business strategy, performance resolution practices, by industry and enterprise size"
27100127,358-0228,"Innovation and business strategy, employee promotion factors, by industry and enterprise size"
27100128,358-0301,"Innovation and business strategy, importance of obstacles to exporting or attempting to export products"
27100129,358-0302,"Innovation and business strategy, substantial or significant changes made to respond to specific customer requirements"
27100130,358-0303,"Innovation and business strategy, relationship with main suppliers by region"
27100131,358-0304,"Innovation and business strategy, most important long term strategy to enterprises"
27100132,358-0305,"Innovation and business strategy, current long term strategy implementation"
27100133,358-0306,"Innovation and business strategy, planned major changes to current long term strategy"
27100134,358-0237,"Innovation and business strategy, advanced technology use"
27100135,358-0238,"Innovation and business strategy, acquisition of advanced technology"
27100136,358-0307,"Innovation and business strategy, performance indicators used to monitor long term strategic objectives"
27100137,358-0308,"Innovation and business strategy, strategic focus regarding goods or services"
27100138,358-0309,"Innovation and business strategy, strategic focus regarding marketing practices or methods"
27100139,358-0310,"Innovation and business strategy, strategic focus regarding operations and business activities"
27100140,358-0239,"Innovation and business strategy, types of process innovation introduced"
27100141,358-0240,"Innovation and business strategy, process innovation development"
27100142,358-0241,"Innovation and business strategy, average number of process innovations introduced"
27100143,358-0311,"Innovation and business strategy, strategic focus regarding organizational and management practices"
27100147,358-0315,"Innovation and business strategy, frequency of review of key production performance indicators by top or middle managers"
27100148,358-0316,"Innovation and business strategy, determining the pace of work to achieve production performance targets"
27100149,,"Product or process innovations with environmental benefits, by industry and enterprise size, inactive"
27100150,358-0318,"Innovation and business strategy, rewarding production performance target achievement"
27100151,358-0319,"Innovation and business strategy, main factors for job promotion"
27100152,358-0320,"Innovation and business strategy, main policy for dealing with employees who do not meet expectations"
27100153,358-0321,"Innovation and business strategy, employee involvement in decision making on task allocation"
27100154,358-0322,"Innovation and business strategy, percentage of employees with a university degree"
27100155,358-0602,"Introduction of different types of innovation by industry and enterprise size, inactive"
27100156,358-0324,"Innovation and business strategy, distinct product lines offered"
27100157,358-0325,"Innovation and business strategy, distinct goods or services offered"
27100158,358-0326,"Innovation and business strategy, highest selling good or service also a product line"
27100159,358-0327,"Innovation and business strategy, percentage of sales from highest selling good or service"
27100160,358-0328,"Innovation and business strategy, sales of highest selling good or service across selected geographic markets"
27100161,358-0329,"Innovation and business strategy, market share of highest selling good or service in the enterprise's main market"
27100162,358-0330,"Innovation and business strategy, products directly competing with highest selling good or service in the enterprise's main market"
27100163,358-0331,"Innovation and business strategy, number of competitors that enterprise faced with highest selling good or service in its main market"
27100164,358-0332,"Innovation and business strategy, multinational enterprises among competitors for highest selling good or service in its main market"
27100165,358-0333,"Innovation and business strategy, performance of highest selling good or service in the enterprise's main market"
27100166,358-0334,"Innovation and business strategy, new competitors entered main market of the highest selling good or service"
27100167,358-0335,"Innovation and business strategy, response to increased competitors in main market of the highest selling good or service"
27100168,358-0323,"Innovation and business strategy, human resource practices used"
27100169,358-0291,"Innovation and business strategy, importance of obstacles when relocating or outsourcing business activities to another country"
27100170,358-0314,"Innovation and business strategy, communication frequency of key production performance indicators"
27100171,358-0025,"Survey of intellectual property commercialization, by higher education sector indicators"
27100172,358-0026,"Federal Patents, Licenses and Royalties indicators"
27100173,358-0027,"Innovation, selected service industries, percentage of business units whose operations were part of a larger firm"
27100174,358-0028,"Innovation, selected service industries, percentage of full-time employees who were university graduates"
27100175,358-0029,"Innovation, selected service industries, percentage of full-time employees who were involved in research and development activities"
27100176,358-0030,"Innovation, selected service industries, percentage of revenues that came from the sale of products to clients outside of Canada"
27100177,358-0031,"Innovation, selected service industries, business unit success factors"
27100178,,"Co-operation on innovation activities, by type and location of co-operation partners by industry and enterprise size"
27100179,358-0033,"Innovation, selected service industries, development of new or significantly improved products"
27100180,358-0034,"Innovation, selected service industries, number of new or significantly improved products"
27100181,358-0035,"Innovation, selected service industries, novelty of new or significantly improved products and/or processes"
27100182,358-0036,"Innovation, selected service industries, novelty of new or significantly improved products"
27100183,358-0037,"Innovation, selected service industries, percentage of business units whose new or significantly improved products were sold to the mining industry and/or forestry and/or forest products industries"
27100184,358-0038,"Innovation, selected service industries, percentage of revenues generated by new or significantly improved products"
27100185,358-0039,"Innovation, selected service industries, degree of novelty of the most innovative product"
27100186,358-0040,"Innovation, selected service industries, development of new or significantly improved processes"
27100187,358-0041,"Innovation, selected service industries, number of new or significantly improved processes"
27100188,358-0042,"Innovation, selected service industries, novelty of new or significantly improved processes"
27100189,358-0043,"Innovation, selected service industries, degree of novelty of the most innovative process"
27100190,358-0044,"Innovation, selected service industries, percentage of innovative business units with obstacles that caused problems when developing products or processes by type of business units"
27100191,358-0045,"Innovation, selected service industries, non-innovative business units, reasons why business units did not develop or introduce any new or significantly improved products or processes"
27100192,358-0046,"Innovation, selected service industries, innovative business units engaged in activities linked to product or process innovation"
27100193,358-0604,"Most critical co-operation partner for the business's innovation activities, by industry and enterprise size"
27100194,358-0047,"Innovation, selected service industries, innovative business units, percentage of total expenditures devoted to innovation activities"
27100195,358-0048,"Innovation, selected service industries, innovative business units using sources of information needed for suggesting or contributing to the development of innovation"
27100196,358-0049,"Innovation, selected service industries, percentage of innovative business units involved in cooperative and collaborative arrangements"
27100197,358-0050,"Innovation, selected service industries, reasons for involvement of innovative business units in cooperative and collaborative arrangements"
27100198,358-0051,"Innovation, selected service industries, logging and manufacturing industries, percentage of innovative plants by type of organization"
27100199,358-0052,"Innovation, selected service industries, type and location of organizations with which innovative business units cooperated and collaborated in order to develop products or processes"
27100200,358-0053,"Innovation, selected service industries, percentage of innovative business units with obstacles that caused problems when developing products or processes by the degree of importance"
27100201,358-0054,"Innovation, selected service industries, percentage of innovative business units that had an impact from new or significantly improved products or processes"
27100202,358-0055,"Innovation, selected service industries, percentage of business units using methods to protect their intellectual property"
27100203,358-0056,"Innovation, selected service industries, percentage of products protected by patents, trademarks or copyrights (in terms of their contribution to total revenues)"
27100204,358-0057,"Innovation, selected service industries, percentage of total revenues from the sale of products to the mining and/or forestry and/or forest products industries"
27100205,358-0058,"Innovation, selected service industries, percentage of business units that provided products to biotechnology or nanotechnology firms or organizations"
27100206,358-0059,"Innovation, selected service industries, percentage of business units that carried out any geomatics activities"
27100207,358-0060,"Innovation, selected service industries, percentage of business units that carried out certain types of geomatics activities"
27100208,358-0061,"Innovation, selected service industries, percentage of business units that used programs sponsored by the federal, provincial and/or territorial governments"
27100209,358-0062,"Innovation, logging and manufacturing industries, percentage of innovative plants by innovator type"
27100210,358-0063,"Innovation, logging and manufacturing industries, percentage of plants whose operations were part of a larger firm"
27100211,358-0064,"Innovation, logging and manufacturing industries, percentage of plants whose operations are in geographical location(s) of other plants and operations in the firm"
27100212,358-0065,"Innovation, logging and manufacturing industries, percentage of plants with full-Time employees who had a university degree or college or technical institute diploma"
27100213,358-0066,"Innovation, logging and manufacturing industries, percentage of plants with full-time employees who were involved in research and development activities"
27100214,358-0067,"Innovation, logging and manufacturing industries, percentage of plants with full-time employees who were involved in marketing, sales or client services"
27100215,358-0068,"Innovation, logging and manufacturing industries, percentage of the plant's total revenue that came from the sale of products to clients by geographical markets"
27100216,358-0069,"Innovation, logging and manufacturing industries, percentage of the plant's total revenue that came from other plants in the firm"
27100217,358-0070,"Innovation, logging and manufacturing industries, percentage of the plant's total revenue that came from the most important customer or client who was not a part of the firm"
27100218,358-0071,"Innovation, logging and manufacturing industries, plant success factors"
27100219,358-0072,"Innovation, logging and manufacturing industries, number of new or significantly improved products introduced"
27100220,358-0073,"Innovation, logging and manufacturing industries, development of new or significantly improved products"
27100221,358-0074,"Innovation, logging and manufacturing industries, percentage of plants who introduced new or significantly improved products onto the market before competitors"
27100222,358-0075,"Innovation, logging and manufacturing industries, percentage of revenue of plants who introduced new or significantly improved products onto the market before competitors"
27100223,358-0076,"Innovation, logging and manufacturing industries, percentage of plants who introduced new or significantly improved products onto the market that were already available from competitors"
27100224,358-0077,"Innovation, logging and manufacturing industries, percentage of revenue of plants who introduced new or significantly improved products onto the market that were already available from competitors"
27100225,358-0078,"Innovation, logging and manufacturing industries, time it takes to develop a new or significantly improved product"
27100226,358-0079,"Innovation, logging and manufacturing industries, novelty of new or significantly improved products or processes"
27100227,358-0080,"Innovation, logging and manufacturing industries, affirmation of novelty of new or significantly improved products"
27100228,358-0081,"Innovation, logging and manufacturing industries, percentage of plants with any new or significantly improved products sold to natural resource industries"
27100229,358-0082,"Innovation, logging and manufacturing industries, development of new or significantly improved processes"
27100230,358-0083,"Innovation, logging and manufacturing industries, novelty of new or significantly improved processes"
27100231,358-0084,"Innovation, logging and manufacturing industries, percentage of plants with activities to develop product or process innovations that were still ongoing"
27100232,358-0085,"Innovation, logging and manufacturing industries, percentage of plants with activities to develop product or process innovations that were abandoned"
27100233,358-0086,"Innovation, logging and manufacturing industries, non-innovative plants, reasons why plants did not develop or introduce any new or significantly improved products or processes"
27100234,358-0087,"Innovation, logging and manufacturing industries, percentage of innovative plants engaged in innovation activities"
27100235,358-0088,"Innovation, logging and manufacturing industries, percentage of innovative plant's total expenditures devoted to innovation activities"
27100236,358-0089,"Innovation, logging and manufacturing industries, percentage of innovative plants using sources of information that provided information for new innovation projects"
27100237,358-0090,"Innovation, logging and manufacturing industries, percentage of innovative plants that cooperated on innovation activities with other firms"
27100238,,"Use of government programs to aid innovation activities, by industry and enterprise size"
27100239,358-0032,"Innovation, selected service industries, percentage of innovative business units"
27100240,358-0092,"Innovation, logging and manufacturing industries, percentage of innovative plants, by type of co-operative arrangements and geographic location of cooperation partners"
27100241,358-0093,"Innovation, logging and manufacturing industries, percentage of innovative plants, by location of cooperation partners"
27100242,358-0094,"Innovation, logging and manufacturing industries, percentage of innovative plants, by the most valuable type of co-operation partner for innovation activities"
27100243,358-0095,"Innovation, logging and manufacturing industries, percentage of innovative plants indicating importance of impacts from product or process innovations introduced"
27100244,358-0096,"Innovation, logging and manufacturing industries, percentage of innovative plants with problems and obstacles that slowed down or caused problems for innovation activities or innovation projects"
27100245,358-0097,"Innovation, logging and manufacturing industries, percentage of plants using methods to protect their intellectual property"
27100246,358-0098,"Innovation, logging and manufacturing industries, percentage of products protected by patents in terms of their contribution to total revenue"
27100247,358-0099,"Innovation, logging and manufacturing industries, percentage of products protected by trademarks in terms of their contribution to total revenue"
27100248,358-0100,"Innovation, logging and manufacturing industries, percentage of plants that applied for a patent"
27100249,358-0101,"Innovation, logging and manufacturing industries, percentage of plants that acquired licenses from other firms or organizations"
27100250,358-0102,"Innovation, logging and manufacturing industries, percentage of plants that have a source of the license"
27100251,358-0103,"Innovation, logging and manufacturing industries, percentage of total revenue from the sale of products to selected industries"
27100252,358-0104,"Innovation, logging and manufacturing industries, percentage of plants' total expenditures on raw materials and components that were supplied from different locations"
27100253,358-0105,"Innovation, logging and manufacturing industries, percentage of plants with new machinery or equipment"
27100254,358-0106,"Innovation, logging and manufacturing industries, percentage of plants with new machinery or equipment supplied from different locations"
27100255,358-0107,"Innovation, logging and manufacturing industries, percentage of plants with expenditures on new machinery or equipment that were supplied from different locations"
27100256,358-0108,"Innovation, logging and manufacturing industries, percentage of plants with research and development services"
27100257,358-0109,"Innovation, logging and manufacturing industries, percentage of plants with research and development services that were supplied from different locations"
27100258,358-0110,"Innovation, logging and manufacturing industries, percentage of plants with expenditures on research and development services that were supplied from different locations"
27100259,358-0111,"Innovation, logging and manufacturing industries, percentage of plants that had subcontracting arrangements with other firms or organizations"
27100260,358-0112,"Innovation, logging and manufacturing industries, percentage of total value of production of plants that was generated through subcontracting arrangements with other firms or organizations"
27100261,358-0113,"Innovation, logging and manufacturing industries, percentage of plants that received external funding"
27100262,358-0114,"Innovation, logging and manufacturing industries, percentage of plants with sources of external funding"
27100263,358-0115,"Innovation, logging and manufacturing industries, percentage of plants that used government sponsored programs"
27100264,358-0116,"Innovation, logging and manufacturing industries, percentage of plants with expenditures on new machinery or equipment by different locations"
27100265,358-0117,"Innovation, logging and manufacturing industries, percentage of plants with expenditures on research and development services by different locations"
27100266,358-0118,"Biotechnology use and development survey, indicators for innovative biotechnology firms by firm size"
27100267,358-0119,"Biotechnology use and development survey, indicators for innovative biotechnology firms by sector"
27100268,358-0120,"Biotechnology use and development survey, indicators for innovative biotechnology firms by region"
27100269,358-0091,"Innovation, logging and manufacturing industries, percentage of innovative plants that cooperated with reasons important in determining involvement"
27100270,358-0312,"Innovation and business strategy, performance resolution practices for production of goods or delivery of services"
27100271,358-0313,"Innovation and business strategy, average number of key production performance indicators monitored"
27100272,358-0317,"Innovation and business strategy, time frame of production performance targets for highest selling good or service"
27100273,358-0001,"Gross domestic expenditures on research and development, by science type and by funder and performer sector"
27100274,358-0229,"Innovation and business strategy, aggregated business activities, by industry, size and performance strategy"
27100275,358-0400,"Number of advanced technology domains used, by industry and enterprise size, inactive"
27100276,358-0401,"Number of advanced technologies used, by industry and enterprise size, inactive"
27100277,358-0402,"Adoption of advanced material handling, supply chain and logistics technologies, by industry and enterprise size, inactive"
27100278,358-0403,"Adoption of advanced business intelligence technologies, by industry and enterprise size, inactive"
27100279,358-0404,"Adoption of advanced design, information control, processing and fabrication technologies, by industry and enterprise size, inactive"
27100280,358-0606,"Most critical government program for the business's innovation activities, by industry and enterprise size"
27100281,358-0406,"Objectives of adopting advanced technologies, by industry and enterprise size, inactive"
27100282,358-0407,"Obstacles to the adoption of advanced technologies, by industry and enterprise size, inactive"
27100283,358-0408,"Measures taken to reduce obstacles to the adoption of advanced technologies, by industry and enterprise size, inactive"
27100284,358-0409,"Capital expenditures in advanced technologies by industry and enterprise size, inactive"
27100285,358-0411,"Sources of financing for enterprises that had capital expenditures in advanced technologies, by industry and enterprise size"
27100286,358-0412,"Reasons for not investing capital expenditures in advanced technologies by industry and enterprise size, inactive"
27100287,358-0448,"Main source of financing for capital expenditures in advanced technologies by industry and enterprise size, inactive"
27100288,358-0455,"Enterprises that use advanced technology, by industry and enterprise size, inactive"
27100289,358-0405,"Adoption of advanced green technologies, by industry and enterprise size"
27100290,358-0417,"Adoption of geomatics or geospatial technologies, by industry and enterprise size"
27100291,358-0418,"Purpose of using geomatics or geospatial technologies, by industry and enterprise size"
27100292,358-0419,"Alliances or collaborative arrangements related to geomatics or geospatial technologies, by industry and enterprise size"
27100293,358-0420,"Key driver in using geomatics or geospatial technologies, by industry and enterprise size"
27100294,358-0421,"Main challenges in adopting geomatics or geospatial technologies, by industry and enterprise size"
27100295,358-0422,"Adoption of nanotechnologies, by industry and enterprise size"
27100296,358-0427,"Adoption of biotechnology, by industry and enterprise size"
27100297,358-0428,"Applications related to biotechnology, by industry and enterprise size"
27100298,358-0429,"Alliances or collaborative arrangements related to biotechnology, by industry and enterprise size"
27100299,358-0430,"Key driver in using or developing biotechnologies, by industry and enterprise size"
27100300,358-0431,"Main challenges in using or developing biotechnologies, by industry and enterprise size"
27100301,358-0432,"Adoption of bioproducts, by industry and enterprise size"
27100302,358-0433,"Types of alliances or collaborative arrangements related to bioproducts, by industry and enterprise size"
27100303,358-0434,"Key driver in using or developing bioproducts, by industry and enterprise size"
27100304,358-0435,"Main challenges in using or developing bioproducts, by industry and enterprise size"
27100305,358-0436,"Development or production of medical devices for human health, by industry and enterprise size"
27100306,358-0450,"Use of nanotechnologies, by industry and enterprise size"
27100307,358-0451,"Development of nanotechnologies, by industry and enterprise size"
27100308,358-0454,"Alliances or collaborative arrangements related to bioproducts, by industry and enterprise size"
27100309,358-0413,"Employee training related to the adoption of advanced technologies by industry and enterprise size, inactive"
27100310,358-0415,"Recruitment pertaining to the adoption of advanced technologies by industry and enterprise size, inactive"
27100311,358-0416,"Acquisition or integration of advanced technologies by industry and enterprise size, inactive"
27100312,358-0437,"Use of business practices, by industry and enterprise size"
27100313,358-0438,"Use of product development practices, by industry and enterprise size"
27100314,358-0439,"Use of manufacturing and control management practices, by industry and enterprise size"
27100315,358-0440,"Use of quality management practices, by industry and enterprise size"
27100316,358-0441,"Use of collaboration practices, by industry and enterprise size"
27100317,358-0442,"Use of other business practices, by industry and enterprise size"
27100318,358-0443,"Introduction of innovations by industry and enterprise size, inactive"
27100319,358-0444,Introduction of product innovations by industry and enterprise size
27100320,358-0445,Introduction of process innovations by industry and enterprise size
27100321,358-0446,Introduction of organizational innovations by industry and enterprise size
27100322,358-0447,Introduction of marketing innovations by industry and enterprise size
27100323,358-0500,"Private non-profit organization in-house research and development expenditures, by expenditure types"
27100324,358-0501,"Private non-profit organization in-house research and development personnel, by occupational category"
27100325,358-0502,Private non-profit organization in-house research and development characteristics by provinces and territories
27100326,358-0503,"Private non-profit organization in-house research and development expenditures, by source of funds"
27100327,358-0504,"Private non-profit organization in-house research and development expenditures, by field of research and development"
27100328,358-0505,"Private non-profit organization in-house research and development expenditures, by nature of research and development"
27100329,358-0506,Private non-profit organization research and development results of expenditures from previous three years
27100330,358-0507,Private non-profit organization outsourced research and development expenditures
27100331,358-0508,Private non-profit organization payments made and received for intellectual property and other technological services by location and affiliation of recipient
27100332,358-0509,"Private non-profit organizations' in-house research and development expenditures, by field of research and development and nature of research and development"
27100333,358-0510,"Business enterprise in-house research and development expenditures, by industry group based on the North American Industry Classification System (NAICS), country of control and expenditure types"
27100334,358-0511,"Business enterprise in-house research and development expenditures, by country of control and revenue group"
27100335,358-0512,"Business enterprise in-house research and development expenditures, by country of control and employment size"
27100336,358-0513,"Business enterprise in-house research and development expenditures, by country of control and research and development expenditure group"
27100337,358-0514,"Business enterprise in-house research and development personnel occupational categories, by industry group based on the North American Industry Classification System (NAICS) and country of control"
27100338,358-0515,"Business enterprise in-house research and development personnel, by country of control and revenue group"
27100339,358-0516,"Business enterprise in-house research and development personnel, by country of control and employment size"
27100340,358-0517,"Business enterprise in-house research and development personnel, by country of control and research and development expenditure group"
27100341,358-0518,"Business enterprise in-house research and development characteristics, by industry group based on the North American Industry Classification System (NAICS), country of control and provinces and territories"
27100342,358-0519,"Business enterprise in-house research and development expenditures, by industry group based on the North American Industry Classification System (NAICS), country of control and source of funds"
27100343,358-0520,"Business enterprise in-house research and development expenditures, by industry group based on the North American Industry Classification System (NAICS), country of control and field of research and development"
27100344,358-0521,"Business enterprise in-house research and development expenditures, by industry group based on the North American Industry Classification System (NAICS), country of control and nature of research and development"
27100345,358-0522,"Business entreprise research and development results of expenditures from previous three years, by industry group based on the North American Industry Classification System (NAICS)"
27100346,358-0523,"Business enterprise outsourced research and development expenditures, by industry group based on the North American Industry Classification System (NAICS), country of control, location of recipients and sector of recipients"
27100347,358-0524,"Industrial energy research and development expenditures by area of technology, by industry group based on the North American Industry Classification System (NAICS) and country of control"
27100348,358-0525,Business enterprise payments made and received for intellectual property and other technological services by location and affiliation of recipient
27100349,358-0526,Business enterprise payments made and received for intellectual property and other technological services by industry group based on the North American Industry Classification System (NAICS)
27100350,358-0528,Business enterprise current in-house research and development expenditures as a percentage of revenues by country of control and revenue group
27100351,358-0529,"Business enterprise current in-house research and development expenditures as a percentage of revenues, by country of control and employment size"
27100352,358-0530,"Business enterprise current in-house research and development expenditures as a percentage of revenues, by country of control and research and development expenditure groups"
27100353,358-0532,"Average business enterprise in-house research and development expenditures, by country of control and revenue group"
27100354,358-0533,"Average business enterprise in-house research and development expenditures, by country of control and employment size"
27100355,358-0534,Average business enterprise in-house research and development expenditures by country of control and research and development expenditure group
27100356,,"Innovations with environmental benefits, by industry and enterprise size, inactive"
27100357,358-0536,Changes and events that affected business enterprise research and development expenditures
27100358,358-0527,"Business enterprise current in-house research and development expenditures as a percentage of revenues, by industry group based on the North American Industry Classification System (NAICS) and country of control"
27100359,,"Total domestic expenditures on research and development (R&amp;D) as percentage of gross domestic product (GDP), Canada and provinces, and G-7 countries"
27100360,,"Percentage of total research and development (R&amp;D) expenditure by performing sector, Canada and provinces, and G-7 countries"
27100361,,"Introduction of different types of innovation, by industry and enterprise size"
27100362,,"Adoption of clean technologies, by industry and enterprise size"
27100363,,Sources of funds for expenditures on research and development (R&amp;D) in the higher education sector
27100364,,"Obstacles to innovation and measures taken, by industry and enterprise size"
27100365,,"Product or process innovations that were new to one of the business’s markets with environmental benefits, by industry and enterprise size, inactive"
27100366,,"Innovations that were new to one of the business’s markets with environmental benefits, by industry and enterprise size, inactive"
27100367,,"Use of advanced or emerging technologies, by industry and enterprise size"
27100368,,"Reasons for not adopting or using advanced technologies, by industry and enterprise size"
27100369,,"Clean technology use, by industry and enterprise size"
27100370,,"Adoption of additional advanced technologies, by industry and enterprise size"
27100371,,"Applications related to geomatics or geospatial technologies, by industry and enterprise size"
27100372,,"Applications related to nanotechnology, by industry and enterprise size"
27100373,,"Applications related to blockchain or distributed ledger technologies, by industry and enterprise size"
27100374,,"Applications related to Internet-connected smart devices or systems, by industry and enterprise size"
27100375,,"Applications related to artificial intelligence technologies, by industry and enterprise size"
27100376,,"Adoption of advanced processing and fabrication technologies, by industry and enterprise size"
27100377,,"Adoption of emergent technologies, by industry and enterprise size"
27100378,,"Enterprises that faced challenges retaining skilled employees, by industry and enterprise size"
27100380,,"Choice about innovations made by adopters and non-adopters of advanced technologies, by industry and enterprise size"
27100381,,"Staffing plan to implement technologies, by industry and enterprise size"
27100382,,Most critical government support programs for investment activities in advanced technologies
27100383,,"Introduction of innovations, by industry and enterprise size"
27100384,,Year technologies were first used in enterprises
27100385,,"Fields related to advanced technologies, by industry and enterprise size"
27100386,,"Number of advanced technology domains used by enterprises, by industry and enterprise size"
27100387,,"Number of advanced technologies used in each advanced technology domain, by industry and enterprise size"
27100388,,"Adoption of advanced material handling, supply chain and logistics technologies, by industry and enterprise size"
27100389,,"Adoption of advanced business intelligence technologies, by industry and enterprise size"
27100390,,"Adoption of advanced design and information control technologies, by industry and enterprise size"
27100391,,"Objectives of adopting advanced technologies, by industry and enterprise size"
27100392,,"Obstacles to the adoption of advanced technologies, by industry and enterprise size"
27100393,,"Measures taken to reduce obstacles to the adoption of advanced technologies, by industry and enterprise size"
27100394,,Capital expenditures in advanced technologies by industry and enterprise size
27100395,,"Reasons for not investing capital expenditures in advanced technologies, by industry and enterprise size"
27100396,,"Main source of financing for capital expenditures in advanced technologies, by industry and enterprise size"
27100397,,"Use of advanced technologies, by industry and enterprise size"
27100398,,"Employee training related to the adoption of advanced technologies, by industry and enterprise size"
27100399,,"Recruitment pertaining to the adoption of advanced technologies, by industry and enterprise size"
27100400,,"Acquisition or integration of advanced technologies, by industry and enterprise size"
27100401,,"Amount spent on training related to the adoption of advanced technologies, by industry and enterprise size"
27100402,,"Innovations with environmental benefits, by industry and enterprise size"
27100403,,"Environmental benefits from product or process innovations that were new to one of the business's markets, by industry and enterprise size"
32100001,003-0033,Stocks of specified dairy products
32100002,001-0071,"Estimated areas, yield and production of principal field crops by Small Area Data Regions, in metric and imperial units"
32100003,,"Storage capacity of grain and oilseeds at December 31, in metric and imperial units"
32100004,,"Farm population classified by marital status, sex and age, Agriculture–Population Linkage, 2016, inactive"
32100005,003-0106,"Aquaculture, exports of selected Canadian aquaculture products, by destination"
32100006,001-0002,"Estimated stocks of grains on farms, end of crop year at July 31"
32100007,001-0040,"Stocks of grain and oilseeds at March 31, July 31 and December 31"
32100008,001-0015,"Exports of grains, by final destination"
32100009,,"Farm population classified by mother tongue, sex and age, Agriculture–Population Linkage, 2016, inactive"
32100010,,"Farm population classified by country of birth, sex and age, Agriculture–Population Linkage, 2016, inactive"
32100011,,"Farm population and self-employed labour force population classified by educational attainment, sex and age, Agriculture–Population Linkage, 2016, inactive"
32100012,,"Total population and farm population for rural areas and population centres classified by sex and age, Agriculture–Population Linkage, 2016, inactive"
32100013,001-0041,Supply and disposition of grains in Canada
32100014,001-0042,Supply and disposition of corn
32100015,001-0043,Farm supply and disposition of grains
32100016,001-0044,Milled wheat and wheat flour produced
32100017,001-0045,"Area, production and farm value of potatoes, by harvest season, United States"
32100018,001-0046,Estimates of greenhouse total area and months of operation
32100019,001-0047,"Estimates of specialized greenhouse operations, greenhouse area, and months of operation"
32100020,,"Farm operators classified by farm type and country of birth, Agriculture–Population Linkage, 2016, inactive"
32100021,001-0049,"Production of potted plants, cut flowers, cuttings, by variety and tree seedlings"
32100022,001-0050,Channels of distribution for horticulture product sales and resales
32100023,001-0051,Total value of greenhouse products
32100024,,"Farm operators classified by farm type and level of educational attainment, Agriculture–Population Linkage, 2016, inactive"
32100025,001-0053,Specialized greenhouse producers' operating expenses
32100026,001-0054,"Total greenhouse, sod and nursery employees, inactive"
32100027,,"Farm operators classified by farm type and operator income class, Agriculture–Population Linkage, 2016, inactive"
32100028,001-0055,Total number of employees of specialized greenhouse operations
32100029,001-0056,Estimates of nursery area
32100030,,"Farms classified by farm type and household income class, Agriculture–Population Linkage, 2016, inactive"
32100031,001-0057,Nursery tree and plant production
32100032,001-0058,Nursery stock sales and resales
32100033,001-0059,Channels of distribution for nursery product sales and resales
32100034,001-0060,"Estimates of sod area, sales and resales"
32100035,,"Number of farms classified by operating arrangement and household income class, Agriculture–Population Linkage, 2016, inactive"
32100036,001-0066,"Canadian fertilizer inventories, by product type"
32100037,001-0067,"Canadian fertilizer production, by product type and fertilizer year, cumulative data"
32100038,001-0068,"Fertilizer shipments to Canadian agriculture and export markets, by product type and fertilizer year, cumulative data"
32100039,001-0069,"Fertilizer shipments to Canadian agriculture markets, by nutrient content and fertilizer year, cumulative data"
32100040,001-0070,"Area, production and farm value of potatoes, Mexico"
32100041,,"Farm population households classified by major source of income and income class, Agriculture–Population Linkage, 2016, inactive"
32100042,001-0072,"Estimated areas, yield, production of corn for grain and soybeans, using genetically modified seed, in metric and imperial units"
32100043,001-0073,Forage seed usage by type of seed
32100044,001-0100,Normalized difference vegetation indices at one kilometre resolution by land use type for agricultural areas of Canada
32100045,002-0001,"Farm cash receipts, annual"
32100046,002-0002,"Farm cash receipts, quarterly"
32100047,002-0003,Value per acre of farm land and buildings at July 1
32100048,002-0004,Agriculture value added account
32100049,002-0005,Farm Operating Expenses and Depreciation Charges
32100050,002-0007,Value of farm capital at July 1
32100051,002-0008,"Farm Debt Outstanding, classified by lender"
32100052,002-0009,Net farm income
32100053,002-0010,Supply and disposition of food in Canada
32100054,002-0011,Food available in Canada
32100055,002-0012,Farm income in kind in Canada
32100056,002-0020,Balance sheet of the agricultural sector as at December 31st
32100057,002-0024,Total and average off-farm income by source
32100058,002-0025,Total and average off-farm income and net operating income of farm families
32100059,002-0026,Total and average off-farm income by source and total and average net operating income of farm families
32100060,002-0027,Average total income of farm families by farm type
32100061,002-0028,Average income of farm families by source and family total income group
32100062,002-0031,Distribution of farm families by income group and family size
32100063,002-0029,"Farm families and average total income by typology group, unincorporated sector, provinces"
32100064,,"Farm population families classified by type and size, Agriculture–Population Linkage, 2016, inactive"
32100065,002-0030,"Farm families and average total income by typology group, unincorporated sector, Canada"
32100066,002-0032,Average total income of farm families by income quintile
32100067,002-0033,Average total income of farm families by income quintile and farm type
32100068,002-0034,Total and average off-farm income by source and total and average net operating income of farm operators
32100069,002-0035,Total and average off-farm income by source and total and average net operating income of farm operators by farm type
32100070,002-0036,Total and average off-farm income by source and total and average net operating income of farm operators by revenue class
32100071,002-0037,Average off-farm income and average net operating income of farm operators by revenue class
32100072,002-0038,Average total income of farm operators by farm type
32100073,002-0039,Average total income of farm operators by farm type and revenue class
32100074,002-0040,"Distribution of farm operators by income group and farm type, with selected average incomes"
32100075,002-0041,Average total income of farm operators by income quintile
32100076,002-0042,Average total income of farm operators by income quintile and farm type
32100077,002-0043,"Farm product prices, crops and livestock"
32100078,002-0044,"Average operating revenues and expenses of farms, by farm type"
32100079,002-0045,"Detailed average operating revenues and expenses of farms, by revenue class"
32100080,002-0046,Average operating revenues and expenses of farms by revenue class
32100081,002-0047,"Average operating revenues and expenses of farms, by revenue class and farm type"
32100082,002-0048,"Distribution of farms, by farm type and net operating income group"
32100083,002-0049,"Distribution of farms, by revenue class, farm type and net operating income group"
32100084,,"Farm population families classified by family type, farm type and share of family income earned by operators, Agriculture–Population Linkage, 2016, inactive"
32100085,002-0051,"Average total agricultural sales of farms, by selected farm type and revenue class"
32100086,002-0052,Average net program payments and average net market income of farms
32100087,002-0053,"Average net program payments and average net market income of farms, by farm type"
32100088,002-0054,"Average net program payments and average net market income of farms, by revenue class"
32100089,002-0055,Financial ratios of farms
32100090,002-0056,"Financial ratios of farms, by farm type"
32100091,002-0057,"Financial ratios of farms, by revenue class"
32100092,002-0058,"Financial ratios of farms, by quartile boundary"
32100093,002-0059,"Financial ratios of farms, by farm type and quartile boundary"
32100094,002-0060,"Financial ratios of farms, by revenue class and quartile boundary"
32100095,002-0061,"Average net market income of farms, by income quintile"
32100096,002-0062,"Average net market income of farms, by farm type and income quintile"
32100097,002-0063,"Average net market income of farms, by revenue class and income quintile"
32100098,002-0068,"Farm product price index (FPPI), monthly"
32100099,002-0069,"Farm product price index (FPPI), annual (2007=100)"
32100100,002-0070,"Farm product price index (FPPI), monthly weights"
32100101,002-0071,"Farm financial survey, Canadian and regional agricultural balance sheet (gross farm revenue equal to or greater than $25,000)"
32100102,002-0072,"Farm financial survey, financial structure by farm type, average per farm (gross farm revenue equal to or greater than $25,000)"
32100103,002-0073,"Farm financial survey, financial structure of farms by revenue class, average per farm (gross farm revenue equal to or greater than $25,000)"
32100104,002-0074,"Farm financial survey, capital investment and capital sales of farms, average per farm (gross farm revenue equal to or greater than $25,000)"
32100105,002-0075,"Value of inventory change, annual"
32100106,002-0076,Direct payments to agriculture producers
32100107,003-0001,"Aquaculture, production and value"
32100108,003-0003,"Aquaculture economic statistics, value added account"
32100109,003-0007,Supply and disposition of milk products in Canada
32100110,003-0008,Cash receipts from milk and cream sold off farms
32100111,003-0009,Production of selected butter products
32100112,003-0010,Production of selected dairy products
32100113,003-0011,Milk production and utilization
32100114,003-0012,Commercial sales of milk and cream
32100115,003-0014,"Number and value of mink pelts sold, by colour type"
32100116,003-0015,Supply and disposition of mink and fox on fur farms
32100117,003-0018,"Production, disposition and farm value of poultry meat"
32100118,003-0019,"Fowl and chicken meat production, weight and farm value"
32100119,003-0020,"Production and disposition of eggs, annual"
32100120,003-0021,Placement of chicks and turkey poults for production
32100121,003-0022,"Production and disposition of eggs, monthly"
32100122,003-0023,Stocks of frozen poultry meat
32100123,003-0024,Stocks of frozen eggs and edible dried eggs
32100124,003-0025,Value per head of livestock at July 1
32100125,003-0026,"Cattle and calves, farm and meat production"
32100126,003-0028,"Hogs, sheep and lambs, farm and meat production"
32100127,,"Crushing statistics of major oilseeds, Canada and United States"
32100129,003-0031,Number of sheep and lambs on farms
32100130,003-0032,"Number of cattle, by class and farm type"
32100131,,"Milled wheat and wheat flour produced, Canada and United States"
32100132,003-0034,Production of butterfat
32100133,003-0038,Report of processed eggs production
32100134,003-0039,"Laying type pullet, chick placements"
32100135,003-0079,Report of processed eggs production in Canada
32100136,,"Farm operating revenues and expenses, annual"
32100137,003-0081,"Stocks of frozen and chilled meats, domestic and imported, in cold storage, quarterly"
32100138,003-0082,"Stocks of frozen and chilled imported meats, quarterly"
32100139,003-0083,"Cattle statistics, supply and disposition of cattle"
32100140,003-0085,"Cattle and calves, number by class and calf crop, United States"
32100141,003-0094,"Sheep statistics, supply and disposition of sheep and lambs"
32100142,003-0097,"Sheep statistics, quantity of raw wool purchased, used on farms, price and farm value"
32100143,003-0098,"Sheep and lambs, number by class and lamb crop, United States"
32100151,003-0099,"Cattle and calves statistics, number of farms reporting and average number of cattle and calves per farm"
32100152,004-0001,"Number and area of farms and farmland area by tenure, Census of Agriculture historical data, 1921 to 2016, inactive"
32100153,004-0002,"Land use, Census of Agriculture historical data"
32100154,004-0003,"Selected crops, Census of Agriculture historical data"
32100155,004-0004,"Selected livestock and poultry, Census of Agriculture historical data"
32100156,004-0005,"Farms classified by total farm area, Census of Agriculture historical data"
32100157,004-0006,"Farms classified by total gross farm receipts, 2015 constant dollars, Census of Agriculture historical data, 1981 to 2016"
32100158,004-0007,"Farms classified by operating arrangement, Census of Agriculture historical data"
32100159,004-0008,"Greenhouses and mushrooms, Census of Agriculture historical data"
32100160,003-0100,"Hogs statistics, number of hogs on farms at end of semi-annual period"
32100161,004-0009,"Maple taps, Census of Agriculture historical data"
32100162,004-0010,"Land inputs and tillage and seeding practices, Census of Agriculture historical data"
32100163,004-0011,"Selected farm machinery, Census of Agriculture historical data, 1921 to 2016"
32100164,004-0012,"Farm capital, operating revenues and operating expenses, Census of Agriculture historical data"
32100165,004-0013,"Paid agricultural work, Census of Agriculture historical data, 1976 to 2011"
32100166,004-0014,"Farms classified by farm type, Census of Agriculture historical data"
32100167,004-0015,"Selected commodities by size, Census of Agriculture historical data"
32100168,004-0016,"Farms using computers in farm management and classified by total gross farm receipts, Census of Agriculture historical data, 1986 to 2011"
32100169,004-0017,"Number of farm operators by sex, age and paid non-farm work, Census of Agriculture historical data, 1991 to 2016, inactive"
32100170,004-0100,Number of farms classified by number of operators per farm and household income class in the year prior to the census
32100171,004-0101,"Number of farms classified by number of operators per farm, major source of household income and income class in the year prior to the census"
32100172,004-0102,"Number of farm operators classified by marital status, sex and number of operators per farm"
32100173,004-0103,"Number of farm operators classified by marital status, age and number of operators per farm"
32100174,004-0104,"Number of farm operators classified by marital status, level of educational attainment and number of operators per farm"
32100175,004-0105,"Number of farm operators classified by mother tongue, sex and number of operators per farm"
32100176,004-0106,"Number of farm operators classified by mother tongue, age and number of operators per farm"
32100177,004-0107,"Number of farm operators classified by mother tongue, level of educational attainment and number of operators per farm"
32100178,004-0108,"Number of farm operators classified by occupation, sex and number of operators per farm"
32100179,004-0109,"Number of farm operators classified by occupation, age and number of operators per farm"
32100180,004-0110,"Number of farm operators classified by occupation, level of educational attainment and number of operators per farm"
32100181,004-0111,"Number of farm operators classified by class of worker, sex and number of operators per farm"
32100182,004-0112,"Number of farm operators classified by class of worker, age and number of operators per farm"
32100183,004-0113,"Number of farm operators classified by class of worker, level of educational attainment and number of operators per farm"
32100184,004-0114,"Number of farm operators classified by income class in the year prior to the census, sex and number of operators per farm"
32100185,004-0115,"Number of farm operators classified by income class in the year prior to the census, age and number of operators per farm"
32100186,004-0116,"Number of farm operators classified by income class in the year prior to the census, level of educational attainment and number of operators per farm"
32100187,004-0117,"Number of farm operators classified by major source of income in the year prior to the census, sex and number of operators per farm"
32100188,004-0118,"Number of farm operators classified by major source of income in the year prior to the census, age and number of operators per farm"
32100189,004-0119,"Number of farm operators classified by major source of income in the year prior to the census, level of educational attainment and number of operators per farm"
32100190,004-0120,Number of farm operators classified by level of educational attainment and sex
32100191,004-0121,Number of farm operators classified by level of educational attainment and age
32100192,004-0122,"Income characteristics of farm operators in the year prior to the census, classified by farm type"
32100193,004-0123,"Number of families on farms, classified by type and size of family"
32100194,004-0124,"Number of families on unincorporated farms, classified by family type, major source of operator income and income classes in the year prior to the census"
32100195,004-0125,Socioeconomic characteristics of persons classified by sex and activity in the labour force
32100196,004-0126,"Number of persons in the farm and non-farm populations, for rural areas and population centres"
32100197,004-0127,"Number of persons in the total population and the farm population, for rural areas and population centres, classified by sex and age"
32100198,004-0128,"Total population and farm population classified by religious affiliation, Agriculture–National Household Survey Linkage, 2011, inactive"
32100199,004-0129,Number of farm operators and persons in the labour force classified by country of birth
32100200,003-0102,"Hogs statistics, supply and disposition of hogs, semi-annual"
32100201,003-0101,"Hogs statistics, sows farrowed, pigs born and sows bred to farrow, semi-annual"
32100202,003-0103,"Hogs statistics, number of farms reporting and average number of hogs per farm, semi-annual"
32100203,003-0104,"Hogs and pigs statistics, inventory number by class and semi-annual period, United States and Canada"
32100204,003-0105,"Hogs and pigs statistics, inventory number by class and semi-annual period, United States"
32100205,,Farms with a formal Environmental Farm Plan
32100206,,"Use of custom operators on a farm, by farm production type"
32100207,,Use and purpose of Global Positioning System equipment on farms
32100208,,Land management improvements on farms
32100209,,Type of pesticides used on farms
32100210,,"Frequency of manure application on farms, by farm production type, inactive"
32100211,,Measures taken to manage staff requirements on farms
32100212,,"Area, production and farm gate value of marketed organic fruits and vegetables"
32100213,,Total income of farm families by source of income
32100214,,Income of farm families by income quartile boundary
32100215,,"Employees in the agriculture sector, and agricultural operations with at least one employee, by industry"
32100216,,"Employees in the agriculture sector, and agricultural operations with at least one employee, by province"
32100217,,"Employees in the agriculture sector, and agricultural operations with at least one employee, by category of farm revenue"
32100218,,"Temporary foreign workers in the agriculture and agri-food sectors, by industry"
32100219,,"Jobs filled by temporary foreign workers in the agriculture sector, and agricultural operations with at least one temporary foreign worker, by province"
32100220,,"Temporary foreign workers in the agriculture sector, by category of farm revenue"
32100221,,Countries of citizenship for temporary foreign workers in the agricultural sector
32100224,,"International trade of beef products, by mode of transportation"
32100225,,"International trade of beef products, by trading partners"
32100227,,"Experimental hog estimates using PigTRACE data, supply, disposition, and ending inventories of hogs, semi-annual"
32100228,,"Land tenure, Census of Agriculture historical data"
32100229,,"Tractors, Census of Agriculture historical data"
32100230,,"Characteristics of farm operators, Census of Agriculture historical data"
32100231,,"Farms classified by farm type, Census of Agriculture, 2021"
32100232,,"Farms classified by total farm area, Census of Agriculture, 2021"
32100233,,"Farms classified by area in crops and summerfallow, Census of Agriculture, 2021"
32100234,,"Land tenure, Census of Agriculture, 2021"
32100235,,"Farms classified by operating arrangement, Census of Agriculture, 2021"
32100236,,"Farms classified by total farm capital, Census of Agriculture, 2021"
32100237,,"Farm capital, Census of Agriculture, 2021"
32100238,,"Value of farm machinery and equipment, Census of Agriculture, 2021"
32100239,,"Farms classified by total operating revenues, Census of Agriculture, 2021"
32100240,,"Operating revenues, Census of Agriculture, 2021"
32100241,,"Operating expenses, Census of Agriculture, 2021"
32100242,,"Direct sales of agricultural products to consumers, Census of Agriculture, 2021"
32100243,,"Paid labour, Census of Agriculture, 2021"
32100244,,"Succession plan for the agricultural operation, Census of Agriculture, 2021"
32100245,001-0052,Greenhouse producers' operating expenses
32100246,001-0048,Production and sale of greenhouse flowers and plants
32100247,003-0029,Production of concentrated milk products
32100248,002-0050,"Average total agricultural sales of farms, by selected farm type, revenue class and degree of specialization"
32100249,,"Land use, Census of Agriculture, 2021"
32100250,001-0011,"Supply and disposition of principal grains, by crop year"
32100251,001-0016,"Area, production and farm value of tobacco"
32100252,001-0021,Grain consumption
32100253,001-0022,Manufactured food grain products
32100254,001-0023,Stages of development and harvesting of spring wheat for selected provinces
32100255,001-0024,Stages of development and harvesting of spring wheat for Manitoba and crop districts
32100256,001-0025,"Supply and disposition of selected principal grains, by crop year"
32100257,001-0026,"Estimated area, yield, production, average farm price and total farm value for field roots, in imperial units"
32100258,001-0027,"Fruit, frozen and in preservatives in storages and factories"
32100259,001-0028,Apples and pears in cold and common storage
32100260,001-0029,Vegetables in cold and common storage
32100261,001-0030,Frozen vegetables in storages and factories
32100262,001-0031,Frozen vegetables intended for re-manufacture in storages and factories
32100263,001-0032,"Fruit and vegetable, fresh and processed, area yield production and value"
32100264,001-0033,"Loganberries, cranberries and blueberries, production and value"
32100265,001-0034,"Apricots, cherries and apples, production and value"
32100266,001-0035,"Peaches, pears, grapes, plums and prunes, production and value"
32100267,001-0036,"Raspberries and strawberries, production and value"
32100268,001-0037,Pasture area
32100269,001-0038,Customs exports of wheat flour
32100270,001-0039,"Supply and disposition of corn, Canada and selected provinces"
32100271,001-0062,"Canadian fertilizer market inventories, by product type"
32100272,001-0063,"Canadian fertilizer production, by product type and fertilizer year"
32100273,001-0064,"Fertilizer shipments to Canadian agriculture and export markets, by product type and fertilizer year"
32100274,001-0065,"Fertilizer shipments to Canadian agriculture markets, by nutrient content and fertilizer year"
32100275,002-0006,Average wage rate paid to hired agricultural labour
32100276,002-0013,Farm cash receipts
32100277,002-0014,Total cash receipts from farming operations
32100278,002-0015,"Farm operating expenses and depreciation charges, by item"
32100279,002-0016,Index of farm production
32100280,002-0017,Sub-indexes of crop and livestock production
32100281,002-0018,Farm wages
32100282,002-0019,Food available by major groups in Canada
32100283,002-0021,"Farm product price index (FPPI), monthly (1997=100)"
32100284,002-0022,"Farm product price index (FPPI), annual (1997=100)"
32100285,002-0023,"Farm business cash flow account, and ratios"
32100286,002-0064,"Farm financial survey, Canadian and regional agricultural balance sheet (gross farm revenue equal to or greater than $10,000)"
32100287,002-0065,"Farm financial survey, financial structure by farm type, average per farm (gross farm revenue equal to or greater than $10,000)"
32100288,002-0066,"Farm financial survey, financial structure of farms by revenue class, average per farm (gross farm revenue equal to or greater than $10,000)"
32100289,002-0067,"Farm financial survey, capital investment and capital sales of farms, average per farm (gross farm revenue equal to or greater than $10,000)"
32100290,003-0004,Number of hogs on farms at end of quarter
32100291,003-0005,"Stocks of frozen and chilled meats, domestic and imported, in cold storage"
32100292,003-0006,Stocks of frozen and chilled meats in cold storage in Canada
32100293,003-0013,Number and value of pelts produced
32100294,003-0016,Shorn wool statistics
32100295,003-0017,Supply and disposition of poultry meat and eggs in Canada
32100296,003-0030,Number of calves born
32100297,003-0035,Quantity of meats available and output of meats and offal
32100298,003-0036,"Animals slaughtered, supply and disappearance in Canada"
32100299,003-0037,"Meat production, supply and disposition in Canada"
32100300,003-0040,Farms reporting mink classified by number reported at December 31
32100301,003-0041,Stocks of frozen and chilled imported meats
32100302,003-0047,Utilization of milk production
32100303,003-0048,Supply and disposition of creamery butter and cheddar cheese
32100304,003-0049,Creamery butter and cheddar cheese production
32100305,003-0050,Domestic and per capita disappearance of cheese products
32100306,003-0051,Domestic disappearance of dairy products in terms of milk
32100307,003-0052,Farm cash receipts from dairy products
32100308,003-0053,"Farm cash receipts from dairy products, by utilization"
32100309,,"Field crops and hay, Census of Agriculture, 2021"
32100310,003-0055,Average farm value of milk and other selected dairy products
32100311,003-0056,"Average farm value of milk, cream and farm butter, sold by farmers"
32100312,003-0057,Inspected slaughter of livestock
32100313,003-0059,"Canned meats and lard, production, supply and disappearance"
32100314,003-0060,"Wool, production and supply"
32100315,,"Fruits, Census of Agriculture, 2021"
32100316,003-0062,"Goose and duck meat production, disposition and farm value"
32100317,003-0063,"Total poultry meat production, disposition and farm value"
32100318,003-0064,"Poultry, number on farms at June 1 and at December 1"
32100319,003-0065,"Livestock, slaughtering in inspected establishments"
32100320,003-0066,"Livestock: estimated farm output, farm kill and live sales"
32100321,003-0067,"Horses, number on farms at June 1 and at December 1"
32100322,003-0068,"Average prices for selected classes and grades of cattle, monthly"
32100323,003-0069,"Average prices for selected classes and grades of cattle, annual"
32100324,003-0070,"Average prices for selected livestock, monthly"
32100325,003-0071,"Average prices for selected livestock, annual"
32100326,003-0072,"Hogs, number on farms at June 1 and at December 1"
32100327,003-0073,"Estimated sows farrowed and pigs saved, spring and fall periods"
32100328,003-0074,"Horses, number on farms at June 1, farm value per head and total farm value"
32100329,003-0075,"Cattle, hogs, sheep and lambs, number on farms at June 1 of census years, Newfoundland and Labrador"
32100330,003-0076,Total milk production
32100331,003-0077,"Hog, barley ratio, live basis, Winnipeg, monthly"
32100332,003-0078,"Hog, barley ratio, live basis, Winnipeg, annual"
32100333,003-0080,"Nutrients in the food supply, by source of nutritional equivalent and commodity"
32100334,003-0084,"Cattle prices, steers"
32100335,003-0086,"Cattle, weighted average prices, steers"
32100336,003-0087,"Hogs statistics, sows farrowed, pigs born and sows bred to farrow"
32100337,003-0088,"Hogs statistics, supply and disposition of hogs"
32100338,003-0089,"Hogs statistics, number of farms reporting and average number of hogs per farm"
32100339,003-0090,"Hogs statistics, prices"
32100340,003-0091,"Hogs statistics, weighted average prices"
32100341,003-0092,"Hogs and pigs statistics, inventory number by class and quarter, United States and Canada"
32100342,003-0093,"Hogs and pigs statistics, inventory number by class and quarter, United States"
32100343,003-0095,"Sheep statistics, prices of lambs"
32100344,003-0096,"Sheep statistics, weighted average prices, lambs"
32100349,003-0054,Farm value of total milk production
32100350,003-0061,Average fleece weight
32100351,001-0001,Producer deliveries of major grains
32100352,001-0005,Crushing statistics of major oilseeds
32100353,001-0007,Production and value of honey
32100354,001-0008,Production and value of maple products
32100355,,"Field vegetables, Census of Agriculture, 2021"
32100356,001-0012,"Area, production and sales of mushrooms"
32100357,,"Nursery and sod, Census of Agriculture, 2021"
32100358,001-0014,"Area, production and farm value of potatoes"
32100359,001-0017,"Estimated areas, yield, production, average farm price and total farm value of principal field crops, in metric and imperial units"
32100360,,"Greenhouse products, Census of Agriculture, 2021"
32100361,,"Mushrooms, Census of Agriculture, 2021"
32100362,,"Maple taps, Census of Agriculture, 2021"
32100363,,"Organic products, Census of Agriculture, 2021"
32100364,001-0009,"Area, production and farm gate value of marketed fruits"
32100365,001-0013,"Area, production and farm gate value of marketed vegetables"
32100366,,"Crop residue, Census of Agriculture, 2021"
32100367,,"Tillage and seeding practices, Census of Agriculture, 2021"
32100368,,"Land inputs, manure and irrigation, Census of Agriculture, 2021"
32100369,,"Land practices and land features, Census of Agriculture, 2021"
32100370,,"Cattle inventory on farms, Census of Agriculture, 2021"
32100371,,"Sheep inventory on farms, Census of Agriculture, 2021"
32100372,,"Pig inventory on farms, Census of Agriculture, 2021"
32100373,,"Other livestock inventories on farms, Census of Agriculture, 2021"
32100374,,"Poultry inventories on farms, Census of Agriculture, 2021"
32100375,,"Poultry production, Census of Agriculture, 2021"
32100376,,"Egg production, Census of Agriculture, 2021"
32100377,,"Commercial poultry hatcheries, Census of Agriculture, 2021"
32100378,,"Bees, Census of Agriculture, 2021"
32100379,,"Technologies used on the operation, Census of Agriculture, 2021"
32100380,,"Renewable energy production, Census of Agriculture, 2021"
32100381,,"Characteristics of farm operators: Age, sex and number of operators on the farm, Census of Agriculture, 2021"
32100382,,"Characteristics of farm operators: farm work and other paid work, Census of Agriculture, 2021"
32100383,,Normalized difference vegetation indices at one kilometre resolution by land use type for agricultural areas of Canada using 2021 geographic layers
32100384,,"Licensed cannabis production, Census of Agriculture, 2021"
32100385,,Crop rotation practices for field crop operations
32100386,,"Soil testing frequency and varied application of fertilizer, by farm production type"
32100387,,"Cover, companion or green manure crops used as field crop management practice"
32100388,,"Method of manure application, by farm production type"
32100389,,"Type of commercial fertilizer applied, by farm production type"
32100390,,"Timing of fertilizer application, by farm production type"
32100391,,"Method of fertilizer application, by farm production type"
32100392,,"Farm population classified by marital status, gender and age, Agriculture–Population Linkage, 2021"
32100393,,"Farm population classified by mother tongue, gender and age, Agriculture–Population Linkage, 2021"
32100394,,"Farm population classified by place of birth, gender and age, Agriculture–Population Linkage, 2021"
32100395,,"Farm population classified by educational attainment, gender and age, Agriculture–Population Linkage, 2021"
32100396,,"Farm population and total population for rural areas and population centres classified by gender and age, Agriculture–Population Linkage, 2021"
32100397,,"Farm population and total population classified by religion, Agriculture–Population Linkage, 2021"
32100398,,"Farm operators classified by farm type and place of birth, Agriculture–Population Linkage, 2021"
32100399,,"Farm operators classified by farm type and educational attainment, Agriculture–Population Linkage, 2021"
32100400,,"Farm operators classified by farm type and operator income class, Agriculture–Population Linkage, 2021"
32100401,,"Farms classified by farm type and household income class, Agriculture–Population Linkage, 2021"
32100402,,"Farms classified by operating arrangement and household income class, Agriculture–Population Linkage, 2021"
32100403,004-0200,"Farms classified by farm type, Census of Agriculture, 2011 and 2016, inactive"
32100404,004-0201,"Farms classified by total farm area, Census of Agriculture, 2011 and 2016, inactive"
32100405,004-0202,"Farms classified by area in crops and summerfallow, Census of Agriculture, 2011 and 2016, inactive"
32100406,004-0203,"Land use, Census of Agriculture, 2011 and 2016, inactive"
32100407,004-0204,"Land tenure, Census of Agriculture, 2011 and 2016, inactive"
32100408,004-0205,"Tillage and seeding practices, Census of Agriculture, 2011 and 2016, inactive"
32100409,004-0206,"Land inputs, Census of Agriculture, 2011 and 2016, inactive"
32100410,004-0207,"Manure, Census of Agriculture, 2011 and 2016, inactive"
32100411,004-0208,"Land practices and land features, Census of Agriculture, 2011 and 2016, inactive"
32100412,004-0209,"Forms of weed control on summerfallow land, Census of Agriculture, 2011 and 2016, inactive"
32100413,004-0210,"Irrigation, Census of Agriculture, 2011 and 2016, inactive"
32100414,004-0211,"Organic products, Census of Agriculture, 2011 and 2016, inactive"
32100415,004-0212,"Crop residue, Census of Agriculture, 2011 and 2016, inactive"
32100416,004-0213,"Field crops and hay, Census of Agriculture, 2011 and 2016, inactive"
32100417,004-0214,"Fruits, Census of Agriculture, 2011 and 2016, inactive"
32100418,004-0215,"Field vegetables, Census of Agriculture, 2011 and 2016, inactive"
32100419,004-0216,"Sod and nursery products, Census of Agriculture, 2011 and 2016, inactive"
32100420,004-0217,"Greenhouse products and mushrooms, Census of Agriculture, 2011 and 2016, inactive"
32100421,004-0218,"Christmas trees, Census of Agriculture, 2011 and 2016, inactive"
32100422,004-0219,"Sales of forest products, Census of Agriculture, 2011 and 2016"
32100423,004-0220,"Maple taps, Census of Agriculture, 2011 and 2016, inactive"
32100424,004-0221,"Cattle inventory on farms, Census of Agriculture, 2011 and 2016, inactive"
32100425,004-0222,"Sheep inventory on farms, Census of Agriculture, 2011 and 2016, inactive"
32100426,004-0223,"Pig inventory on farms, Census of Agriculture, 2011 and 2016, inactive"
32100427,004-0224,"Other livestock inventories on farms, Census of Agriculture, 2011 and 2016, inactive"
32100428,004-0225,"Poultry inventories on farms, Census of Agriculture, 2011 and 2016, inactive"
32100429,004-0226,"Poultry production, Census of Agriculture, 2011 and 2016, inactive"
32100430,004-0227,"Egg production, Census of Agriculture, 2011 and 2016, inactive"
32100431,004-0228,"Commercial poultry hatcheries, Census of Agriculture, 2011 and 2016, inactive"
32100432,004-0229,"Bees, Census of Agriculture, 2011 and 2016, inactive"
32100433,004-0230,"Farms classified by operating arrangement, Census of Agriculture, 2011 and 2016, inactive"
32100434,004-0231,"Computers used for the farm business, Census of Agriculture, 2011"
32100435,004-0232,"Farms classified by total farm capital, Census of Agriculture, 2011 and 2016, inactive"
32100436,004-0233,"Farms classified by total gross farm receipts, Census of Agriculture, 2011 and 2016, inactive"
32100437,004-0234,"Farm capital, Census of Agriculture, 2011 and 2016, inactive"
32100438,004-0235,"Operating expenses, Census of Agriculture, 2011 and 2016, inactive"
32100439,004-0236,"Paid labour, Census of Agriculture, 2011 and 2016, inactive"
32100440,004-0237,"Total number of farms and farm operators, Census of Agriculture, 2011 and 2016, inactive"
32100441,004-0238,"Characteristics of farm operators: sex and number of operators on the farm, Census of Agriculture, 2011 and 2016, inactive"
32100442,004-0239,"Characteristics of farm operators: age and number of operators on the farm, Census of Agriculture, 2011 and 2016, inactive"
32100443,004-0240,"Characteristics of farm operators: number of farm operators who lived on the farm, Census of Agriculture, 2011"
32100444,004-0241,"Characteristics of farm operators: farm work, Census of Agriculture, 2011 and 2016, inactive"
32100445,004-0242,"Characteristics of farm operators: other paid work, Census of Agriculture, 2011 and 2016, inactive"
32100446,004-0243,"Technologies used on the operation, Census of Agriculture, 2016, inactive"
32100447,004-0244,"Direct sales of agricultural products to consumers, Census of Agriculture, 2016, inactive"
32100448,004-0245,"Succession plan for the agricultural operation, Census of Agriculture, 2016, inactive"
32100449,004-0246,"Renewable energy production, Census of Agriculture, 2016, inactive"
32100450,,"Farm population households classified by major source of income and income class, Agriculture–Population Linkage, 2021"
32100451,,"Farm population families classified by type and size, Agriculture–Population Linkage, 2021"
32100452,001-0076,"Estimates of field-grown cut flowers area, production and sales"
32100453,001-0101,"Normalized difference vegetation indices at one kilometre resolution by land use type for agricultural areas of Canada using 2016 geographic layers, inactive"
32100454,001-0061,Nursery and sod producers' operating expenses
32100455,,"Farm population families classified by family type, farm type and share of family income earned by operators, Agriculture–Population Linkage, 2021"
32100456,001-0006,Production and value of greenhouse fruits and vegetables
32100457,,"Agricultural operations that sold food locally, by farm size and farm type, 2022"
32100458,,"Total dollar amount and percentage of local food sales by local market channel, by farm size, 2022"
32100459,,"Total dollar amount, average dollar amount per agricultural operation, and percentage of local food sales, by farm size, 2022"
32100460,,"Food products contributing the most to agricultural operations' local food sales, by farm size, 2022"
32100461,,"Main reasons of agricultural operations for selling food locally, by farm size, 2022"
32100462,,"Main challenges experienced by agricultural operations to selling food locally, by farm size, 2022"
32100463,,"Types of non-profit or public sector channels that agricultural operations donated or sold local food to at or below cost, by farm size, 2022"
32100464,,"Types of certifications or designations held, by farm size, 2022"
32100465,,"Programs or initiatives that agricultural operations participated in between 2019 and 2022, by farm size"
32100466,,"Total number of acres of seeded cropland where urease or nitrification inhibitors were applied, by province and farm type, 2022"
32100467,,"Average cost per agricultural operation to purchase and apply urease or nitrification inhibitors, by province and farm type, 2022"
32100468,,"Main reasons of agricultural operations for applying urease or nitrification inhibitors, by province and farm type, 2022"
32100469,,"Total number of acres of pasture land where rotational grazing was practiced, by province and farm type, 2022"
32100470,,"Average cost per agricultural operation to practice rotational grazing on pasture land excluding upfront costs, by province, and farm type, 2022"
32100471,,"Main reasons of agricultural operations for practicing rotational grazing, by province and farm type, 2022"
32100472,,"Use and content of a prevention-focused health program for livestock, by farm production type"
32100473,,"Time spent grazing during winter and summer for beef farms, by most common type of beef"
32100474,,"Percentage of livestock feed grown on operation, by farm production type"
32100475,,"Liquid manure storage methods, by farm production type"
32100476,,"Solid manure management practices, by farm production type"
32100477,,"Stocks of frozen and chilled meats, domestic and imported, on January 1"
32100478,,"Stocks of frozen and chilled imported meats, on January 1"
32100479,,"Milled wheat and wheat flour produced, quarterly (x 1 000)"
33100001,035-0001,"Number and assessment value of residential properties, by property type, residency status and number of owners, census metropolitan area of Toronto and Vancouver and their census subdivisions"
33100002,035-0002,"Number and assessment value of residential properties, by condominium status and residency status, census metropolitan area of Toronto and Vancouver and their census subdivisions"
33100003,035-0003,"Number and assessment value of residential properties, by property type, period of construction and residency status, census metropolitan area of Toronto and Vancouver and their census subdivisions"
33100004,035-0004,"Number and assessment value of residential properties, by property type, living area and residency status, census metropolitan area of Toronto and Vancouver and their census subdivisions"
33100005,179-0005,"Foreign-controlled enterprises in Canada, counts by operating revenue size groups"
33100006,180-0003,"Financial and taxation statistics for enterprises, by industry type, inactive"
33100007,187-0001,"Quarterly balance sheet and income statement, by industry, inactive"
33100008,187-0002,"Quarterly statement of changes in financial position and selected financial ratios, by industry, inactive"
33100009,179-0002,"Corporation and Labour Unions Returns Act (CALURA), concentration by control in individual industries"
33100010,179-0003,"Corporation and Labour Unions Returns Act (CALURA), major financial characteristics for leading enterprises"
33100011,180-0001,"Financial and taxation statistics for enterprises, by industry based on the Standard Industrial Classification for Companies and Enterprises 1980 (SIC-C)"
33100012,180-0002,"Financial statistics, detailed balance sheet and income and retained earnings, by industry based on the Standard Industrial Classification for establishments, 1960 (SIC)"
33100013,190-0001,"Business credit outstanding, by supplier type and authorization level"
33100014,190-0002,"Business credit outstanding, by supplier type and industry"
33100015,190-0003,"Business credit outstanding, by supplier type and credit instrument type"
33100016,181-0001,"Corporation taxation statistics, by major industry group"
33100017,182-0001,"Survey of deposit-accepting intermediaries: chartered banks, trust companies, caisses populaires and credit unions"
33100018,189-0001,Cheques cashed in clearing centres
33100019,189-0002,Cheques drawn on the Receiver General for Canada
33100020,187-0004,"Financial statistics for enterprises, statement of change in financial position, based on Standard Industrial Classification for Companies and Enterprises, 1980 (SIC-E)"
33100022,361-0027,"Heritage institutions, operating expenses, by North American Industry Classification System (NAICS), inactive"
33100023,552-0001,"Businesses by industry and employment, December 2014"
33100024,553-0001,"Businesses by industry, Canada, December 2014"
33100025,551-0001,"Businesses by industry and employment, December 2011"
33100026,551-0002,"Businesses by industry and employment, June 2012"
33100027,551-0003,"Businesses by industry and employment, December 2012"
33100028,551-0004,"Businesses by industry and employment, June 2013"
33100029,551-0005,"Businesses by industry and employment, December 2013"
33100030,551-0006,"Businesses by industry and employment, June 2014"
33100031,552-0002,"Businesses by industry and employment, June 2015"
33100032,553-0002,"Businesses by industry, Canada, June 2015"
33100033,179-0004,"Foreign-controlled enterprises in Canada, by financial characteristics and industry"
33100034,552-0006,"Canadian Business Counts, with employees, June 2017"
33100035,553-0006,"Canadian Business Counts, without employees, June 2017"
33100036,176-0080,"Daily average foreign exchange rates in Canadian dollars, Bank of Canada"
33100037,552-0007,"Canadian Business Counts, with employees, December 2017"
33100038,553-0007,"Canadian Business Counts, without employees, December 2017"
33100039,552-0003,"Canadian Business Counts, with employees, December 2015"
33100040,552-0004,"Canadian Business Counts, with employees, June 2016"
33100041,552-0005,"Canadian Business Counts, with employees, December 2016"
33100042,553-0003,"Canadian Business Counts, without employees, December 2015"
33100043,179-0001,"Corporations Returns Act (CRA), major financial variables"
33100044,187-0003,"Financial statistics for enterprises, balance sheet and income statement, based on Standard Industrial Classification for Companies and Enterprises, 1980 (SIC-C)"
33100045,187-0005,"Statement of assets, liabilities and shareholders' equity for companies having $10 million or more of total assets, by industry based on the Standard Industrial Classification, 1960 (SIC)"
33100046,187-0006,"Statement of income and capital expenditures for companies having $10 million or more of total assets, by industry based on the Standard Industrial Classification, 1960 (SIC)"
33100047,187-0007,"Statement of income, estimate for entire universe of corporations, by industry based on the Standard Industrial Classification, 1960 (SIC)"
33100048,187-0008,"Statement of retained earnings and schedule of investments for companies having $10 million or more of total assets, by industry based on the Standard Industrial Classification, 1960 (SIC)"
33100049,181-0002,"Provincial allocation of corporate taxable income, by industry"
33100050,185-0001,"Property and casualty insurance companies statements of estimated assets, liabilities and shareholders' equity"
33100051,185-0002,Property and casualty insurance companies statements of estimated revenues and expenses
33100052,185-0003,Property and casualty insurance companies statements of estimated retained earnings and head office accounts
33100053,185-0004,Property and casualty insurance companies statements of estimated changes in financial position
33100054,185-0005,"Trust companies, statements of estimated assets, liabilities and shareholders' equity"
33100055,185-0006,"Trust companies, statements of estimated revenues and expenses"
33100056,185-0007,"Trust companies, statements of estimated retained earnings"
33100057,185-0008,"Trust companies, statements of estimated mortgage and investment reserves and reserve funds"
33100058,185-0009,"Trust companies, statements of estimated changes in financial position"
33100059,185-0010,"Mortgage companies statements of estimated assets, liabilities and shareholders' equity"
33100060,185-0011,Mortgage companies statements of estimated revenues and expenses
33100061,185-0012,Mortgage companies statements of estimated retained earnings
33100062,185-0013,Mortgage companies statements of estimated mortgage and investment reserves and reserve funds
33100063,185-0014,Mortgage companies statements of estimated changes in financial position
33100064,185-0015,"Local credit unions statements of estimated assets, liabilities and members' equities"
33100065,185-0016,"Central credit unions statements of estimated assets, liabilities and members' equities"
33100066,185-0017,"Financial corporations statements of estimated assets, liabilities and shareholders' equity"
33100067,185-0018,"Investment funds statements of estimated assets, liabilities and shareholders' equity"
33100068,185-0019,"Investment funds, investment portfolio at market value"
33100069,185-0020,Investment funds statements of estimated revenues and expenses
33100070,185-0021,Investment funds statements of estimated retained earnings
33100071,185-0022,Investment funds statements of estimated share capital and contributed surplus
33100072,185-0023,Investment funds statements of estimated changes in financial position
33100073,185-0024,"Closed-end funds statements of estimated assets, liabilities and shareholders' equity"
33100074,185-0025,"Closed-end funds, investment portfolio at market value"
33100075,185-0026,Closed-end funds statements of estimated revenues and expenses
33100076,185-0027,Closed-end funds statements of estimated retained earnings
33100077,185-0028,Closed-end funds statements of estimated changes in financial position
33100078,185-0029,"Investment dealers statements of estimated assets, liabilities and shareholders' equity"
33100079,185-0030,"Mortgage accounts of trust companies, mortgage companies, and real estate investment trusts"
33100080,185-0031,Estimated mortgages outstanding by selected financial institutions
33100081,035-0005,"Number of residential properties, by property type, assessment value range and residency status, census metropolitan area of Toronto and Vancouver and their census subdivisions"
33100082,553-0004,"Canadian Business Counts, without employees, June 2016"
33100083,553-0005,"Canadian Business Counts, without employees, December 2016"
33100084,179-0006,"Foreign-controlled enterprises in Canada, by financial characteristics and selected country of control, inactive"
33100087,527-0007,"Business Dynamics measures, by industry, per province or territory"
33100088,527-0008,"Business Dynamics measures, by firm size, per province or territory"
33100089,527-0009,"Business Sector employment flow rates, by industry, provinces and the territories"
33100090,527-0010,"Business Sector employment flow rates by firm size, provinces and the territories"
33100091,527-0011,"Contribution to private sector employment, gross employment creation and destruction, by Industry, per province or territory"
33100092,,"Canadian Business Counts, with employees, June 2018"
33100093,527-0012,"Contribution to private sector employment, gross employment creation and destruction by firm size, provinces and the territories"
33100094,,"Canadian Business Counts, without employees, June 2018"
33100095,,"Value of goods or services purchased, by industry and enterprise size"
33100096,361-0005,"Sound recording and music publishing, summary statistics, by North American Industry Classification System (NAICS), inactive"
33100097,361-0010,"Periodical publishers, summary statistics, by North American Industry Classification System (NAICS), inactive"
33100098,361-0011,"Film, television and video post-production, summary statistics, by North American Industry Classification System (NAICS), inactive"
33100099,361-0014,"Film and video distribution, summary statistics, by North American Industry Classification System (NAICS), inactive"
33100100,361-0015,"Amusement and recreation, summary statistics, by North American Industry Classification System (NAICS), inactive"
33100101,361-0016,"Film, television and video production, summary statistics, by North American Industry Classification System (NAICS), inactive"
33100102,351-0012,"Accommodation services, summary statistics"
33100103,351-0013,"Accommodation services, industry expenditures"
33100104,,"Difficulty of obstacles when exporting or attempting to export goods or services, by industry and enterprise size"
33100105,,"Canadian Business Counts, with employees, December 2018"
33100106,,"Canadian Business Counts, without employees, December 2018"
33100107,,"Import of goods or services, by industry and enterprise size"
33100108,528-0001,"Head offices and head office employment, inactive"
33100109,,"Value of goods or services purchased from Canadian and foreign sources, by industry and enterprise size"
33100110,528-0002,Head offices and head office employment
33100111,377-0003,Business leading indicators for Canada
33100112,451-0007,United States money stock measures
33100113,451-0015,"United States investment statistics, seasonally adjusted"
33100114,302-0001,"Business conditions survey, by economic use groups, 1981 - 2002"
33100115,302-0002,"Business conditions survey, by Standard Industrial Classification, 1980 (SIC)"
33100116,302-0003,"Business conditions survey, Canadian manufacturing industries, by province, 1981 - 2002"
33100117,302-0004,"Business conditions survey, by economic use groups, 1976 - 1984"
33100118,302-0005,"Business conditions survey, by Standard Industrial Classification, 1970 (SIC)"
33100119,302-0006,"Business conditions survey, Canadian manufacturing industries, by province, 1976 - 1984"
33100120,302-0007,"Business conditions survey, by North American Industry Classification System (NAICS), manufacturing industries"
33100121,,"Purchase of goods or services, by industry and enterprise size"
33100122,302-0008,"Business conditions survey, Canadian manufacturing industries, by province, 1992 - 2008"
33100123,507-0001,"Sound recording industry, summary characteristics by Canadian- and foreign-controlled companies"
33100124,507-0002,"Sound recording industry, summary characteristics by company revenue size"
33100125,177-0002,"Business bankruptcies and liabilities, by type of industry, Annual"
33100126,177-0004,"Business bankruptcies and liabilities, by type of industry, monthly [1981 - 2003]"
33100127,177-0005,"Business bankruptcies and liabilities, by type of industry, monthly [1981 - 1989]"
33100128,177-0006,"Business bankruptcies and liabilities, by North American Industry Classification System (NAICS), Annual"
33100129,177-0007,"Business bankruptcies and liabilities, by North American Industry Classification System (NAICS), Monthly"
33100130,184-0001,Montréal stock exchange statistics
33100131,184-0002,"Toronto stock exchange statistics, inactive"
33100132,186-0001,Benefit payments of all life insurance companies
33100133,186-0002,Ordinary sales results of life insurance in Canada
33100134,186-0003,Ordinary sales results of life insurance in Canada (30 companies participating)
33100135,186-0004,Life insurance sales
33100136,529-0001,Active enterprises with one or more employees
33100137,529-0002,Employer enterprise births
33100138,529-0003,Employer enterprise deaths
33100139,529-0004,Number of employer enterprises newly born having survived one year
33100140,529-0005,Number of employer enterprises newly born having survived two years
33100141,529-0006,Number of persons employed in employer enterprises newly born
33100142,529-0007,Number of persons employed in employer enterprise deaths
33100143,529-0008,High-growth enterprises based on number of employees and revenue
33100144,529-0009,Gazelle enterprises based on number of employees and revenue
33100145,178-0001,"Remitting payroll deduction accounts, seasonally adjusted"
33100146,,Purchase of goods or services from outside Canada from an unaffiliated foreign business by industry and enterprise size
33100147,,"Importance of reasons for purchasing goods or services from unaffiliated foreign businesses, by industry and enterprise size"
33100148,,"Affiliation with a foreign parent company, by industry and enterprise size"
33100149,,"Businesses with affiliates abroad, by industry and enterprise size"
33100150,,"Export of goods or services, by industry and enterprise size"
33100151,,"Sales of goods or services to another business inside Canada that then exported goods or services, by industry and enterprise size"
33100152,,"Mixed modes of import, export and sales of goods or services by industry and enterprise size"
33100153,,"Most important long-term strategies, by industry and enterprise size"
33100154,,"Strategic focus regarding goods or services (products), by industry and enterprise size"
33100155,,Strategic focus regarding marketing practices or methods by industry and enterprise size
33100156,,Strategic focus regarding operations and business activities by industry and enterprise size
33100157,,Strategic focus regarding organizational and management practices by industry and enterprise size
33100158,,"Types of products (goods or services) sold, by industry and enterprise size"
33100159,,"Production or manufacturing of goods sold, by industry and enterprise size"
33100160,187-8001,"Historical (real-time) releases of quarterly balance sheet and income statement items, by industry, inactive"
33100161,187-8002,"Historical (real-time) releases of quarterly statement of changes in financial position and selected financial ratios, by industry, inactive"
33100162,360-0051,"Consulting services, breakdown of sales"
33100163,176-0081,"Monthly average foreign exchange rates in Canadian dollars, Bank of Canada"
33100164,527-0001,"Business Dynamics measures, by industry"
33100165,527-0013,Quarterly estimates of business entry and exit
33100166,,"Services offered to complement the sale of goods, by industry and enterprise size"
33100167,,"Expansion of capacity for services to complement the sale of goods, by industry and enterprise size"
33100172,,"Sales distributed by geographical market, by industry and enterprise size"
33100173,,Main geographical market by industry and enterprise size
33100174,,"Number of competitors in the main geographical market, by industry and enterprise size"
33100175,,"Presence of multinational organizations among competitors in the main geographical market, by industry and enterprise size"
33100176,,"Changes in the main geographical market, by industry and enterprise size"
33100177,,"Response to change in competition in the main geographical market, by industry and enterprise size"
33100178,,"Product (good or service) innovation developers, by industry and enterprise size, inactive"
33100179,,Novelty of product (good or service) innovations introduced by industry and enterprise size
33100180,,"Sales distribution by novelty of products (goods or services), by industry and enterprise size"
33100181,,"Process innovation developers, by industry and enterprise size, inactive"
33100182,,"Process innovations that resulted in product-related cost savings, by industry and enterprise size, inactive"
33100183,,Organizational innovations that resulted in operations-related cost savings by industry and enterprise size
33100184,,"Innovation activities conducted, by industry and enterprise size"
33100185,,"Average expenditures on innovation activities, by industry and enterprise size"
33100186,,"Average expenditures on innovation activities attributable to each type of innovation, by industry and enterprise size, inactive"
33100191,,"Private enterprises by ownership gender, province or region and enterprise size, inactive"
33100192,,"Private enterprises by ownership gender, age group of primary owner and enterprise size, inactive"
33100193,,"Regular use of business practices, by industry and enterprise size"
33100194,,"Personnel employed outside of Canada by businesses that are not an affiliate of a foreign parent, by industry and enterprise size"
33100195,,"Personnel employed inside Canada that are not an affiliate of a foreign parent, distributed by business activity, industry and enterprise size"
33100196,,"Personnel employed outside of Canada by businesses that are not an affiliate of a foreign parent distributed by business, industry and enterprise size"
33100197,,"Personnel employed outside of Canada in core and support business activities, by businesses that are not an affiliate of a foreign parent, by industry and enterprise size"
33100198,,"Importance of reasons for employing personnel outside of Canada, by industry and enterprise size"
33100199,,"Businesses that moved activities from outside of Canada into Canada, by industry and enterprise size"
33100200,,"Business activities that were moved from outside of Canada into Canada, by industry and enterprise size"
33100201,,"Importance of reasons for bringing production of goods activities to Canada, by industry and enterprise size"
33100202,,"Importance of reasons for bringing distribution and logistics services activities to Canada, by industry and enterprise size"
33100203,,"Importance of reasons for bringing call and help centre services activities to Canada, by industry and enterprise size"
33100204,,"Importance of reasons for bringing marketing and sales services activities to Canada, by industry and enterprise size"
33100205,,"Importance of reasons for bringing information and communication technology (ICT) services activities to Canada, by industry and enterprise size"
33100206,,"Importance of reasons for bringing professional services activities to Canada, by industry and enterprise size"
33100207,,"Importance of reasons for bringing engineering and research and development (R&amp;D) services activities to Canada, by industry and enterprise size"
33100208,,"Importance of reasons for bringing general management services activities to Canada, by industry and enterprise size"
33100209,,"Importance of reasons for bringing all other business activities to Canada, by industry and enterprise size"
33100210,,"Value of businesses’ sales, by industry and enterprise size"
33100211,,"Sales distributed by market where they were made, industry and enterprise size"
33100212,,"Sales from goods and services distributed by market where they were made, industry and enterprise size"
33100213,,"Sales made through Canadian businesses and through their majority-owned foreign affiliates distributed by country of destination, industry and enterprise size"
33100214,,"Canadian Business Counts, with employees, June 2019"
33100215,,"Canadian Business Counts, without employees, June 2019"
33100216,,"Canadian Co-operatives, selected financial data by categorical variables"
33100217,,"Canadian Co-operatives, selected financial data by Province and Industry"
33100218,,"Representation of men and women on boards of directors, inactive"
33100219,,Enterprises (ultimate beneficiary) with business innovation and growth support by employment size and year
33100220,,Enterprises (ultimate beneficiary) with business innovation and growth support by revenue size and year
33100221,,Enterprises (ultimate beneficiary) with business innovation and growth support by industry and year
33100222,,"Canadian Business Counts, with employees, December 2019"
33100223,,"Canadian Business Counts, without employees, December 2019"
33100224,,"Quarterly balance sheet, income statement and selected financial ratios, by total all industries, non seasonally adjusted"
33100225,,"Quarterly balance sheet, income statement and selected financial ratios, by non-financial industries, non seasonally adjusted"
33100226,,"Quarterly balance sheet and income statement, by industry, seasonally adjusted"
33100227,,"Quarterly balance sheet, income statement and selected financial ratios, by financial industries, non seasonally adjusted"
33100228,,"Percentage of workforce teleworking or working remotely, and percentage of workforce able to carry out a majority of duties during the COVID-19 pandemic, by business characteristics"
33100229,,"Extent of various impacts experienced by businesses because of COVID-19, by business characteristics"
33100230,,"Changes made by businesses during the COVID-19 pandemic, by business characteristics"
33100231,,"Staffing actions taken by businesses during the COVID-19 pandemic, by business characteristics"
33100232,,"Percentage of workforce laid off because of COVID-19, by business characteristics"
33100233,,"Length of time businesses expect being able to remain fully or partially operational while social distancing measures are in place, by business characteristics"
33100234,,"Business revenue from January 1 to March 31, 2019, compared with January 1 to March 31, 2020, by business characteristics"
33100235,,"Length of time businesses expect to be able to continue to operate without a source of revenue as of February 1, 2020, by business characteristics"
33100236,,"Extent of various sources businesses relied on for updates on COVID-19, by business characteristics"
33100237,,"Impact of social distancing measures on businesses, by business characteristics"
33100238,,"Business practices tested or used while social distancing measures were in place, by business characteristics"
33100239,,"Change in expenditures to various business areas, by business characteristics"
33100240,,"Percentage of assets businesses have tried to liquidate due to COVID-19, by business characteristics"
33100241,,"Outcome of credit requests made by businesses to financial institutions due to COVID-19, by business characteristics"
33100242,,"Deferral of rent payments owed by businesses, by business characteristics"
33100243,,"New products businesses have begun manufacturing in response to requests from government, by business characteristics"
33100244,,"Length of time businesses require before being able to return to normal operations once social distancing measures are removed, by business characteristics"
33100245,,"Extent to which businesses expect to face various challenges with regards to recruitment and training, by business characteristics"
33100246,,"Occupational groups most needed in recovery period, by business characteristics"
33100247,,"Percentage of workforce teleworking or working remotely, and percentage of workforce expected to continue teleworking or working remotely after the pandemic, by business characteristics"
33100248,,"Methods used to conduct sales or secure orders remotely before and during the COVID-19 pandemic, by business characteristics"
33100249,,"Cyber security incidents in May 2020 compared to February 2020, by business characteristics"
33100250,,"Changes made by businesses to adapt to the COVID-19 pandemic, by business characteristics"
33100251,,"Staffing actions taken by businesses to adapt to the COVID-19 pandemic, by business characteristics"
33100252,,"Percentage of workforce laid off to adapt to COVID-19, by business characteristics"
33100253,,"Business revenue from April 2020 compared with April 2019, by business characteristics"
33100254,,"Business expenses from April 2020 compared with April 2019, by business characteristics"
33100255,,"Funding or credit approved due to COVID-19, by business characteristics, May 2020"
33100256,,"Percentage of workforce hired back after business was approved for the Canadian Emergency Wage Subsidy, by business characteristics"
33100257,,"Deferral of rent or mortgage payments owed by businesses, by business characteristics"
33100258,,"New products businesses have begun manufacturing, by business characteristics"
33100259,,"Personal protective equipment or supply needs, by business characteristics"
33100260,,"Difficulty procuring personal protective equipment or supplies, by business characteristics, May 2020"
33100261,,"Sources of personal protective equipment or supplies, by business characteristics"
33100262,,"Extent to which businesses are expecting to face various challenges with regards to recruitment and training, by business characteristics"
33100263,,"Likelihood of various measures being permanently adopted once COVID-19 pandemic is over, by business characteristics, May 2020"
33100264,,"Likelihood of various protective measures being implemented once transitioned to on-site work, by business characteristics"
33100265,,"Length of time businesses expect to continue to operate at current revenue and expenditures before having to consider further staffing actions, closure or bankruptcy, by business characteristics"
33100266,,"Business expectations of number of employees over the next three months, by business characteristics, May 2020"
33100267,,"Canadian Business Counts, with employees, June 2020"
33100268,,"Canadian Business Counts, without employees, June 2020"
33100269,,"Canadian Business Counts, with employees, census metropolitan areas and census subdivisions, June 2020"
33100270,,"Experimental estimates for business openings and closures for Canada, provinces and territories, census metropolitan areas, seasonally adjusted"
33100271,,"Intellectual property awareness and use, by business characteristics"
33100272,,"Process innovations that resulted in cost savings to support business functions, by industry and enterprise size, inactive"
33100273,,"Business or organization obstacles over the last three months, by business characteristics, third quarter of 2020"
33100274,,"Percentage of workforce teleworking or working remotely, and percentage of workforce anticipated to continue primarily teleworking or working remotely after the pandemic, by business characteristics"
33100275,,"Extent to which use of various methods to provide goods or services to customers or users is expected to change over the next three months, by business characteristics"
33100276,,"Impact of COVID-19 on business or organization status, by business characteristics, third quarter of 2020"
33100277,,"Current or planned actions or measures in place due to COVID-19, by business characteristics, third quarter of 2020"
33100278,,"Current or planned actions or measures in place for parents employed by the business or organization, by business characteristics"
33100279,,"Layoffs since the start of the COVID-19 pandemic, by business characteristics"
33100280,,"Of businesses where at least one employee was laid off, percentage of workforce laid off and rehired due to COVID-19, by business characteristics"
33100281,,"Business or organization revenue from August 2020 compared with August 2019, by business characteristics"
33100282,,"Business or organization expenses from August 2020 compared with August 2019, by business characteristics"
33100283,,"COVID-19 impacts on various expenditures, by business characteristics, third quarter of 2020"
33100284,,"Approved funding or credit due to COVID-19, by business characteristics, third quarter of 2020"
33100285,,"Reasons business or organization did not access any funding or credit due to COVID-19, by business characteristics, third quarter of 2020"
33100286,,"Liquidity and access to liquidity, by business characteristics, third quarter of 2020"
33100287,,"Business or organization ability to take on more debt, by business characteristics, third quarter of 2020"
33100288,,"Business or organization space, by business characteristics"
33100289,,"Level of difficulty expected in procuring personal protective equipment or supplies, by business characteristics, third quarter of 2020"
33100290,,"Reasons why difficulty is expected in procuring personal protective equipment or supplies, by business characteristics, third quarter of 2020"
33100291,,"Likelihood of various measures being permanently adopted once the pandemic is over, by business characteristics, third quarter of 2020"
33100292,,"Statements regarding operations of the business or organization, by business characteristics"
33100293,,"Length of time businesses or organizations expect to continue to operate at current revenue and expenditures, by business characteristics"
33100294,,"Expectations of prices charged over the next three months, by business characteristics"
33100295,,"Expectations of number of employees employed by business or organization over the next three months, by business characteristics, third quarter of 2020"
33100296,,"Plans to acquire or invest in other businesses or organizations in the next year, by business characteristics, third quarter of 2020"
33100297,,"Plans to transfer, sell, or close, by business characteristics, third quarter of 2020"
33100298,,"Strategic focus regarding business processes, by industry and enterprise size"
33100299,,"Required skills, by industry and enterprise size"
33100300,,"Skill shortages, by industry and enterprise size"
33100301,,"Measures taken to overcome skill shortages, by industry and enterprise size"
33100302,,"Training or development activities arranged or provided by the business to employees, by industry and enterprise size"
33100303,,"Main market of the business, by industry and enterprise size"
33100304,,"Canadian Business Counts, with employees, December 2020"
33100305,,"Canadian Business Counts, without employees, December 2020"
33100306,,"Canadian Business Counts, with employees, census metropolitan areas and census subdivisions, December 2020"
33100307,,"Business or organization expectations over the next three months, by business characteristics, first quarter of 2021"
33100308,,"Business or organization obstacles over the next three months, by business characteristics, first quarter of 2021"
33100309,,"COVID-19 impact on business or organization status, by business characteristics, first quarter of 2021"
33100310,,"Plans to expand or restructure business or acquire other businesses in the next year, by business characteristics, first quarter of 2021"
33100311,,"Plans to transfer, sell, or close business, by business characteristics, first quarter of 2021"
33100312,,"Workforce changes, by business characteristics"
33100313,,"Employee support provided due to COVID-19, by business characteristics"
33100314,,"Extent to which businesses or organizations expect to face various challenges with regards to the workforce, by business characteristics"
33100315,,"Current or planned actions or measures in place due to the COVID-19 pandemic, by business characteristics, first quarter of 2021"
33100316,,"Percentage of total sales made online in 2019 and 2020, by business characteristics"
33100317,,"Business or organization revenue from 2020 compared with 2019, by business characteristics"
33100318,,"Business or organization expenses from 2020 compared with 2019, by business characteristics"
33100319,,"Impacts on various expenditures due to COVID-19, by business characteristics, first quarter of 2021"
33100320,,"Approved funding or credit due to the COVID-19 pandemic, by business characteristics, first quarter of 2021"
33100321,,"Reasons business or organization did not access any funding or credit due to the COVID-19 pandemic, by business characteristics, first quarter of 2021"
33100322,,"Ability for the business or organization to take on more debt, by business characteristics, first quarter of 2021"
33100323,,"Contributions to the community due to COVID-19, by business characteristics"
33100324,,"Expected level of difficulty in procuring personal protective equipment or supplies, by business characteristics, first quarter of 2021"
33100325,,"Reasons difficulty is expected in procuring personal protective equipment or supplies, by business characteristics, first quarter of 2021"
33100326,,"Likelihood of various measures being permanently adopted once the COVID-19 pandemic is over, by business characteristics, first quarter of 2021"
33100327,,"Technologies adopted or incorporated, by business characteristics, first quarter of 2021"
33100328,,"Climate change investments, by business characteristics"
33100329,,"Percentage of workforce anticipated to continue primarily teleworking or working remotely after the pandemic, by business characteristics"
33100330,,"Length of time businesses or organizations expect to continue to operate at its current level of revenue and expenditures, by business characteristics, first quarter of 2021"
33100331,,"Average expenditures on innovation activities attributable to each type of innovation, by industry and enterprise size"
33100332,,"Information, guidance or advice sought related to intellectual property, by business characteristics"
33100333,,"Types of intellectual property matters for which information, guidance or advice was sought, by business characteristics"
33100334,,"Intellectual property ownership inside and outside of Canada, by business characteristics"
33100335,,Importance of intellectual property to business activities
33100336,,Contribution of intellectual property to business performance
33100337,,"Business or organization expectations over the next three months, by business characteristics, second quarter of 2021"
33100338,,"Business or organization obstacles over the next three months, by business characteristics, second quarter of 2021"
33100339,,"Plans to expand or restructure business or acquire other businesses in the next 12 months, by business characteristics, second quarter of 2021"
33100340,,"Plans to transfer, sell, or close business in the next 12 months, by business characteristics, second quarter of 2021"
33100341,,"Reason business or organization is planning to close in the next 12 months, by business characteristics, second quarter of 2021"
33100342,,"Changes to the workforce over the next 12 months, by business characteristics"
33100343,,"Intentions behind spending on employee training over the next 12 months, by business characteristics"
33100344,,"Extent to which businesses or organizations expect to face various challenges with regards to the workforce over the next three months, by business characteristics, second quarter of 2021"
33100345,,"Investments in online sales and e-commerce capabilities over the next 12 months, by business characteristics"
33100346,,"Outreach to new customers over the last 12 months, by business characteristics"
33100347,,"Primary international activity businesses or organizations plans to focus on over the next 12 months, by business characteristics"
33100348,,"Primary international market businesses or organizations plans to focus on over the next 12 months, by business characteristics"
33100349,,"Sources for advice related to opportunities or challenges businesses or organizations may consult over the next 12 months, by business characteristics"
33100350,,"Sources of funding approved or received due to the COVID-19 pandemic, by business characteristics, second quarter of 2021"
33100351,,"Reasons business or organization did not access any funding or credit due to the COVID-19 pandemic, by business characteristics, second quarter of 2021"
33100352,,"Impact on credit rating due to the pandemic, by business characteristics, second quarter of 2021"
33100353,,"Liquidity and access to liquidity over the next three months, by business characteristics, second quarter of 2021"
33100354,,"Ability for the business or organization to take on more debt, by business characteristics, second quarter of 2021"
33100355,,"Likelihood of various measures being permanently adopted once the COVID-19 pandemic is over, by business characteristics, second quarter of 2021"
33100356,,"Technologies the business or organization plans to adopt or incorporate over the next 12 months, by business characteristics, second quarter of 2021"
33100357,,"Challenges faced when adopting or incorporating technologies, by business characteristics"
33100358,,"Cybersecurity incidents in 2020 compared with 2019, by business characteristics"
33100359,,"Impact of 5G availability on business or organization operations or services over the next 12 months, by business characteristics"
33100360,,"Impact of changes to international trade agreements or provisions, by business characteristics"
33100361,,"Future outlook over the next 12 months, by business characteristics, second quarter of 2021"
33100362,,"Length of time businesses or organizations expect to continue to operate at its current level of revenue and expenditures, by business characteristics, second quarter of 2021"
33100363,,"Business or organization expectations over the next three months, third quarter of 2021"
33100364,,"Business or organization obstacles over the next three months, third quarter of 2021"
33100365,,"Plans to expand or restructure business or acquire other businesses in the next 12 months, third quarter of 2021"
33100366,,"Plans to transfer, sell, or close business in the next 12 months, third quarter of 2021"
33100367,,"Percentage of export sales digitally ordered in the last 12 months, third quarter of 2021"
33100368,,"Digital methods used by customers or clients in other countries to order goods in the last 12 months, third quarter of 2021"
33100369,,"Digital methods used by customers or clients in other countries to order services in the last 12 months, third quarter of 2021"
33100370,,Methods used to deliver services digitally ordered by clients or customers in other countries in the last 12 months
33100371,,Change in sales of services digitally delivered to customers or clients in other countries in the last 12 months
33100372,,"Preferred method for digitally delivering services to customers or clients in other countries, third quarter of 2021"
33100373,,Environmental practices currently in place or to be implemented by businesses or organizations in the next 12 months
33100374,,Main barrier businesses or organizations face in adopting more green practices in the next 12 months
33100375,,Sources or expected sources of personal protective equipment or supplies
33100376,,Personal protective equipment or supplies businesses or organizations have manufactured since March 2020
33100377,,Personal protective equipment or supplies businesses plan to manufacture 12 months from now
33100378,,"COVID-19 Rapid Test kit usage over the last month, third quarter of 2021"
33100379,,"Percentage of on-site employees tested with COVID-19 Rapid Test kits at least once over the last month, third quarter of 2021"
33100380,,"Frequency on-site employees were tested using COVID-19 Rapid Test kits over the last month, third quarter of 2021"
33100381,,"Business or organization plans to start using COVID-19 Rapid Test kits to test on-site employees for COVID-19 infection in the next three months, third quarter of 2021"
33100382,,"Reasons business or organization does not have plans to start using COVID-19 Rapid Test kits in the next three months, third quarter of 2021"
33100383,,"Sources of funding approved or received due to the COVID-19 pandemic, third quarter of 2021"
33100384,,"Reasons business or organization did not access any funding or credit due to the COVID-19 pandemic, third quarter of 2021"
33100385,,"Liquidity and access to liquidity over the next three months, third quarter of 2021"
33100386,,"Ability for the business or organization to take on more debt, third quarter of 2021"
33100387,,"Outsourcing of tasks, projects or short contracts to freelancers or gig workers by the business or organization in the last 12 months"
33100388,,"Business or organization usage of third-party digital platforms, applications or websites to outsource tasks, projects or short contracts in the last 12 months"
33100389,,"Types of business or organizational activities outsourced through third-party digital platforms, applications or websites"
33100390,,"Businesses or organizations that bid on tasks, projects or short contracts using third-party digital platforms, applications or websites in the last 12 months"
33100391,,Percentage of workforce anticipated to continue to primarily telework once the COVID-19 pandemic is over
33100392,,Businesses or organizations anticipated to shrink office locations due to the workforce teleworking
33100393,,"Future outlook over the next 12 months, third quarter of 2021"
33100394,,"Length of time businesses or organizations expect to continue to operate at its current level of revenue and expenditures, third quarter of 2021"
33100395,,"Canadian Business Counts, with employees, June 2021"
33100396,,"Canadian Business Counts, without employees, June 2021"
33100397,,"Canadian Business Counts, with employees, census metropolitan areas and census subdivisions, June 2021"
33100398,,Real-time Local Business Condition Index (RTLBCI)
33100399,,"Business or organization expectations over the next three months, fourth quarter of 2021"
33100400,,"Business or organization obstacles over the next three months, fourth quarter of 2021"
33100401,,"Business or organization expectations of how long supply chain obstacles will last, fourth quarter of 2021"
33100402,,"Plans to expand or restructure business or organization or acquire other businesses or organizations in the next 12 months, fourth quarter of 2021"
33100403,,"Plans to transfer, sell, or close business in the next 12 months, fourth quarter of 2021"
33100404,,"Business or organization awareness of trade agreements, fourth quarter of 2021"
33100405,,"Trade agreements business or organization currently carries out trade under, fourth quarter of 2021"
33100406,,"Primary reason business or organization does not carry out trade under the Canada-United States-Mexico Agreement (CUSMA), fourth quarter of 2021"
33100407,,"Primary reason business or organization does not carry out trade under the Canadian-European Union Comprehensive Economic and Trade Agreement (CETA), fourth quarter of 2021"
33100408,,"Primary reason business or organization does not carry out trade under the Comprehensive and Progressive Agreement for Trans-Pacific Partnership (CPTPP), fourth quarter of 2021"
33100409,,"Percentage of import purchases digitally ordered in the last 12 months, fourth quarter of 2021"
33100410,,"Digital methods used by business or organization to order goods from suppliers in other countries in the last 12 months, fourth quarter of 2021"
33100411,,"Digital methods used by business or organization to order services from suppliers in other countries in the last 12 months, fourth quarter of 2021"
33100412,,"Percentage of import purchases of services digitally delivered to business or organization ordered digitally from suppliers in other countries in the last 12 months, fourth quarter of 2021"
33100413,,"Change in purchases of services digitally delivered to business or organization from suppliers in other countries in the last 12 months, fourth quarter of 2021"
33100414,,"Impact of ransomware incidents on the business or organization in the last 12 months, fourth quarter of 2021"
33100415,,"Business or organization reporting of ransomware attack to insurance company in the last 12 months, fourth quarter of 2021"
33100416,,"Business or organization plans regarding recruitment, retention and training, fourth quarter of 2021"
33100417,,"Expected impact of the absence of government support programs on the survival of business or organization, fourth quarter of 2021"
33100418,,"Expected level of challenge business or organization has in repaying funding received from repayable government support programs put in place because of the COVID-19 pandemic, fourth quarter of 2021"
33100419,,"Liquidity and access to liquidity over the next three months, fourth quarter of 2021"
33100420,,"Ability for the business or organization to take on more debt, fourth quarter of 2021"
33100421,,"Percentage of workforce anticipated to work on-site or telework over the next three months, fourth quarter of 2021"
33100422,,"Average percentage of workforce anticipated to work on-site or telework over the next three months, fourth quarter of 2021"
33100423,,"Percentage of employees based in a different province or territory as employer that are anticipated to telework exclusively, fourth quarter of 2021"
33100424,,"Average percentage of employees based in a different province or territory as employer that are anticipated to telework exclusively, fourth quarter of 2021"
33100425,,"Business or organization status on reviewing cybersecurity policies in response to employees working remotely, fourth quarter of 2021"
33100426,,"Future outlook over the next 12 months, fourth quarter of 2021"
33100427,,"Sales expectations from October to December 2021 compared with October to December 2019, fourth quarter of 2021"
33100429,,External financing requests and reason for not seeking external financing of small and medium enterprises
33100430,,Provider of debt financing for small and medium enterprises
33100431,,Debt financing requests from small and medium enterprises
33100432,,Debt financing requests by instrument type from small and medium enterprises
33100433,,Debt financing requests and amount authorized for small and medium enterprises
33100434,,Debt financing terms and conditions for small and medium enterprises
33100435,,Debt financing intended use for small and medium enterprises
33100436,,Debt financing request denials by credit provider and reasons
33100437,,Lease financing requests from small and medium enterprises
33100438,,Lease financing requests and amounts authorized for small and medium enterprises
33100439,,Lease financing intended use by small and medium enterprises
33100440,,Trade credit financing requests from small and medium enterprises
33100441,,Equity financing requests from small and medium enterprises
33100442,,Government financing requests from small and medium enterprises
33100443,,Business age and method of possession of the business by small and medium enterprises
33100444,,Sources of financing used to start up business by small and medium enterprises
33100445,,Sources of financing to buy or acquire business used by small and medium enterprises
33100446,,Yearly growth in sales and revenues for small and medium enterprises
33100447,,Obstacles to business growth for small and medium enterprises
33100448,,Sales by destinations for small and medium enterprises
33100449,,Exports made by small and medium enterprises
33100450,,Reasons for not exporting for small and medium enterprises
33100451,,Obstacles to exporting for small and medium enterprises
33100452,,Intentions to expand to new markets for small and medium enterprises
33100453,,International business activity conducted by small and medium enterprises
33100454,,Government procurement by small and medium enterprises
33100455,,Obstacles to federal government procurement for small and medium enterprises
33100456,,Advanced technology and website adoption for small and medium enterprises
33100457,,External consultant hiring by small and medium enterprises
33100458,,"Primary decision maker age, place of birth and language of small and medium enterprises"
33100459,,Ownership characteristics of small and medium enterprises
33100460,,Education and experience of the primary decision-maker of small and medium enterprises
33100461,,Legacy planning for small and medium enterprises
33100462,,Innovation activities of small and medium enterprises
33100463,,Intellectual property awareness had by small and medium enterprises
33100464,,Intellectual property held by small and medium enterprises
33100465,,Effect of COVID-19 on financing of small and medium enterprises
33100466,,Weighted enterprise counts
33100467,,Reasons for not adopting advanced technologies by small and medium enterprises
33100468,,"Business or organization expectations over the next three months, first quarter of 2022"
33100469,,"Business or organization obstacles over the next three months, first quarter of 2022"
33100470,,"Business or organization expectations of how long supply chain obstacles will last, first quarter of 2022"
33100471,,"Business or organization change in supply chain challenges over the last three months, first quarter of 2022"
33100472,,"Business or organization expectations of change in supply chain challenges over the next three months, first quarter of 2022"
33100473,,"Regions business or organization sourced inputs, products or supplies from over the last 12 months, first quarter of 2022"
33100474,,"Strategies business or organization uses to address supply chain challenges, first quarter of 2022"
33100475,,"Business or organization plans to adjust supply chain over the next 12 months, first quarter of 2022"
33100476,,"Plans to expand or restructure business or organization or acquire other businesses or organizations over the next 12 months, first quarter of 2022"
33100477,,"Plans to transfer, sell, or close business over the next 12 months, first quarter of 2022"
33100478,,"Likelihood of business or organization to pass on any increases in its costs to customers over the next 12 months, first quarter of 2022"
33100479,,"Change in average wages expected over the next 12 months, first quarter of 2022"
33100480,,"Average change in average wages expected over the next 12 months, first quarter of 2022"
33100481,,"Plans regarding recruitment, retention and training over the next 12 months, first quarter of 2022"
33100482,,"Liquidity and access to liquidity over the next three months, first quarter of 2022"
33100483,,"Ability for the business or organization to take on more debt, first quarter of 2022"
33100484,,"Percentage of workforce anticipated to work on-site or remotely over the next three months, first quarter of 2022"
33100485,,"Average percentage of workforce anticipated to work on-site or remotely over the next three months, first quarter of 2022"
33100486,,"Technology as a limiting factor in having more employees work remotely over the next three months, first quarter of 2022"
33100487,,"Plans to adopt new or additional digital technologies over the next 12 months, first quarter of 2022"
33100488,,"Future outlook for the business or organization over the next 12 months, first quarter of 2022"
33100489,,Revenues from 2021 compared with 2019
33100490,,"Percentage of women and men in management positions, first quarter of 2022"
33100491,,"Average percentage of women and men in management positions, first quarter of 2022"
33100492,,"Private sector business counts by majority ownership, first quarter of 2022"
33100493,,"Canadian Business Counts, with employees, December 2021"
33100494,,"Canadian Business Counts, without employees, December 2021"
33100495,,"Canadian Business Counts, with employees, census metropolitan areas and census subdivisions, December 2021"
33100496,,Daily COVID-19 Restrictions Index
33100497,,Monthly COVID-19 Restrictions Index
33100498,,"Balance sheet, income statement and taxation statistics with selected financial ratios, by total all industries"
33100499,,"Balance sheet, income statement and taxation statistics with selected financial ratios, by financial industries"
33100500,,"Balance sheet, income statement and taxation statistics with selected financial ratios, by non-financial industries"
33100501,,"Representation of women and men on boards of directors and in officer positions, by firm attributes"
33100502,,"Private sector business counts by majority ownership, second quarter of 2022"
33100503,,"Business or organization expectations over the next three months, second quarter of 2022"
33100504,,"Business or organization obstacles over the next three months, second quarter of 2022"
33100505,,"Business or organization expected impacts of labour-related obstacles over the next three months, second quarter of 2022"
33100506,,"Business or organization challenges with recruiting and retaining staff compared with 12 months ago, second quarter of 2022"
33100507,,"Business or organization expectations of how long supply chain obstacles will last, second quarter of 2022"
33100508,,"Business or organization change in supply chain challenges over the last three months, second quarter of 2022"
33100509,,"Business or organization expectations of change in supply chain challenges over the next three months, second quarter of 2022"
33100510,,"Regions business or organization sourced inputs, products or supplies from over the last 12 months, second quarter of 2022"
33100511,,"Business or organization plans to adjust supply chain over the next 12 months, second quarter of 2022"
33100512,,"Business or organization plans to relocate supply chain activities over the next 12 months, second quarter of 2022"
33100513,,"Plans to expand or restructure business or organization or acquire other businesses or organizations over the next 12 months, second quarter of 2022"
33100514,,"Plans to transfer, sell, or close business over the next 12 months, second quarter of 2022"
33100515,,"Business or organization expectations of increases in energy expenses over the next three months, second quarter of 2022"
33100516,,"Business or organization expectations of inflation to be a bigger issue when discussing wage increases with employees over the next 12 months, second quarter of 2022"
33100517,,"Changes business or organization plans to make over the next 12 months, second quarter of 2022"
33100518,,"Percentage and average percentage of total sales made online in 2021, second quarter of 2022"
33100519,,"Investments in online sales and e-commerce capabilities over the next 12 months, second quarter of 2022"
33100520,,"Business' or organization's plans to take any new or additional cybersecurity actions over the next 12 months, second quarter of 2022"
33100521,,"New goods or services innovations, or any new business process innovations introduced since 2020, second quarter of 2022"
33100522,,"Group that primarily developed new goods or services innovations, second quarter of 2022"
33100523,,"Group that primarily developed new business process innovations, second quarter of 2022"
33100524,,"Business or organization introducing innovations in response to the COVID-19 pandemic or the conditions it caused since 2020, second quarter of 2022"
33100525,,"Impact of the COVID-19 pandemic on business' or organization's activities related to innovation, second quarter of 2022"
33100526,,"Ability for the business or organization to take on more debt, second quarter of 2022"
33100527,,"Percentage of workforce anticipated to work on-site or remotely over the next three months, second quarter of 2022"
33100528,,"Average percentage of workforce anticipated to work on-site or remotely over the next three months, second quarter of 2022"
33100529,,"Business' or organization's current overall position compared with 2019, second quarter of 2022"
33100530,,"Non-bank mortgages outstanding, by lender type, insurance status and mortgage characteristics"
33100531,,"Non-bank mortgages extended, by lender type, insurance status and mortgage characteristics"
33100532,,"Private sector business counts by majority ownership, third quarter of 2022"
33100533,,"Business or organization expectations over the next three months, third quarter of 2022"
33100534,,"Business or organization obstacles over the next three months, third quarter of 2022"
33100535,,"Business or organization challenges with recruiting and retaining staff compared with 12 months ago, third quarter of 2022"
33100536,,"Business or organization expectations of how long supply chain obstacles will last, third quarter of 2022"
33100537,,"Business or organization change in supply chain challenges over the last three months, third quarter of 2022"
33100538,,"Business or organization expectations of change in supply chain challenges over the next three months, third quarter of 2022"
33100539,,"Business or organization plans to adjust supply chain over the next 12 months, third quarter of 2022"
33100540,,"Number of domestic and foreign direct suppliers of businesses in Canada, third quarter of 2022"
33100541,,"Percentage of domestic and foreign direct suppliers that would be difficult to replace, third quarter of 2022"
33100542,,"Plans to expand or restructure business or organization or acquire other businesses or organizations over the next 12 months, third quarter of 2022"
33100543,,"Plans to transfer, sell, or close business over the next 12 months, third quarter of 2022"
33100544,,"Interprovincial activities conducted over the last 12 months, third quarter of 2022"
33100545,,"Provinces businesses or organizations directly exported or imported goods or services to or from over the last 12 months, third quarter of 2022"
33100546,,"Obstacles experienced when purchasing or selling goods or services interprovincially over the last 12 months, third quarter of 2022"
33100547,,"Environmental practices currently in place or to be implemented by businesses or organizations over the next 12 months, third quarter of 2022"
33100548,,"Barriers businesses or organizations face in adopting more green practices over the next 12 months, third quarter of 2022"
33100549,,"Languages used by the business or organization in providing services or performing activities over the last 12 months, third quarter of 2022"
33100550,,"Percentage of employees required to be bilingual in English and French, third quarter of 2022"
33100551,,"Financial and employment statistics for enterprises, by province, territory and region"
33100552,,"Practices businesses or organizations have in place or plans to implement over the next 12 months, third quarter of 2022"
33100553,,"Long-term policies and practices implemented due to COVID-19, third quarter of 2022"
33100554,,"Likelihood business or organization will adopt automation and digital technologies which may reduce employment hiring over the next 12 months, third quarter of 2022"
33100555,,"Level of challenge in meeting an increase in demand for the business or organization over the next three months, third quarter of 2022"
33100556,,"Average yearly growth expected by businesses or organizations over the next three years, third quarter of 2022"
33100557,,"Reasons business or organization is not expecting any growth over the next three years, third quarter of 2022"
33100558,,"COVID-19 Rapid Test kit usage over the last month, third quarter of 2022"
33100559,,"Percentage of on-site employees tested with COVID-19 Rapid Test kits at least once over the last month, third quarter of 2022"
33100560,,"Frequency on-site employees were tested using COVID-19 Rapid Test kits over the last month, third quarter of 2022"
33100561,,"Benefits experienced from COVID-19 Rapid Test kit usage over the last month, third quarter of 2022"
33100562,,"Likelihood business or organization would continue to rapid test if they had to purchase COVID-19 Rapid Test kits, third quarter of 2022"
33100563,,"Reasons business or organization does not have plans to start using COVID-19 Rapid Test kits over the next three months, third quarter of 2022"
33100564,,"Ability for the business or organization to take on more debt, third quarter of 2022"
33100565,,"Percentage of workforce anticipated to work on-site or remotely over the next three months, third quarter of 2022"
33100566,,"Average percentage of workforce anticipated to work on-site or remotely over the next three months, third quarter of 2022"
33100567,,"Future outlook over the next 12 months, third quarter of 2022"
33100568,,"Canadian Business Counts, with employees, June 2022"
33100569,,"Canadian Business Counts, without employees, June 2022"
33100570,,"Foreign-controlled enterprises in Canada, by financial characteristics and selected country of control"
33100576,,"Canadian Business Counts, with employees, census metropolitan areas and census subdivisions, June 2022"
33100577,,"Rural Canada Business Profile, total revenue and other revenue variables of small businesses by industry, location indicator and incorporation status; revenue-based calculations"
33100578,,"Rural Canada Business Profile, expense items as a percent of total revenue of small businesses by industry, location indicator and incorporation status; revenue-based calculations"
33100579,,"Rural Canada Business Profile, expense items of small businesses by industry, location indicator and incorporation status; revenue-based calculations"
33100580,,"Rural Canada Business Profile, balance sheet items of incorporated small businesses by industry and location indicator; revenue- based calculations"
33100581,,"Rural Canada Business Profile, financial ratios of incorporated small businesses by industry and location indicator; revenue-based calculations"
33100582,,"Rural Canada Business Profile, financial ratios of small businesses by industry, location indicator and incorporation status; revenue-based calculations"
33100583,,"Rural Canada Business Profile, business items for profitable and non-profitable small businesses by industry and location indicator; revenue-based calculations"
33100584,,"Rural Canada Business Profile, total revenue and other revenue variables of small businesses by industry, location indicator and incorporation status; profit margin-based calculations"
33100585,,"Rural Canada Business Profile, expense items as a percent of total revenue of small businesses by industry, location indicator and incorporation status; profit margin-based calculations"
33100586,,"Rural Canada Business Profile, expense items of small businesses by industry, location indicator and incorporation status; profit margin-based calculations"
33100587,,"Rural Canada Business Profile, balance sheet items of incorporated small businesses by industry and location indicator; profit margin-based calculations"
33100588,,"Rural Canada Business Profile, financial ratios of incorporated small businesses by industry and location indicator; profit margin-based calculations"
33100589,,"Rural Canada Business Profile, financial ratios of small businesses by industry, location indicator and incorporation status; profit margin-based calculations"
33100590,,"Rural Canada Business Profile, business items for profitable and non-profitable small businesses by industry and location indicator; profit margin-based calculations"
33100591,,"Rural Canada Business Profile, total revenue and other revenue variables of incorporated medium businesses by industry and location indicator; revenue-based calculations"
33100592,,"Rural Canada Business Profile, expense items as a percent of total revenue of incorporated medium businesses by industry and location indicator; revenue-based calculations"
33100593,,"Rural Canada Business Profile, expense items of incorporated medium businesses by industry and location indicator; revenue-based calculations"
33100594,,"Rural Canada Business Profile, balance sheet items of incorporated medium businesses by industry and location indicator; revenue-based calculations"
33100595,,"Rural Canada Business Profile, financial ratios of incorporated medium businesses by industry and location indicator; revenue-based calculations"
33100596,,"Rural Canada Business Profile, total revenue and other revenue variables of incorporated medium businesses by industry and location indicator; profit margin-based calculations"
33100597,,"Rural Canada Business Profile, expense items as a percent of total revenue of incorporated medium businesses by industry and location indicator; profit margin-based calculations"
33100598,,"Rural Canada Business Profile, expense items of incorporated medium businesses by industry and location indicator; profit margin-based calculations"
33100599,,"Rural Canada Business Profile, balance sheet items of incorporated medium businesses by industry and location indicator; profit margin-based calculations"
33100600,,"Rural Canada Business Profile, financial ratios of incorporated medium businesses by industry and location indicator; profit margin-based calculations"
33100601,,"Private sector business counts by majority ownership, fourth quarter of 2022"
33100602,,"Business or organization expectations over the next three months, fourth quarter of 2022"
33100603,,"Business or organization obstacles over the next three months, fourth quarter of 2022"
33100604,,"Business or organization challenges with recruiting and retaining staff compared with 12 months ago, fourth quarter of 2022"
33100605,,"Business or organization expectations of how long supply chain obstacles will last, fourth quarter of 2022"
33100606,,"Business or organization change in supply chain challenges over the last three months, fourth quarter of 2022"
33100607,,"Business or organization expectations of change in supply chain challenges over the next three months, fourth quarter of 2022"
33100608,,"Business or organization plans to adjust supply chain over the next 12 months, fourth quarter of 2022"
33100609,,"Business' or organization's response to expected difficulties maintaining inventory levels, fourth quarter of 2022"
33100610,,"Business or organization plans to expand, restructure, acquire, invest, transfer, sell or close over the next 12 months, fourth quarter of 2022"
33100611,,"Likelihood of business or organization to pass on any increases in its costs to customers over the next 12 months, fourth quarter of 2022"
33100612,,"Percentage of employees expected to voluntarily retire over the next 12 months, fourth quarter of 2022"
33100613,,"Plans to address expected retirements, fourth quarter of 2022"
33100614,,"Change in average wages expected over the next 12 months, fourth quarter of 2022"
33100615,,"Extent the business or organization considers inflation when setting wages and salaries, fourth quarter of 2022"
33100616,,"Current or planned tasks regarding recruitment, retention and training over the next 12 months, fourth quarter of 2022"
33100617,,"Volunteers and challenges businesses face in volunteer recruitment and retention, fourth quarter of 2022"
33100618,,"Impacts or expected impacts volunteer recruitment and retention challenges have had on the business or organization, fourth quarter of 2022"
33100619,,"Technologies the business or organization plans to adopt or incorporate over the next 12 months, fourth quarter of 2022"
33100620,,"Challenges faced when adopting or incorporating technologies, fourth quarter of 2022"
33100621,,"Business or organization status on application for credit or loans over the last 12 months, fourth quarter of 2022"
33100622,,"Approval status on credit or loan applications and reasons provided for turned down requests over the last 12 months, fourth quarter of 2022"
33100623,,"Reasons business or organization did not apply for business loans, fourth quarter of 2022"
33100624,,"Liquidity and access to liquidity over the next three months, fourth quarter of 2022"
33100625,,"Business or organization plans to apply for debt financing, fourth quarter of 2022"
33100626,,"Ability for the business or organization to take on more debt, fourth quarter of 2022"
33100627,,"Current debt level of business or organization compared to the start of the COVID-19 pandemic, fourth quarter of 2022"
33100628,,"Expected level of challenge business or organization has in repaying funding received from repayable government support programs put in place because of the COVID-19 pandemic, fourth quarter of 2022"
33100629,,"Percentage of workforce anticipated to work on-site or remotely over the next three months, fourth quarter of 2022"
33100630,,"Future outlook over the next 12 months, fourth quarter of 2022"
33100631,,"Private enterprises by sex and Indigenous identity of ownership, province or region and enterprise size"
33100632,,"Private enterprises by sex and Indigenous identity of ownership, age group of primary owner and enterprise size"
33100633,,"Private sector business counts by majority ownership, first quarter of 2023"
33100634,,"Business or organization expectations over the next three months, first quarter of 2023"
33100635,,"Business or organization obstacles over the next three months, first quarter of 2023"
33100636,,"Expectations over the next three months as a result of increased interest rates, first quarter of 2023"
33100637,,"Level of impact of challenges with recruiting and retaining staff over the next three months, first quarter of 2023"
33100638,,"Business or organization expectations of how long supply chain obstacles will last, first quarter of 2023"
33100639,,"Business or organization change in supply chain challenges over the last three months, first quarter of 2023"
33100640,,"Business or organization expectations of change in supply chain challenges over the next three months, first quarter of 2023"
33100641,,"Business or organization plans to adjust supply chain over the next 12 months, first quarter of 2023"
33100642,,"Business' or organization's response to expected difficulties maintaining inventory levels, first quarter of 2023"
33100643,,"Actions business or organization is taking in response to insufficient demand for goods and services offered, first quarter of 2023"
33100644,,"Business or organization plans to expand, restructure, acquire, invest, transfer, sell or close over the next 12 months, first quarter of 2023"
33100645,,The 2022 revenues compared with 2021 revenues
33100646,,"Percentage and average percentage of total sales made online in 2022, first quarter of 2023"
33100647,,"Expectations to increase prices for goods and services offered by business or organization over the next 12 months, first quarter of 2023"
33100648,,"Change in average wages expected over the next 12 months, first quarter of 2023"
33100649,,"Current or planned tasks regarding recruitment, retention and training over the next 12 months, first quarter of 2023"
33100650,,"Plans to implement new or update pre-existing digital technology to enable or enhance e-commerce or online sales, first quarter of 2023"
33100651,,"Plans to implement new or update pre-existing digital technology to enable or enhance other business processes, first quarter of 2023"
33100652,,"Technologies the business or organization plans to adopt or incorporate over the next 12 months, first quarter of 2023"
33100653,,"Challenges faced when adopting or incorporating technologies, first quarter of 2023"
33100654,,"Reasons business or organization does not plan to adopt technologies over the next 12 months, first quarter of 2023"
33100655,,"Liquidity and access to liquidity over the next three months, first quarter of 2023"
33100656,,"Business or organization plans to apply for debt financing, first quarter of 2023"
33100657,,"Ability for the business or organization to take on more debt, first quarter of 2023"
33100658,,"Percentage of workforce anticipated to work on-site or remotely over the next three months, first quarter of 2023"
33100659,,"Future outlook over the next 12 months, first quarter of 2023"
33100660,,"Average percentage of women and men in management positions, first quarter of 2023"
33100661,,"Canadian Business Counts, with employees, December 2022"
33100662,,"Canadian Business Counts, without employees, December 2022"
33100663,,"Canadian Business Counts, with employees, census metropolitan areas and census subdivisions, December 2022"
33100664,,"Private sector business counts by majority ownership, second quarter of 2023"
33100665,,"Business or organization expectations over the next three months, second quarter of 2023"
33100666,,"Business or organization obstacles over the next three months, second quarter of 2023"
33100667,,"Most challenging obstacle for the business or organization over the next three months, second quarter of 2023"
33100668,,"Business or organization expected impacts of labour-related obstacles over the next three months, second quarter of 2023"
33100669,,"Business or organization expectations of how long supply chain obstacles will last, second quarter of 2023"
33100670,,"Business or organization change in supply chain challenges over the last three months, second quarter of 2023"
33100671,,"Business or organization expectations of change in supply chain challenges over the next three months, second quarter of 2023"
33100672,,"Business or organization plans to adjust supply chain over the next 12 months, second quarter of 2023"
33100673,,"Business' or organization's response to expected difficulties maintaining inventory levels, second quarter of 2023"
33100674,,"Business or organization plans to expand, restructure, acquire, invest, transfer, sell or close over the next 12 months, second quarter of 2023"
33100675,,"Primary competition and most important competitive strength when exporting or selling business' or organization's goods or services to the United States, second quarter of 2023"
33100676,,"Primary competition and most important competitive strength when exporting or selling business' or organization's goods or services to Europe, second quarter of 2023"
33100677,,"Primary competition and most important competitive strength when exporting or selling business' or organization's goods or services to China, second quarter of 2023"
33100678,,"Business or organization hired workers from another country through the Temporary Foreign Worker Program in the last 12 months, second quarter of 2023"
33100679,,"Current or planned tasks regarding recruitment, retention and training over the next 12 months, second quarter of 2023"
33100680,,"Liquidity and access to liquidity over the next three months, second quarter of 2023"
33100681,,"Expected impacts of not being able to acquire cash or liquid assets required, second quarter of 2023"
33100682,,"Business or organization plans to apply for debt financing, second quarter of 2023"
33100683,,"Ability for the business or organization to take on more debt, second quarter of 2023"
33100684,,"Percentage of workforce anticipated to work on-site or remotely over the next three months, second quarter of 2023"
33100685,,"Among employees anticipated to work remotely exclusively, percentage of employees based outside the province or territory of the business or organization, second quarter of 2023"
33100686,,"Future outlook over the next 12 months, second quarter of 2023"
33100687,,"Private sector business counts by majority ownership, third quarter of 2023"
33100688,,"Business or organization expectations over the next three months, third quarter of 2023"
33100689,,"Business or organization obstacles over the next three months, third quarter of 2023"
33100690,,"Most challenging obstacle expected by the business or organization over the next three months, third quarter of 2023"
33100691,,"Business or organization expectations of how long supply chain obstacles will last, third quarter of 2023"
33100692,,"Business or organization change in supply chain challenges over the last three months, third quarter of 2023"
33100693,,"Business or organization expectations of change in supply chain challenges over the next three months, third quarter of 2023"
33100694,,"Business or organization plans to expand, restructure, acquire, invest, transfer, sell or close over the next 12 months, third quarter of 2023"
33100695,,"Business or organization interprovincial activities conducted within Canada over the last 12 months, third quarter of 2023"
33100696,,"Business or organization obstacles experienced when purchasing or selling across provincial and territorial borders over the last 12 months, third quarter of 2023"
33100697,,"Impact of obstacles experienced on the ability of the business or organization to purchase or sell goods or services across provincial and territorial borders over the last 12 months, third quarter of 2023"
33100698,,"Reasons the business or organization did not purchase or sell goods or services across provincial and territorial borders over the last 12 months, third quarter of 2023"
33100699,,"Extent to which a reduction or elimination of various obstacles would affect the business's or organization's willingness to purchase or sell goods or services across provincial and territorial borders, third quarter of 2023"
33100700,,"Environmental practices businesses or organizations have in place, third quarter of 2023"
33100701,,"Environmental practices businesses or organizations plan to implement over the next 12 months, third quarter of 2023"
33100702,,"Barriers businesses or organizations may face in adopting more green practices over the next 12 months, third quarter of 2023"
33100703,,"Payment methods currently accepted or planned to be accepted over the next 12 months by businesses or organizations, third quarter of 2023"
33100704,,"Reasons business or organization does not accept certain payment methods, third quarter of 2023"
33100705,,"Languages used by the business or organization in providing services or performing activities over the last 12 months, third quarter of 2023"
33100706,,"Percentage of employees required to be bilingual in English and French, third quarter of 2023"
33100707,,"Business' or organization's plans to take any new or additional cybersecurity actions over the next 12 months, third quarter of 2023"
33100708,,"Impact of ransomware incidents on the business or organization over the last 12 months, third quarter of 2023"
33100709,,"Forms of misinformation or disinformation business or organization has been a victim of over the last 12 months, third quarter of 2023"
33100710,,"Actions taken by businesses or organizations to reduce the impact of misinformation or disinformation on operations, third quarter of 2023"
33100711,,"Liquidity and access to liquidity over the next three months, third quarter of 2023"
33100712,,"Business or organization plans to apply for debt financing, third quarter of 2023"
33100713,,"Ability for the business or organization to take on more debt, third quarter of 2023"
33100714,,"Percentage of workforce anticipated to work on-site or remotely over the next three months, third quarter of 2023"
33100715,,"Anticipated change in levels of remote work over the next 12 months, third quarter of 2023"
33100716,,"Future outlook over the next 12 months, third quarter of 2023"
33100717,,"Canadian Business Counts, with employees, June 2023"
33100718,,"Canadian Business Counts, without employees, June 2023"
33100719,,"Canadian Business Counts, with employees, census metropolitan areas and census subdivisions, June 2023"
33100720,,"Innovations developed to respond to the challenges or opportunities related to the COVID-19 pandemic, by industry and enterprise size"
33100721,,"Applications filed to protect the intellectual property related to the innovations, by industry and enterprise size"
33100722,,"Experimental estimates for business openings and closures by employment size for Canada, provinces and territories, census metropolitan areas, seasonally adjusted"
33100723,,"Private sector business counts by majority ownership, fourth quarter of 2023"
33100724,,"Business or organization expectations over the next three months, fourth quarter of 2023"
33100725,,"Percentage change expected for capital expenditures over the next 12 months, compared with the last 12 months, fourth quarter of 2023"
33100726,,"Business or organization obstacles over the next three months, fourth quarter of 2023"
33100727,,"Most challenging obstacle expected by the business or organization over the next three months, fourth quarter of 2023"
33100728,,"Business or organization expectations of how long supply chain obstacles will last, fourth quarter of 2023"
33100729,,"Business or organization change in supply chain challenges over the last three months, fourth quarter of 2023"
33100730,,"Business or organization expectations of change in supply chain challenges over the next three months, fourth quarter of 2023"
33100731,,"Business or organization plans to expand, restructure, acquire, invest, transfer, sell or close over the next 12 months, fourth quarter of 2023"
33100732,,"Business employed individuals with a professional certification or industry licence regulated within the province or territory where the business is located, or hired or considered hiring individuals with a certification or industry license regulated in another province or territory over the last 12 months, fourth quarter of 2023"
33100733,,"Obstacles experienced during the hiring or consideration process of individuals with a professional certification or industry licence from outside of the province or territory where the business is located over the last 12 months, fourth quarter of 2023"
33100735,,"Temporary measures implemented to allow individuals with a professional certification or industry licence from another province or territory to work while they were becoming certified or licensed in the province or territory where the business is located over the last 12 months, fourth quarter of 2023"
33100737,,"Expected rate of increase in wages and reasons for expecting a faster rate of increase in wages over the next 12 months, fourth quarter of 2023"
33100738,,"Percentage of employees fully proficient in terms of skills needed in the business or organization, fourth quarter of 2023"
33100739,,"Actions planned by businesses or organizations to address skills gaps or employee skill deficiencies over the next 12 months, fourth quarter of 2023"
33100740,,"Organization receives revenue in the form of donations from the public and challenges faced in seeking donations from the public, fourth quarter of 2023"
33100741,,"Impacts or expected impacts of challenges related to donations, fourth quarter of 2023"
33100742,,"Level of impact interest rates have on the business or organization, fourth quarter of 2023"
33100743,,"Aspects of the business or organization most impacted by interest rates, fourth quarter of 2023"
33100744,,"Business or organization received a repayable loan from the Canada Emergency Business Account, fourth quarter of 2023"
33100745,,"Status of repayment of loan from the Canada Emergency Business Account and if the business or organization anticipates having the liquidity available or access to credit to repay the loan by December 31, 2026, fourth quarter of 2023"
33100746,,"Business or organization requested financing using marketplace lending and reasons for using this lending source over the last 12 months, fourth quarter of 2023"
33100747,,"Business or organization plans to request financing using marketplace lending over the next 12 months, fourth quarter of 2023"
33100748,,"Liquidity and access to liquidity over the next three months, fourth quarter of 2023"
33100749,,"Business or organization plans to apply for debt financing, fourth quarter of 2023"
33100750,,"Ability for the business or organization to take on more debt, fourth quarter of 2023"
33100751,,"Percentage of workforce anticipated to work on-site or remotely over the next three months, fourth quarter of 2023"
33100752,,"Future outlook over the next 12 months, fourth quarter of 2023"
33100753,,"Percentage of total non-profit organizations, 2023"
33100754,,"Private sector business counts by majority ownership, second quarter of 2024"
33100755,,"Business or organization expectations over the next three months, second quarter of 2024"
33100756,,"Contracting arrangements to other business entities outside Canada, by industry and enterprise size"
33100757,,"Manufacturing, processing, and assembly work for non-Canadian clients, by industry and enterprise size"
33100758,,"Ownership of intellectual property assets, by industry and enterprise size"
33100759,,"Corporate diversity strategy, by industry and enterprise size"
33100760,,"Sales and cost of goods sold, by industry and enterprise size"
33100761,,"Canadian Business Counts, with employees, June 2024"
33100762,,"Canadian Business Counts, without employees, June 2024"
33100763,,"Canadian Business Counts, with employees, census metropolitan areas and census subdivisions, June 2024"
33100764,,"Canadian Business Counts, with employees, December 2024"
33100765,,"Canadian Business Counts, without employees, December 2024"
33100766,,"Canadian Business Counts, with employees, census metropolitan areas and census subdivisions, December 2024"
33100769,,"Private sector business counts by majority ownership, first quarter of 2024"
33100770,,"Business or organization expectations over the next three months, first quarter of 2024"
33100771,,"Business expects decrease in employees primarily due to layoffs, first quarter of 2024"
33100772,,"Business or organization obstacles over the next three months, first quarter of 2024"
33100773,,"Most challenging obstacle expected by the business or organization over the next three months, first quarter of 2024"
33100774,,"Business or organization expectations of how long supply chain obstacles will last, first quarter of 2024"
33100775,,"Business or organization change in supply chain challenges over the last three months, first quarter of 2024"
33100776,,"Business or organization expectations of change in supply chain challenges over the next three months, first quarter of 2024"
33100777,,"Business or organization plans to expand, restructure, acquire, invest, transfer, sell or close over the next 12 months, first quarter of 2024"
33100778,,Business revenues in 2023 compared with 2022 revenues
33100779,,Percentage and average percentage of total sales made online in 2023
33100780,,"Change in average wages expected by businesses over the next 12 months, first quarter of 2024"
33100781,,"Level of impact interest rates have on the business or organization, first quarter of 2024"
33100782,,"Aspects of the business or organization most impacted by interest rates, first quarter of 2024"
33100783,,"Business commitments towards net zero carbon emissions, first quarter of 2024"
33100784,,"Business's use of Generative AI, first quarter of 2024"
33100785,,"Value or potential value created by Generative AI, first quarter of 2024"
33100786,,"Liquidity and access to liquidity over the next three months, first quarter of 2024"
33100787,,"Business or organization plans to apply for debt financing, first quarter of 2024"
33100788,,"Ability for the business or organization to take on more debt, first quarter of 2024"
33100789,,"Percentage of workforce anticipated to work on-site or remotely over the next three months, first quarter of 2024"
33100790,,"Future outlook over the next 12 months, first quarter of 2024"
33100791,,"Average percentage of women and men in management positions, first quarter of 2024"
33100792,,"Board of director positions filled by designated groups in non-profit organizations, 2023"
33100793,,"Primary role of board of directors in non-profit organizations, 2023"
33100794,,"Senior management positions filled by designated groups in non-profit organizations, 2023"
33100795,,"Average number of volunteers in non-profit organizations, 2023"
33100796,,"Types of external financing applied for by non-profit organizations in the past 12 months, 2023"
33100797,,"Reason external financing was not requested by non-profit organizations in the last 12 months, 2023"
33100798,,"Sources of funding received by non-profit organizations, 2023"
33100799,,"Sources of expenditures by non-profit organizations, 2023"
33100800,,"Groups served by non-profit organization through its programs and activities, 2023"
33100801,,"Primary group served by non-profit organizations through its programs and activities, 2023"
33100802,,"Average percentage of fundraising targets met by non-profit organizations and average percentage of clients who received services free of charge, 2023"
33100803,,"Change in level of demand and overall capacity for non-profit organizations to meet demand for services and products, 2023"
33100804,,"Savings resulting from the introduction of business process innovations, by industry and enterprise size"
33100805,,"Innovation developers, by industry and enterprise size"
33100806,,"Canadian Business Counts, with employees, December 2023"
33100807,,"Canadian Business Counts, without employees, December 2023"
33100808,,"Canadian Business Counts, with employees, census metropolitan areas and census subdivisions, December 2023"
33100809,,"Business or organization obstacles over the next three months, second quarter of 2024"
33100810,,"Most challenging obstacle expected by the business or organization over the next three months, second quarter of 2024"
33100811,,"Business or organization expected impacts of labour-related obstacles over the next three months, second quarter of 2024"
33100812,,"Business or organization expectations of how long supply chain obstacles will last, second quarter of 2024"
33100813,,"Business or organization change in supply chain challenges over the last three months, second quarter of 2024"
33100814,,"Business or organization expectations of change in supply chain challenges over the next three months, second quarter of 2024"
33100815,,"Business or organization plans to expand, restructure, acquire, invest, transfer, sell or close over the next 12 months, second quarter of 2024"
33100816,,"Business' or organization's real estate situation and type of lease for its own business or organizational operations, second quarter of 2024"
33100817,,"Business' or organization's total lease length at time of signing and length remaining on lease, second quarter of 2024"
33100818,,"Real estate issues businesses or organizations are currently facing, second quarter of 2024"
33100819,,"Aspects that improved the ability of business or organization to operate efficiently over the last 12 months, second quarter of 2024"
33100820,,"Strategies or initiatives being considered to improve performance or efficiency over the next 12 months, second quarter of 2024"
33100821,,"Reasons why business or organization is not considering any strategies to improve performance or efficiency, second quarter of 2024"
33100822,,"Technologies the business or organization plans to adopt or incorporate over the next 12 months, second quarter of 2024"
33100823,,"Challenges faced by business or organization when adopting or incorporating technologies, second quarter of 2024"
33100824,,"Reasons business or organization does not plan to adopt any new technologies over the next 12 months, second quarter of 2024"
33100825,,"Use of artificial intelligence by businesses and organizations in producing goods or delivering services over the last 12 months, second quarter of 2024"
33100826,,"Extent to which artificial intelligence has reduced tasks previously performed by employees and the impact of artificial intelligence use on total employment, second quarter of 2024"
33100827,,"Changes made by business or organization when using artificial intelligence to produce goods or deliver services, second quarter of 2024"
33100828,,"New or significantly improved goods or services brought onto the market from 2020 to 2023, second quarter of 2024"
33100829,,"Innovation of new products or services and most significant recent product innovation was new to its market, second quarter of 2024"
33100830,,"Impact of natural disasters or weather related emergencies on businesses or organizations over the last 12 months, second quarter of 2024"
33100831,,"Primary competition and most important competitive strength when exporting or selling business' or organization's goods or services to the United States, second quarter of 2024"
33100832,,"Primary competition and most important competitive strength when exporting or selling business' or organization's goods or services to Europe, second quarter of 2024"
33100833,,"Liquidity and access to liquidity over the next three months, second quarter of 2024"
33100834,,"Business or organization plans to apply for debt financing, second quarter of 2024"
33100835,,"Ability for the business or organization to take on more debt, second quarter of 2024"
33100836,,"Percentage of workforce anticipated to work on-site or remotely over the next three months, second quarter of 2024"
33100837,,"Future outlook over the next 12 months, second quarter of 2024"
33100838,,"Number of enterprises in Canada, by geography and visible minority status of owner"
33100839,,"Number of enterprises in Canada, by geography and age of owner"
33100840,,"Number of enterprises in Canada, by geography and immigrant status of owner"
33100841,,"Number of enterprises in Canada, by geography and Indigenous group of owner"
33100842,,"Number of enterprises in Canada, by geography and gender of owner"
33100843,,"Number of enterprises in Canada, by revenue group and visible minority status of owner"
33100844,,"Number of enterprises in Canada, by revenue group and age of owner"
33100845,,"Number of enterprises in Canada, by revenue group and immigrant status of owner"
33100846,,"Number of enterprises in Canada, by revenue group and Indigenous group of owner"
33100847,,"Number of enterprises in Canada, by revenue group and gender of owner"
33100848,,"Number of enterprises in Canada, by enterprise size and visible minority status of owner"
33100849,,"Number of enterprises in Canada, by enterprise size and age of owner"
33100850,,"Number of enterprises in Canada, by enterprise size and immigrant status of owner"
33100851,,"Number of enterprises in Canada, by enterprise size and Indigenous group of owner"
33100852,,"Number of enterprises in Canada, by enterprise size and gender of owner"
33100853,,"Number of enterprises in Canada, by industry and visible minority status of owner"
33100854,,"Number of enterprises in Canada, by industry and age of owner"
33100855,,"Number of enterprises in Canada, by industry and immigrant status of owner"
33100856,,"Number of enterprises in Canada, by industry and Indigenous group of owner"
33100857,,"Number of enterprises in Canada, by industry and gender of owner"
33100858,,"Private sector business counts by majority ownership, third quarter of 2024"
33100859,,"Business or organization expectations over the next three months, third quarter of 2024"
33100860,,"Business or organization obstacles over the next three months, third quarter of 2024"
33100861,,"Most challenging obstacle expected by the business or organization over the next three months, third quarter of 2024"
33100862,,"Business or organization expectations of how long supply chain obstacles will last, third quarter of 2024"
33100863,,"Business or organization change in supply chain challenges over the last three months, third quarter of 2024"
33100864,,"Business or organization expectations of change in supply chain challenges over the next three months, third quarter of 2024"
33100865,,"Business or organization plans to expand, restructure, acquire, invest, transfer, sell or close over the next 12 months, third quarter of 2024"
33100866,,"Average yearly revenue growth expected by businesses or organizations over the next three years, third quarter of 2024"
33100867,,"Status of Canada Emergency Business Account (CEBA) loans received by businesses or organizations, third quarter of 2024"
33100868,,"Canada Emergency Business Account (CEBA) loan debt forgiveness and refinancing, third quarter of 2024"
33100869,,"Business' or organization's current level of total sales revenue and inventory levels compared to pre-pandemic levels, third quarter of 2024"
33100870,,"Business' or organization's current approach to holding inventory compared to pre-pandemic approach, third quarter of 2024"
33100871,,"Level of inventories currently held by business or organization, third quarter of 2024"
33100872,,"Factors contributing to lower than desired level of inventories currently held by business or organization, third quarter of 2024"
33100873,,"Business or organization hiring of employees in regulated occupations, third quarter of 2024"
33100874,,"Business' or organization's plans to take any new or additional cybersecurity actions over the next 12 months, third quarter of 2024"
33100875,,"Business or organization has a dedicated cybersecurity budget, third quarter of 2024"
33100876,,"Impacts of cybersecurity concerns on business' or organization's contracts and supply chain, third quarter of 2024"
33100877,,"Impact of ransomware incidents on the business or organization over the last 12 months, third quarter of 2024"
33100878,,"Use of artificial intelligence (AI) by businesses or organizations in producing goods or delivering services over the next 12 months, third quarter of 2024"
33100879,,"Reasons business or organization does not plan to use artificial intelligence (AI) in producing goods or delivering services over the next 12 months, third quarter of 2024"
33100880,,"Business' or organization's expectation of the impact of artificial intelligence (AI) use on total employment, third quarter of 2024"
33100881,,"Changes business or organization will make when using artificial intelligence (AI) to produce goods or deliver services, third quarter of 2024"
33100882,,"Environmental practices businesses or organizations have in place, third quarter of 2024"
33100883,,"Environmental practices businesses or organizations plan to implement over the next 12 months, third quarter of 2024"
33100884,,"Liquidity and access to liquidity over the next three months, third quarter of 2024"
33100885,,"Business or organization plans to apply for debt financing, third quarter of 2024"
33100886,,"Ability for the business or organization to take on more debt, third quarter of 2024"
33100887,,"Business' or organization's level of confidence in making its debt payments in full and on time, third quarter of 2024"
33100888,,"Percentage of workforce anticipated to work on-site or remotely over the next three months, third quarter of 2024"
33100889,,"Future outlook over the next 12 months, third quarter of 2024"
33100890,,"Private sector business counts by majority ownership, fourth quarter of 2024"
33100891,,"Business or organization expectations over the next three months, fourth quarter of 2024"
33100892,,"Business or organization obstacles over the next three months, fourth quarter of 2024"
33100893,,"Most challenging obstacle expected by the business or organization over the next three months, fourth quarter of 2024"
33100894,,"Inputs businesses or organizations are expecting the rising cost of to be obstacles over the next three months, fourth quarter of 2024"
33100895,,"Business or organization expectations of how long supply chain obstacles will last, fourth quarter of 2024"
33100896,,"Business or organization change in supply chain challenges over the last three months, fourth quarter of 2024"
33100897,,"Business or organization expectations of change in supply chain challenges over the next three months, fourth quarter of 2024"
33100898,,"Business or organization plans to expand, restructure, acquire, invest, transfer, sell or close over the next 12 months, fourth quarter of 2024"
33100899,,"Languages used by the business or organization in providing services or performing activities over the last 12 months, fourth quarter of 2024"
33100900,,"Percentage of employees required to be bilingual in English and French, fourth quarter of 2024"
33100901,,"Businesses or organizations with unionized employees and percentage of employees that are unionized, fourth quarter of 2024"
33100902,,"Business' or organization's operations affected by internal labour disruption, and the type of disruption experienced, fourth quarter of 2024"
33100904,,"Impact expected on business' or organization's trade due to international events over the next 12 months, fourth quarter of 2024"
33100906,,"Expected average wage change over the next 12 months, fourth quarter of 2024"
33100907,,"Reasons for expecting an increase in average wages over the next 12 months, fourth quarter of 2024"
33100908,,"Level of impact interest rates have on the business or organization, fourth quarter of 2024"
33100909,,"Aspect of the business or organization most impacted by interest rates, fourth quarter of 2024"
33100910,,"Liquidity and access to liquidity over the next three months, fourth quarter of 2024"
33100911,,"Business or organization plans to apply for debt financing, fourth quarter of 2024"
33100912,,"Ability for the business or organization to take on more debt, fourth quarter of 2024"
33100913,,"Percentage of workforce anticipated to work on-site or remotely over the next three months, fourth quarter of 2024"
33100914,,"Future outlook over the next 12 months, fourth quarter of 2024"
33100915,,"Private sector business counts by majority ownership, first quarter of 2025"
33100916,,"Business or organization expectations over the next three months, first quarter of 2025"
33100917,,"Business or organization obstacles over the next three months, first quarter of 2025"
33100918,,"Most challenging obstacle expected by the business or organization over the next three months, first quarter of 2025"
33100919,,"Inputs businesses or organizations are expecting the cost of to be obstacles over the next three months, first quarter of 2025"
33100920,,"Business or organization expectations of how long supply chain obstacles will last, first quarter of 2025"
33100921,,"Business or organization change in supply chain challenges over the last three months, first quarter of 2025"
33100922,,"Business or organization expectations of change in supply chain challenges over the next three months, first quarter of 2025"
33100923,,"Business or organization plans to expand, restructure, acquire, invest, transfer, sell or close over the next 12 months, first quarter of 2025"
33100924,,Business revenue in 2024 compared with 2023 revenue
33100925,,Percentage and average percentage of total sales made online in 2024
33100926,,"Change in average wages expected by businesses over the next 12 months, first quarter of 2025"
33100927,,"Extent availability or cost of housing affected business' or organization's ability to recruit new employees over the last 12 months, first quarter of 2025"
33100928,,"Business' or organization's plans to invest in advanced technologies over the next 12 months, first quarter of 2025"
33100929,,"Business' or organization's plans to use staff development measures over the next 12 months, first quarter of 2025"
33100930,,"Reasons business or organization does not plan to use staff development measures over the next 12 months, first quarter of 2025"
33100931,,"Types of disruptions which impacted the ability of the business or organization to acquire inputs, products or supplies from Canada or abroad over the last 12 months, first quarter of 2025"
33100932,,"Types of tasks, projects or short contracts outsourced by businesses or organizations over the last 12 months, first quarter of 2025"
33100933,,"Third-party digital platforms, applications or websites used by businesses or organizations to outsource tasks, projects or short contracts over the last 12 months, first quarter of 2025"
33100934,,"Liquidity and access to liquidity over the next three months, first quarter of 2025"
33100935,,"Business or organization plans to apply for debt financing, first quarter of 2025"
33100936,,"Ability for the business or organization to take on more debt, first quarter of 2025"
33100937,,"Confidence level of business or organization in its ability to make payments to suppliers and service providers in full and on time, first quarter of 2025"
33100938,,"Percentage of workforce anticipated to work on-site or remotely over the next three months, first quarter of 2025"
33100939,,"Future outlook over the next 12 months, first quarter of 2025"
33100940,,"Average percentage of women and men in management positions, first quarter of 2025"
33100941,,Businesses' interprovincial trade activities conducted within Canada over the last 12 months
33100942,,Percentage of businesses' total purchases of goods or services from suppliers within another province or territory over last 12 months
33100943,,Provinces or territories in which goods or services were purchased from suppliers outside of the business' province or territory over the last 12 months
33100944,,Obstacles experienced by businesses when purchasing goods or services from suppliers in another province or territory over the last 12 months
33100945,,Reasons businesses did not purchase goods or services from suppliers in another province or territory over the last 12 months
33100946,,Percentage of businesses' total sales of goods or services sold to customers located within another province or territory over the last 12 months
33100947,,Provinces or territories in which goods or services were sold to customers located outside of the business' province or territory over the last 12 months
33100948,,Obstacles experienced by businesses when selling goods or services to customers located within another province or territory over last 12 months
33100949,,Reasons businesses did not sell goods or services to customers located within another province or territory over the last 12 months
33100950,,Percentage of businesses' total goods that were transported from one province or territory to another over the last 12 months
33100951,,Provinces or territories to which goods were transported outside of the business' province or territory over the last 12 months
33100952,,Obstacles experienced by businesses when transporting goods from one province or territory to another over last 12 months
33100953,,Areas outside of Canada businesses transported goods to over the last 12 months
33100954,,Obstacles experienced by businesses when transporting goods to another country over last 12 months
33100955,,Proportion of businesses that offer transportation services that did not transport goods from one province or territory to another over the last 12 months
33100956,,Reasons businesses did not transport goods from one province or territory to another over last 12 months
33100957,,Businesses' international trade activities conducted over the last 12 months
33100958,,Location of suppliers outside of Canada that businesses in Canada purchased goods or services from over the last 12 months
33100959,,Obstacles experienced by businesses when purchasing goods or services from suppliers outside of Canada over the last 12 months
33100960,,Location of customers outside of Canada that businesses in Canada sold goods or services to over the last 12 months
33100961,,Obstacles experienced by businesses when selling goods or services to customers located outside of Canada over the last 12 months
33100962,,Businesses' interprovincial and international trade activities involving food products conducted over the last 12 months
33100963,,Businesses' primary mode of transportation when transporting goods from one province or territory to another over the last 12 months
33100964,,Businesses' primary mode of transportation when transporting goods to another country over the last 12 months
33100965,,Businesses' future interprovincial trade plans within Canada over the next 12 months
33100966,,Reasons businesses do not plan on purchasing goods or services from suppliers in another province or territory over the next 12 months
33100967,,Reasons businesses do not plan on selling goods or services to customers located in another province or territory over the next 12 months
33100968,,Reasons businesses do not plan on transporting goods from one province or territory to another over the next 12 months
33100969,,Businesses that hired individuals with a professional certification or licence from another province or territory outside of the hiring province or territory and the number of individuals hired over the last 12 months
33100970,,Businesses that considered hiring individuals with a professional certification or licence from another province or territory outside of the hiring province or territory and the number of individuals considered over the last 12 months
33100971,,Occupational categories in which businesses experienced challenges when hiring individuals with a professional certification or licence from another province or territory outside of the hiring province or territory over the last 12 months
33100972,,Occupational categories in which businesses experienced challenges when considering hiring individuals with a professional certification or licence from another province or territory outside of the hiring province or territory over the last 12 months
33100973,,Reasons businesses hired or considered hiring individuals with a professional certification or licence from another province or territory outside of the hiring province or territory over the last 12 months
33100974,,Obstacles experienced by businesses when hiring individuals with a professional certification or licence from another province or territory outside of the hiring province or territory over the last 12 months
33100975,,Obstacles experienced by businesses when considering hiring individuals with a professional certification or licence from another province or territory outside of the hiring province or territory over the last 12 months
33100976,,Scenarios businesses experienced when considering hiring individuals with a professional certification or licence from another province or territory outside of the hiring province or territory over the last 12 months
33100977,,Businesses that hired or considered hiring certified journeypersons or registered apprentices from another province or territory outside of the hiring province or territory over the last 12 months
33100978,,Obstacles experienced by businesses when hiring or considering hiring registered apprentices from another province or territory outside of the hiring province or territory over the last 12 months
34100001,026-0001,"Building permits, residential values and number of units by type of dwelling for census metropolitan areas"
34100002,026-0002,"Building permits, number of units by type of dwelling and area"
34100003,026-0003,"Building permits, values by activity sector"
34100004,026-0004,"Building permits, values by activity sector and area"
34100005,026-0005,"Building permits, non-residential values by type of structure"
34100006,026-0006,"Building permits, by type of structure, area and geography, seasonally adjusted data, dollars and units, percentage change"
34100007,026-0007,"Building permits, dwelling units by type of structure"
34100008,026-0008,"Building permits, values by activity sector, seasonally adjusted and unadjusted data"
34100009,026-0010,"Building permits, dwelling units by type of structure, seasonally adjusted data and at annual rate"
34100010,026-0013,"Residential construction investment, inactive"
34100011,026-0016,"Investment in non-residential building construction, by type of building, province and census metropolitan area, inactive"
34100012,026-0017,"Investment in new housing construction, by type of dwellings, inactive"
34100013,026-0018,Residential property values
34100015,029-0005,"Capital and repair expenditures, by sector and province"
34100016,029-0007,"Capital and repair expenditures, mining and oil and gas extraction"
34100017,029-0008,"Capital and repair expenditures, utilities"
34100018,029-0009,"Capital and repair expenditures, manufacturing"
34100019,029-0010,"Capital and repair expenditures, wholesale trade"
34100020,029-0011,"Capital and repair expenditures, retail trade"
34100022,029-0013,"Capital and repair expenditures, information and cultural industries"
34100023,029-0014,"Capital and repair expenditures, finance and insurance"
34100024,029-0015,"Capital and repair expenditures, real estate and rental and leasing"
34100025,029-0016,"Capital and repair expenditures, professional, scientific and technical services"
34100026,029-0017,"Capital and repair expenditures, administrative and support, waste management and remediation services"
34100027,029-0018,"Capital and repair expenditures, educational services"
34100028,029-0019,"Capital and repair expenditures, health care and social assistance"
34100029,029-0020,"Capital and repair expenditures, arts, entertainment and recreation"
34100030,029-0021,"Capital and repair expenditures, accommodation and food services"
34100031,029-0022,"Capital and repair expenditures, other services (except public administration)"
34100032,029-0024,Capital and repair expenditures by geography
34100033,029-0040,Capital expenditures on construction by type of asset
34100035,029-0045,"Capital and repair expenditures, non-residential tangible assets, by industry and geography"
34100036,029-0046,"Capital and repair expenditures, non-residential tangible assets by industry"
34100037,029-0047,"Capital and repair expenditures, non-residential tangible assets, by industry and type of ownership"
34100038,029-0048,"Capital and repair expenditures, non-residential tangible assets, by type of ownership and geography"
34100039,029-0049,"Capital expenditures, non-residential tangible assets, by industry and type of asset"
34100040,029-0051,"Capital expenditures on intellectual property product, by type of asset"
34100041,032-0001,"Public and private investment, summary by sector"
34100042,032-0002,"Public and private investment, summary by province and territory"
34100043,026-0011,"Building permits, leading indicators and indexes, seasonally adjusted"
34100044,026-0015,"Building permits, seasonally adjusted by leading indicators, indexes and activity sector"
34100045,029-0026,"Total value of construction work performed, labour content and cost of materials used by contractors, utilities, governments and miscellaneous, actual data"
34100046,029-0027,"Total value of construction work performed, labour content and cost of materials used by province, actual data"
34100047,029-0037,"Capital expenditures on machinery and equipment, by type of asset and industry"
34100048,029-0038,"Capital expenditures on machinery and equipment, by type of asset and geography"
34100049,303-0001,Production and shipments of cement
34100050,303-0002,"Production and shipments of particleboard, oriented strandboard and fibreboard"
34100051,303-0003,"Production and shipments of steel pipes and tubing, with data for years 1946 - 2004"
34100052,303-0004,Production and shipments of mineral wool
34100053,303-0005,Production and shipments of construction type plywood
34100054,303-0006,Production and shipments of asphalt roofing
34100055,303-0009,Sawn lumber production and shipments
34100056,303-0037,Production and shipments of building materials
34100057,303-0046,Production and shipments of steel pipe and tubing
34100058,303-0051,Destination of net shipments of rolled steel products to consuming industries
34100059,303-0056,"Production, shipments and stocks of construction type plywood and pulp chips"
34100060,303-0057,"Production, destination of shipments and stocks of construction type plywood, by species"
34100061,303-0058,"Production, destination of shipments and stocks of particleboard, oriented strandboard and fibreboard"
34100062,303-0059,Production and shipments of mineral wool including fibrous glass insulation
34100063,029-0050,"Capital expenditures, non-residential tangible assets, by type of asset and geography"
34100064,029-0039,"Capital expenditures on construction, by type of asset and industry, 1998 - 2012"
34100065,,"Inventory of publicly owned culture, recreation and sport facilities, Infrastructure Canada, inactive"
34100066,026-0021,"Building permits, by type of structure and type of work, inactive"
34100067,,"Inventory of municipally owned culture, recreation and sport facilities, by urban and rural, and population size, Infrastructure Canada, inactive"
34100068,,"Inventory of publicly owned road assets by year of completed construction, Infrastructure Canada, inactive"
34100069,,"Inventory of municipally owned road assets by year of completed construction, urban and rural, and population size, Infrastructure Canada, inactive"
34100070,,"Inventory distribution of publicly owned road assets by physical condition rating, Infrastructure Canada, inactive"
34100071,,"Inventory distribution of municipally owned road assets by physical condition rating, urban and rural, and population size, Infrastructure Canada, inactive"
34100072,,"Average expected useful life of new publicly owned road assets, Infrastructure Canada"
34100073,,"Average expected useful life of new municipally owned road assets, by urban and rural, and population size, Infrastructure Canada"
34100074,,"Asset management practices for publicly owned road assets, Infrastructure Canada, inactive"
34100075,,"Asset management practices for municipally owned road assets, by urban and rural, and population size, Infrastructure Canada, inactive"
34100076,,"Information system(s) usage for management of publicly owned road assets, Infrastructure Canada, inactive"
34100077,,"Information system(s) used for management for municipally owned road assets, by urban and rural, and population size, Infrastructure Canada, inactive"
34100078,,"Inventory of publicly owned bridge and tunnel assets, Infrastructure Canada, inactive"
34100079,026-0012,"Building permits, demolished dwelling units"
34100080,029-0001,"Capital expenditures on construction, by type of asset and industry, 1992 - 1997"
34100081,029-0002,Capital expenditures on construction by type of asset and geography
34100082,029-0003,"Capital expenditures on new construction and major renovations, by type of asset"
34100083,029-0004,"Capital expenditures on new and retrofit/refurbishing of machinery and equipment, by type of asset"
34100084,029-0025,"Total value of construction work performed by type of construction, actual data"
34100085,029-0028,"Total value of construction work performed, new and repair, by type of construction, actual data"
34100086,029-0029,"Total value of construction work performed, new and repair, by type of construction and by selected industries, actual data"
34100087,029-0030,"Total value of construction work performed, new and repair, by type of construction and by residential and institutional services, actual data"
34100088,029-0031,"Total value of construction work performed, new and repair, by type of construction and by federal, provincial and municipal government departments, actual data"
34100089,029-0032,"Capital and repair expenditures on construction and machinery and equipment by sector, actual data"
34100090,029-0033,"Capital and repair expenditures on construction and machinery and equipment, by industry, actual data"
34100091,029-0034,"Capital and repair expenditures on construction and machinery and equipment, by industry and geography, actual data"
34100092,029-0035,"Capital and repair expenditures on construction and machinery and equipment, by type of investment, actual data"
34100093,029-0036,"Capital and repair expenditures on construction and machinery and equipment, by type of public investment, actual data"
34100095,026-0009,Maintenance and repair expenditures in housing
34100096,027-0002,"Canada Mortgage and Housing Corporation, housing starts, under construction and completions in centres 10,000 and over, Canada, provinces, and selected census metropolitan areas, seasonally adjusted"
34100097,027-0007,"Canada Mortgage and Housing Corporation, housing starts, all areas, seasonally adjusted at annual rates"
34100098,027-0010,"Canada Mortgage and Housing Corporation, newly completed and unoccupied housing in selected census metropolitan areas and large urban centres"
34100099,027-0014,"Canada Mortgage and Housing Corporation, mortgage loan approvals, existing properties"
34100100,027-0016,"Canada Mortgage and Housing Corporation, mortgage loan approvals, new properties"
34100101,027-0017,"Canada Mortgage and Housing Corporation, mortgage loan approvals, new residential construction and existing residential properties"
34100102,027-0019,"Canada Mortgage and Housing Corporation, preliminary housing starts, all areas, seasonally adjusted at annual rates"
34100103,027-0021,"Canada Mortgage and Housing Corporation, housing starts, under construction and completions in urban centres of 10,000 and over, seasonally adjusted at annual rates, monthly"
34100104,027-0022,"Canada Mortgage and Housing Corporation, housing starts, under construction and completions in urban centres of 10,000 and over, seasonally adjusted at annual rates, quarterly"
34100105,027-0023,"Canada Mortgage and Housing Corporation, newly completed and unoccupied housing in census metropolitan areas, large urban centres and urban agglomerations, 1986 census area definitions"
34100106,027-0024,"Canada Mortgage and Housing Corporation, newly completed and unoccupied housing in census metropolitan areas, large urban centres and urban agglomerations, 1981 census area definitions"
34100107,027-0025,"Canada Mortgage and Housing Corporation, newly completed and unoccupied housing in census metropolitan areas, large urban centres and urban agglomerations, 1976 census area definitions"
34100108,027-0026,"Canada Mortgage and Housing Corporation, newly completed and unoccupied housing in census metropolitan areas, large urban centres and urban agglomerations, 1971 census area definitions"
34100109,027-0027,"Canada Mortgage and Housing Corporation, vacancy rates, apartment structures of six units and over, privately initiated in census metropolitan areas (1988 - 1995)"
34100110,027-0028,"Canada Mortgage and Housing Corporation, vacancy rates, apartment structures of six units and over, privately initiated in census metropolitan areas (1971 - 1987)"
34100111,027-0029,"Canada Mortgage and Housing Corporation, vacancy rates, apartment structures of six units and over, privately initiated in urban centres of 50,000 and over (1992 - 1995)"
34100112,027-0030,"Canada Mortgage and Housing Corporation, vacancy rates, apartment structures of six units and over, privately initiated in urban centres of 50,000 and over (1988 - 1992)"
34100113,027-0031,"Canada Mortgage and Housing Corporation, vacancy rates, apartment structures of six units and over, privately initiated in urban centres of 50,000 and over (1974 - 1987)"
34100114,027-0032,"Canada Mortgage and Housing Corporation, vacancy rates, apartment structures of six units and over, privately initiated in urban centres of 10,000 to 49,999 (1992 - 1995)"
34100115,027-0033,"Canada Mortgage and Housing Corporation, vacancy rates, apartment structures of six units and over, privately initiated in urban centres of 10,000 to 49,999 (1988 - 1992)"
34100116,451-0004,"United States construction, seasonally adjusted at annual rates"
34100117,451-0014,"United States plant and equipment expenditures, seasonally adjusted at annual rates"
34100118,034-0001,"Construction industries, revenues and expenses, principal statistics by North American Industry Classification System (NAICS)"
34100120,,"Inventory of municipally owned bridge and tunnel assets, by urban and rural, and population size, Infrastructure Canada, inactive"
34100121,030-0001,"Housing stock, dwelling units by type of dwelling and tenure"
34100122,030-0002,Flows and stocks of fixed residential capital
34100123,033-0001,Goods and Services Tax (GST) and Harmonized Sales Tax (HST) new housing rebate statistics
34100124,033-0002,"Goods and Services Tax (GST) and Harmonized Sales Tax (HST) average fair market value, by type of builder"
34100125,027-0006,"Canada Mortgage and Housing Corporation, housing starts, under construction and completions in large urban areas, annual"
34100127,027-0011,"Canada Mortgage and Housing Corporation, vacancy rates, apartment structures of six units and over, privately initiated in census metropolitan areas"
34100128,027-0012,"Canada Mortgage and Housing Corporation, vacancy rates, apartment structures of six units and over, privately initiated in urban centres of 50,000 and over"
34100129,027-0013,"Canada Mortgage and Housing Corporation, vacancy rates, apartment structures of six units and over, privately initiated in urban centres of 10,000 to 49,999"
34100130,027-0035,"Canada Mortgage and Housing Corporation, vacancy rates, row and apartment structures of three units and over, privately initiated in census metropolitan areas, weighted average"
34100131,027-0036,"Canada Mortgage and Housing Corporation, vacancy rates, row and apartment structures of three units and over, privately initiated in census agglomerations of 50,000 and over, weighted average"
34100132,027-0037,"Canada Mortgage and Housing Corporation, vacancy rates, row and apartment structures of three units and over, privately initiated in census agglomerations of 10,000 to 49,999 and cities, weighted average"
34100133,027-0040,"Canada Mortgage and Housing Corporation, average rents for areas with a population of 10,000 and over"
34100134,027-0049,"Canada Mortgage and Housing Corporation, housing starts, under construction and completions in selected census metropolitan areas, annual"
34100136,027-0044,"Canada Mortgage and Housing Corporation, housing starts, under construction and completions in all centres of 10,000 and over for Canada and provinces"
34100137,027-0045,"Canada Mortgage and Housing Corporation, housing starts, by type of dwelling unit and market type in all centres of 10,000 and over for Canada and provinces"
34100138,027-0046,"Canada Mortgage and Housing Corporation, housing starts, under construction and completions in census agglomerations of 10,000 to 49,999"
34100139,027-0047,"Canada Mortgage and Housing Corporation, housing under construction in all centres 10,000 and over for Canada, provinces and selected census metropolitan areas"
34100140,027-0052,"Canada Mortgage and Housing Corporation, housing starts in all centres 10,000 and over, Canada, provinces, and census metropolitan areas, seasonally adjusted at annual rates, quarterly"
34100141,027-0055,"Canada Mortgage and Housing Corporation, housing starts, all areas, Canada and provinces, seasonally adjusted at annual rates, quarterly"
34100142,027-0058,"Canada Mortgage and Housing Corporation, housing starts, all rural areas, Canada and provinces, seasonally adjusted at annual rates, quarterly"
34100144,,"Inventory of publicly owned bridge and tunnel assets by year of completed construction, Infrastructure Canada, inactive"
34100145,027-0015,"Canada Mortgage and Housing Corporation, conventional mortgage lending rate, 5-year term"
34100148,027-0034,"Canada Mortgage and Housing Corporation, housing starts, by type of dwelling and market type in centres 10,000 and over, Canada, provinces, census metropolitan areas and large census agglomerations"
34100149,027-0038,"Canada Mortgage and Housing Corporation, absorptions and unabsorbed inventory, newly completed dwellings, by type of dwelling unit in census metropolitan areas"
34100150,027-0039,"Canada Mortgage and Housing Corporation, absorptions and unabsorbed inventory, newly completed dwellings, by type of dwelling unit in census agglomerations of 50,000 and over"
34100151,027-0041,"Canada Mortgage and Housing Corporation, housing starts, under construction and completions in all centres of 50,000 and over for Canada and provinces"
34100152,027-0042,"Canada Mortgage and Housing Corporation, housing starts, by type of dwelling unit and market type in all centres of 50,000 and over for Canada and provinces"
34100153,027-0043,"Canada Mortgage and Housing Corporation, housing under construction in all centres 50,000 and over for Canada, provinces and selected census metropolitan areas"
34100154,027-0048,"Canada Mortgage and Housing Corporation, housing starts, under construction and completions in selected census metropolitan areas, monthly"
34100155,027-0050,"Canada Mortgage and Housing Corporation, housing starts, under construction and completions in census agglomerations of 50,000 and over, monthly"
34100156,027-0051,"Canada Mortgage and Housing Corporation, housing starts in all centres 10,000 and over, Canada, provinces, and census metropolitan areas, seasonally adjusted at annual rates, monthly"
34100157,027-0053,"Canada Mortgage and Housing Corporation, housing starts in all centres 10,000 and over, Canada, provinces, and census metropolitan areas, 6-month moving average"
34100158,027-0054,"Canada Mortgage and Housing Corporation, housing starts, all areas, Canada and provinces, seasonally adjusted at annual rates, monthly"
34100159,027-0056,"Canada Mortgage and Housing Corporation, housing starts, all areas, Canada and provinces, 6-month moving average"
34100160,027-0057,"Canada Mortgage and Housing Corporation, housing starts, all rural areas, Canada and provinces, seasonally adjusted at annual rates, monthly"
34100161,027-0059,"Canada Mortgage and Housing Corporation, housing starts, all rural areas, Canada and provinces, 6-month moving average"
34100162,027-0060,"Canada Mortgage and Housing Corporation, newly completed and unoccupied housing in selected census metropolitan areas and census agglomerations of 50,000 and over"
34100163,031-0009,"Flows and stocks of fixed non-residential and residential capital, by sector and asset, provincial and territorial"
34100164,361-0067,"Spectator sports, sales and service revenue by type of service"
34100165,,"Inventory of publicly owned bridge and tunnel assets by year of completed construction, urban and rural, and population size, Infrastructure Canada, inactive"
34100166,031-0010,"Average age measures of non-residential capital stock by industry, by asset, Canada, provinces and territories"
34100167,,"Inventory distribution of publicly owned bridge and tunnel assets by physical condition rating, Infrastructure Canada, inactive"
34100168,,"Inventory distribution of municipally owned bridge and tunnel assets by physical condition rating, urban and rural, and population size, Infrastructure Canada, inactive"
34100169,,"Average expected useful life of new publicly owned bridge and tunnel assets, Infrastructure Canada"
34100170,,"Average expected useful life of new municipally owned bridge and tunnel assets, Infrastructure Canada"
34100171,,"Asset management practices for publicly owned bridge and tunnel assets, Infrastructure Canada, inactive"
34100172,,"Asset management practices for municipally owned bridge and tunnel assets, by urban and rural, and population size, Infrastructure Canada, inactive"
34100173,,"Information system(s) usage for management of publicly owned bridge and tunnel assets, Infrastructure Canada, inactive"
34100174,,"Information system(s) used for management of municipally owned bridge and tunnel assets, by urban and rural, and population size, Infrastructure Canada, inactive"
34100175,,"Investment in Building Construction, inactive"
34100176,,"Inventory of publicly owned road assets, Infrastructure Canada, inactive"
34100177,,"Inventory of municipally owned road assets, by urban and rural, and population size, Infrastructure Canada, inactive"
34100178,,"Inventory of publicly owned culture, recreation and sport facilities by year of completed construction, Infrastructure Canada, inactive"
34100179,,"Inventory of publicly owned culture, recreation and sport facilities by year of completed construction, urban and rural, and population size, Infrastructure Canada, inactive"
34100180,,"Inventory distribution of publicly owned culture, recreation and sport facilities by physical condition rating, Infrastructure Canada, inactive"
34100181,,"Inventory distribution of municipally owned culture, recreation and sport facilities by physical condition rating, urban and rural, and population size, Infrastructure Canada, inactive"
34100182,,"Average expected useful life of new publicly owned culture, recreation and sport facilities, Infrastructure Canada"
34100183,,"Average expected useful life of new municipally owned culture, recreation and sport facilities, by urban and rural, and population size, Infrastructure Canada"
34100184,,"Asset management practices for publicly owned culture, recreation and sport facilities, Infrastructure Canada, inactive"
34100185,,"Asset management practices for municipally owned culture, recreation and sport facilities, by urban and rural, and population size, Infrastructure Canada, inactive"
34100186,,"Information system(s) usage for management of publicly owned culture, recreation and sport facilities, Infrastructure Canada, inactive"
34100187,,"Information system(s) used for management for municipally owned culture, recreation and sport facilities, by urban and rural, and population size, Infrastructure Canada, inactive"
34100188,,"Inventory of publicly owned culture, recreation and sport facilities grouped, Infrastructure Canada"
34100189,,"Inventory of publicly owned culture, recreation and sport facilities grouped, by urban and rural, and population size, Infrastructure Canada"
34100190,,"Percentage of publicly owned culture, recreation and sport facilities which allow accessibility, Infrastructure Canada"
34100191,,"Percentage of publicly owned culture, recreation and sport facilities which allow accessibility, by urban and rural, and by population size, Infrastructure Canada"
34100192,,"Inventory of publicly owned potable water assets, Infrastructure Canada, inactive"
34100193,,"Inventory of municipally owned potable water assets, by urban and rural, and population size, Infrastructure Canada, inactive"
34100194,,"Inventory of publicly owned potable water assets by year of completed construction, Infrastructure Canada, inactive"
34100195,,"Inventory of publicly owned potable water assets by year of completed construction, urban and rural, and population size, Infrastructure Canada, inactive"
34100196,,"Inventory distribution of publicly owned potable water assets by physical condition rating, Infrastructure Canada, inactive"
34100197,,"Inventory distribution of municipally owned potable water assets by physical condition rating, urban and rural, and population size, Infrastructure Canada, inactive"
34100198,,"Average expected useful life of new publicly owned potable water assets, Infrastructure Canada"
34100199,,"Average expected useful life of new municipally owned potable water assets, by urban and rural, and population size, Infrastructure Canada"
34100200,,"Asset management practices for publicly owned potable water assets, Infrastructure Canada, inactive"
34100201,,"Asset management practices for municipally owned potable water assets, by urban and rural, and population size, Infrastructure Canada, inactive"
34100202,,"Information system(s) usage for management of publicly owned potable water assets, Infrastructure Canada, inactive"
34100203,,"Information system(s) used for management for municipally owned potable water assets, by urban and rural, and population size, Infrastructure Canada, inactive"
34100204,,"Public owners of potable water assets by drinking water advisories issued, Infrastructure Canada"
34100205,,"Municipal owners of potable water assets by drinking water advisories issued, urban and rural, and population size, Infrastructure Canada"
34100206,,"Public owners of potable water assets by precautionary drinking water advisories issued, Infrastructure Canada"
34100207,,"Municipal owners of potable water assets by precautionary drinking water advisories issued, urban and rural, and population size, Infrastructure Canada"
34100208,,"Public owners of potable water assets by drinking water advisories that exceeded 15 days, Infrastructure Canada"
34100209,,"Municipal owners of potable water assets by drinking water advisories that exceeded 15 days, urban and rural, and population size, Infrastructure Canada"
34100210,,"Inventory of publicly owned stormwater assets, Infrastructure Canada, inactive"
34100211,,"Inventory of municipally owned stormwater assets, by urban and rural, and population size, Infrastructure Canada, inactive"
34100212,,"Inventory of publicly owned stormwater assets by year of completed construction, Infrastructure Canada, inactive"
34100213,,"Inventory of municipally owned storm water assets by year of completed construction, urban and rural, and population size, Infrastructure Canada, inactive"
34100214,,"Inventory distribution of publicly owned stormwater assets by physical condition rating, Infrastructure Canada, inactive"
34100215,,"Inventory distribution of municipally owned stormwater assets by physical condition rating, urban and rural, and population size, Infrastructure Canada, inactive"
34100216,,"Average expected useful life of new publicly owned stormwater assets, Infrastructure Canada"
34100217,,"Average expected useful life of new municipally owned stormwater assets, by urban and rural, and population size, Infrastructure Canada"
34100218,,"Asset management practices for publicly owned stormwater assets, Infrastructure Canada, inactive"
34100219,,"Asset management practices for municipally owned stormwater assets, by urban and rural, and population size, Infrastructure Canada, inactive"
34100220,,"Information system(s) usage for management of publicly owned stormwater assets, Infrastructure Canada, inactive"
34100221,,"Information system(s) used for management for municipally owned stormwater assets, by urban and rural, and population size, Infrastructure Canada, inactive"
34100222,,"Inventory of publicly owned wastewater assets, Infrastructure Canada, inactive"
34100223,,"Inventory of municipally owned wastewater assets, by urban and rural, and population size, Infrastructure Canada, inactive"
34100224,,"Inventory of publicly owned wastewater assets by year of completed construction, Infrastructure Canada, inactive"
34100225,,"Inventory of publicly owned wastewater assets by year of completed construction, urban and rural, and population size, Infrastructure Canada, inactive"
34100226,,"Inventory distribution of publicly owned wastewater assets by physical condition rating, Infrastructure Canada, inactive"
34100227,,"Inventory distribution of municipally owned wastewater assets by physical condition rating, urban and rural, and population size, Infrastructure Canada, inactive"
34100228,,"Average expected useful life of new publicly owned wastewater assets, Infrastructure Canada"
34100229,,"Average expected useful life of new municipally owned wastewater assets, by urban and rural, and population size, Infrastructure Canada"
34100230,,"Asset management practices for publicly owned wastewater assets, Infrastructure Canada, inactive"
34100231,,"Asset management practices for municipally owned wastewater assets, by urban and rural, and population size, Infrastructure Canada, inactive"
34100232,,"Information system(s) usage for management of publicly owned wastewater assets, Infrastructure Canada, inactive"
34100233,,"Information system(s) used for management for municipally owned wastewater assets, by urban and rural, and population size, Infrastructure Canada, inactive"
34100234,,"Public owners whose wastewater system needs to be upgraded to meet effluent quality standards of the Federal Wastewater Systems Effluent Regulations, Infrastructure Canada, inactive"
34100235,,Public owners whose wastewater system needs to be upgraded to meet effluent quality standards of the Federal Wastewater Systems Effluent Regulations
34100236,,"Inventory of publicly owned solid waste assets, Infrastructure Canada, inactive"
34100237,,"Inventory of municipally owned solid waste assets, by urban and rural, and population size, Infrastructure Canada, inactive"
34100238,,"Inventory of publicly owned solid waste assets by year of completed construction, Infrastructure Canada, inactive"
34100239,,"Inventory of publicly owned solid waste assets by year of completed construction, urban and rural, and population size, Infrastructure Canada, inactive"
34100240,,"Inventory distribution of publicly owned solid waste assets by physical condition rating, Infrastructure Canada, inactive"
34100241,,"Inventory distribution of municipally owned solid waste assets by physical condition rating, urban and rural, and population size, Infrastructure Canada, inactive"
34100242,,"Average expected useful life of new publicly owned solid waste assets, Infrastructure Canada"
34100243,,"Average expected useful life of new municipally owned solid waste assets, by urban and rural, and population size, Infrastructure Canada"
34100244,,"Asset management practices for publicly owned solid waste assets, Infrastructure Canada, inactive"
34100245,,"Asset management practices for municipally owned solid waste assets, by urban and rural, and population size, Infrastructure Canada, inactive"
34100246,,"Information system(s) usage for management of publicly owned solid waste assets, Infrastructure Canada, inactive"
34100247,,"Information system(s) used for management for municipally owned solid waste assets, by urban and rural, and population size, Infrastructure Canada, inactive"
34100248,,"Inventory of publicly owned public transit assets, Infrastructure Canada, inactive"
34100249,,"Inventory of municipally owned public transit assets, by urban and rural, and population size, Infrastructure Canada, inactive"
34100250,,"Inventory of publicly owned public transit assets by year of completed construction or purchase, Infrastructure Canada, inactive"
34100251,,"Inventory of publicly owned public transit assets by year of completed construction or purchase, urban and rural, and population size, inactive"
34100252,,"Inventory distribution of publicly owned public transit assets by physical condition rating, Infrastructure Canada, inactive"
34100253,,"Inventory distribution of municipally owned public transit assets by physical condition rating, urban and rural, and population size, Infrastructure Canada, inactive"
34100254,,"Average expected useful life of new publicly owned public transit assets, Infrastructure Canada"
34100255,,"Average expected useful life of new municipally owned public transit assets, by urban and rural, and population size, Infrastructure Canada"
34100256,,"Asset management practices for publicly owned public transit assets, Infrastructure Canada, inactive"
34100257,,"Asset management practices for municipally owned public transit assets, by urban and rural, and population size, Infrastructure Canada, inactive"
34100258,,"Information system(s) usage for management of publicly owned public transit assets, Infrastructure Canada, inactive"
34100259,,"Information system(s) used for management for municipally owned public transit assets, by urban and rural, and population size, Infrastructure Canada, inactive"
34100260,,"Public ownership of core infrastructure assets, Infrastructure Canada, inactive"
34100261,,"Municipal ownership of core infrastructure assets, by urban and rural, and population size, Infrastructure Canada, inactive"
34100262,,"Percentage of publicly owned public transit rolling stock assets which allow for accessibility, Infrastructure Canada"
34100263,,"Percentage of municipally owned public transit rolling stock assets which allow for accessibility, by urban and rural, and population size, Infrastructure Canada"
34100264,,Percentage of publicly owned public transit facilities that are accessible
34100265,,"Percentage of municipally owned public transit facilities that are accessible, by urban and rural, and population size"
34100266,,"Number of public organizations that have a documented asset management plan, Infrastructure Canada"
34100267,,"Number of municipal organizations that have a documented asset management plan, by urban and rural, and population size, Infrastructure Canada"
34100268,,"Public organizations with a documented asset management plan, by core infrastructure assets, Infrastructure Canada, inactive"
34100269,,"Municipal organizations with a documented asset management plan, by core infrastructure assets, by urban and rural, and population size, Infrastructure Canada, inactive"
34100270,,"Asset management practices for publicly owned core infrastructure assets, inactive"
34100271,,"Asset management practices for municipally owned core infrastructure assets, urban and rural, and population size, inactive"
34100272,,"Documented asset management plan implementation time by public organizations, Infrastructure Canada"
34100273,,"Documented asset management plan implementation time by municipal organizations, by urban and rural, and population size, Infrastructure Canada"
34100274,,"Information system(s) usage for management of publicly owned core infrastructure assets, Infrastructure Canada"
34100275,,"Information system(s) usage for management of municipally owned core infrastructure assets, by urban and rural, and population size, Infrastructure Canada"
34100276,,"Count of public organizations who factored climate change adaptation into their decision-making process, by core public infrastructure assets, Infrastructure Canada, inactive"
34100277,,"Count of municipal organization who factored climate change adaptation into decision-making process, by core infrastructure assets, by urban and rural, and population size, Infrastructure Canada, inactive"
34100278,,"Historical (real time) releases of capital and repair expenditures, non-residential tangible assets, by industry and geography"
34100279,,"Historical (real time) releases of capital and repair expenditures, non-residential tangible assets, by industry, Canada"
34100280,,"Capital expenditures, infrastructure assets, by ownership"
34100281,,"Capital expenditures, infrastructure assets, by ownership and geography"
34100282,,"Capital expenditures, sources of funding, by geography"
34100284,,"Estimated replacement value of core public infrastructure assets, by physical condition rating"
34100285,,"Building permits, by type of structure and type of work"
34100286,,Investment in building construction
34100287,,Inventory of core public infrastructure assets
34100288,,Inventory distribution of core public infrastructure assets by physical condition rating
34100289,,Inventory of core public infrastructure assets by year of completed construction
34100290,,Asset management practices of core public infrastructure
35100001,252-0095,"Police-reported cybercrime, by cyber-related violation, Canada (selected police services)"
35100002,252-0096,"Police-reported cybercrime, number of incidents and rate per 100,000 population, Canada, provinces, territories, Census Metropolitan Areas and Canadian Forces Military Police"
35100003,251-0008,Average counts of young persons in provincial and territorial correctional services
35100004,251-0009,"Youth commencing correctional services, by initial entry status"
35100005,251-0010,Youth admissions to correctional services
35100006,251-0011,"Youth admissions to correctional services, by age and sex"
35100007,251-0012,"Youth admissions to correctional services, by Indigenous identity and sex"
35100008,251-0014,"Youth admissions to secure and open custody, by sentence length ordered and sex"
35100009,251-0015,"Youth releases from correctional services, by length of time served and sex"
35100011,251-0013,"Youth admissions to correctional services, by most serious offence"
35100012,251-0017,"Youth releases from pre-trial detention, by length of time served and sex"
35100013,251-0018,Operating expenditures for adult correctional services
35100014,251-0020,Adult admissions to correctional services
35100015,251-0021,Adult custody admissions to correctional services by sex
35100016,251-0022,Adult custody admissions to correctional services by Indigenous identity
35100017,251-0023,Adult custody admissions to correctional services by age group
35100018,251-0024,Adult sentenced custody admissions to correctional services by sex and sentence length ordered
35100019,251-0025,Adult admissions to community services by sex
35100020,251-0026,Adult admissions to community services by Indigenous identity
35100021,251-0027,Adult admissions to community services by age group
35100022,251-0028,Adult admissions to federal correctional services
35100023,251-0029,Adult probation admissions to community services by aggregate probation length ordered
35100024,251-0030,Adult releases from correctional services by sex and aggregate time served
35100026,252-0052,"Crime severity index and weighted clearance rates, Canada, provinces, territories and Census Metropolitan Areas"
35100027,252-0053,"Adult criminal courts, number of cases and charges by type of decision"
35100028,252-0054,"Adult criminal courts, cases by length of elapsed time"
35100029,252-0055,"Adult criminal courts, cases by median elapsed time in days"
35100030,252-0056,"Adult criminal courts, guilty cases by type of sentence"
35100031,252-0057,"Adult criminal courts, guilty cases by most serious sentence"
35100032,252-0058,"Adult criminal courts, guilty cases by length of custody"
35100033,252-0059,"Adult criminal courts, guilty cases by mean and median length of custody"
35100034,252-0060,"Adult criminal courts, guilty cases by length of probation"
35100035,252-0061,"Adult criminal courts, guilty cases by mean and median length of probation"
35100036,252-0062,"Adult criminal courts, guilty cases by amount of fine"
35100037,252-0063,"Adult criminal courts, guilty cases by mean and median amount of fine"
35100038,252-0064,"Youth courts, number of cases and charges by type of decision"
35100039,252-0065,"Youth courts, cases by length of elapsed time"
35100040,252-0066,"Youth courts, cases by median elapsed time in days"
35100041,252-0067,"Youth courts, guilty cases by type of sentence"
35100042,252-0068,"Youth courts, guilty cases by most serious sentence"
35100043,252-0069,"Youth courts, guilty cases by length of custody"
35100044,252-0070,"Youth courts, guilty cases by mean and median length of custody"
35100045,252-0071,"Youth courts, guilty cases by length of probation"
35100046,252-0072,"Youth courts, guilty cases by mean and median length of probation"
35100047,252-0073,"Youth courts, guilty cases by amount of fine"
35100048,252-0074,"Youth courts, guilty cases by mean and median amount of fine"
35100052,,"Annual admissions (number, percent) to residential facilities for victims of abuse, by resident type and area density"
35100053,,"One day snapshot of residents (number, percent) in residential facilities for victims of abuse, by reason for seeking shelter"
35100054,,"One day snapshot of women and accompanying children (number, percent) residing in residential facilities for victims of abuse compared with individuals living in Canada, by selected characteristics"
35100055,,"One day snapshot of women and accompanying children (number, percent, rate per 100,000) residing in residential facilities for victims of abuse, by age group"
35100056,,"One day snapshot of women (percent) residing in residential facilities for victims of abuse, by type of abuse experienced"
35100057,,"One day snapshot of women (number, percent) residing in residential facilities for victims of abuse, by relationship of abuser to the adult female"
35100058,,Percent of residential facilities for victims of abuse offering selected services
35100059,,"Police services expenditures, by detailed expenditures"
35100060,,"Number of homicide victims and persons accused of homicide, by Indigenous identity, age group and gender"
35100061,252-0087,"Crime severity index and weighted clearance rates, police services in Saskatchewan"
35100062,,"Police-reported organized crime, by most serious violation, Canada (selected police services)"
35100063,252-0089,"Crime severity index and weighted clearance rates, police services in British Columbia"
35100064,252-0090,"Crime severity index and weighted clearance rates, police services in the Territories"
35100065,252-0091,"Police-reported hate crime, by police service"
35100066,252-0092,"Police-reported hate crime, by type of motivation, selected regions and Canada (selected police services)"
35100067,252-0093,"Police-reported hate crime, by most serious violation, selected regions and Canada (selected police services)"
35100068,253-0001,"Number, rate and percentage changes in rates of homicide victims"
35100069,253-0002,"Number of homicide victims, by method used to commit the homicide"
35100070,253-0003,"Number of homicide victims and persons accused of homicide, by age group and sex, inactive"
35100071,253-0004,"Number and rate of homicide victims, by Census Metropolitan Areas"
35100072,253-0005,"Number and percentage of homicide victims, by type of firearm used to commit the homicide, inactive"
35100073,253-0006,"Number of victims of solved homicides, by type of accused-victim relationship"
35100074,253-0007,Number of victims of spousal homicide
35100075,253-0008,"Number, percentage and rate of gang-related homicide victims"
35100076,254-0002,Police personnel and selected crime statistics
35100077,254-0004,"Police personnel and selected crime statistics, municipal police services"
35100078,254-0005,"Police personnel by detailed rank, duties and gender"
35100079,254-0006,"Police personnel by gender, municipal police services"
35100080,256-0013,"Admissions of women and children to shelters, by type of shelter"
35100081,256-0014,"Women residing in shelters, by type of shelter and reasons of abuse"
35100082,256-0015,"Abused women residing in shelters with or without their children, by type of shelter"
35100083,256-0017,Women residing in shelters because of spousal abuse
35100084,256-0018,Victim service agencies by type of agency
35100085,256-0019,"Number of clients assisted by victim service agencies, by type of victim service agency"
35100086,256-0020,"Types of services offered directly by victim service agencies, by type of victim service agency"
35100087,256-0021,"Number of clients assisted by victim service agencies, by type of victimization and sex"
35100088,258-0001,Legal aid plan revenues by type of revenue
35100089,258-0004,Legal aid service delivery by type of lawyer
35100090,258-0005,Federal government contributions to provinces and territories for legal aid
35100091,258-0006,Provincial and territorial government contributions to legal aid plans
35100092,258-0007,Legal aid plan expenditures by type of expenditure
35100093,258-0008,"Legal aid plan direct legal service expenditures, by staff and private lawyers and type of matter"
35100094,258-0009,"Legal aid applications, by type of matter"
35100095,258-0010,"Approved legal aid applications, by staff and private lawyers and type of matter"
35100096,258-0011,"Refused legal aid applications, by reason for refusal and type of matter"
35100097,258-0012,Legal aid plan personnel as of March 31
35100098,258-0013,"Duty counsel services, by type of matter"
35100099,258-0014,"Appeals, approved and refused for legal aid services, by type of matter"
35100100,258-0015,Incoming civil legal aid cases processed under the interprovincial reciprocity agreement
35100101,258-0016,Outgoing civil legal aid cases processed under the interprovincial reciprocity agreement
35100102,259-0001,"Maintenance enforcement programs, by annual caseload, Canada and selected provinces and territories"
35100103,259-0002,"Maintenance enforcement programs, number of child beneficiaries by age of children, Canada and selected provinces and territories"
35100104,259-0003,"Maintenance enforcement programs, cases enrolled, by order authority, type of beneficiary and regular amount due in March, Canada and selected provinces and territories"
35100105,259-0004,"Maintenance enforcement programs, cases enrolled, by compliance with regular and total payments, arrears status and assignment status at March 31, Canada and selected provinces and territories"
35100106,259-0005,"Maintenance enforcement programs, payment collection rates, by type of beneficiary and interjurisdictional support order status, Canada and selected provinces and territories"
35100107,259-0006,"Maintenance enforcement programs, cases enrolled, by type of beneficiary, interjurisdictional support order status and regularity of compliance, Canada and selected provinces and territories"
35100108,259-0007,"Maintenance enforcement programs, cases enrolled, by amount of regular payment due in March, age of payor and arrears status, Canada and selected provinces and territories"
35100109,259-0008,"Maintenance enforcement programs, enrolled cases with arrears at March 31, by type of beneficiary and amount of arrears owing, Canada and selected provinces and territories"
35100110,259-0009,"Maintenance enforcement programs, cases enrolled for the entire fiscal year, by change in arrears status, Canada and selected provinces and territories"
35100111,259-0010,"Maintenance enforcement programs, by type of enforcement action and fiscal year quarter, Canada and selected provinces and territories"
35100112,259-0011,"Civil court cases, by level of court and type of case, Canada and selected provinces and territories"
35100113,259-0012,"Active family cases by issue(s) identified over length of case and number of fiscal years since case initiation, Canada and selected provinces and territories"
35100114,259-0013,"General civil court cases, by type of action, Canada and selected provinces and territories"
35100115,259-0014,"Number of events in active civil court cases, by type of event, Canada and selected provinces and territories"
35100116,259-0015,"Active civil court cases, by elapsed time from case initiation to first disposition, Canada and selected provinces and territories"
35100117,259-0016,"Inactive civil court cases, by number of fiscal years since case initiation, Canada and selected provinces and territories"
35100118,251-0016,"Youth admissions to community services, by sentence length ordered and sex"
35100119,,"Number and rate of victims of solved homicides, by gender, Indigenous identity and type of accused-victim relationship"
35100120,,Incidents of self-reported violent victimization that were reported to police in the past 12 months by sex of victim
35100121,,"Maintenance enforcement programs, payment collection rates, by type of beneficiary and sex of payor"
35100122,,"Maintenance enforcement programs, payment collection rates, by age of payor and sex of payor"
35100123,,"Maintenance enforcement programs, payment collection rates, by sex of payor"
35100124,,"Court workload indicators, adult criminal courts, by caseload and age of cases"
35100125,,"Number and rate (per 100,000 population) of homicide victims, by Indigenous identity and gender"
35100126,,"Number of homicide victims, by Indigenous identity and missing person status"
35100127,,"Number of homicide victims, by Indigenous identity and location of homicide"
35100128,251-0002,"Adult correctional services, admissions to provincial and territorial programs"
35100129,251-0003,"Adult correctional services, admissions to federal programs"
35100130,251-0007,"Adult correctional services, operating expenditures for provincial, territorial and federal programs"
35100131,252-0001,"Crimes, by actual offences"
35100132,,"Police-reported hate crime, by type of motivation, number of incidents and year to date total, preliminary quarterly data, Canada and regions"
35100133,252-0013,"Crime statistics, by detailed offences"
35100134,252-0014,"Adult and youth charged, by detailed offences"
35100135,254-0001,Number of police officers
35100136,254-0003,"Number and percentage of police officers, by sex for Canada, provinces and territories"
35100137,256-0001,"Number of shelters operating and responding to the transition home survey, by area of service"
35100138,256-0002,"Number of shelters operating and responding to transition home survey, by facility type"
35100139,256-0003,"In-house services provided by shelters to children residents, ex-residents and non-residents"
35100140,256-0004,"Reason(s) for admission to shelters of women residents, snapshot day"
35100141,256-0005,"Number of women and children residing in shelters, by reason(s) of admission and facility type, snapshot day"
35100142,256-0006,"Number of women and children residing in shelters, by reason of admission, snapshot day"
35100143,256-0007,In-house services provided by shelters to women
35100144,256-0008,"Characteristics of abused women and their children residing in shelters, snapshot day"
35100145,256-0009,"Involvement of the criminal justice system, snapshot day, (women unless otherwise noted)"
35100146,256-0010,"Rate of women admitted for reasons of abuse per 100,000 adult women in the population, snapshot day"
35100147,256-0011,"Requests for services received by shelters from ex-residents and non-residents, snapshot day"
35100148,256-0012,Annual admissions to shelters
35100149,256-0016,"Transition home survey, changes in type of shelters over time"
35100150,258-0002,"Legal aid plan expenditures, by type of expenditure, 1983/1984 - 2011/2012"
35100151,258-0003,"Legal aid applications, by status of applications and type of matter"
35100152,255-0001,"Actual traffic offences reported, by type of offence, Canada, provinces and 12 selected police metropolitan areas"
35100153,,"Police-reported cybercrime, by cyber-related violation, number of incidents and year to date total, preliminary quarterly data, Canada and regions"
35100154,251-0005,Average counts of adults in provincial and territorial correctional programs
35100155,251-0006,"Average counts of offenders in federal programs, Canada and regions"
35100156,253-0009,"Number, percentage and rate of homicide victims, by gender and Indigenous identity"
35100157,253-0010,"Number, percentage and rate of persons accused of homicide, by gender and Indigenous identity"
35100158,116-0001,"Perception of job being done by local police in regard to enforcing the law, by sex, population aged 15 and over"
35100159,116-0002,"Perception of job being done by local police in regard to responding quickly to calls, by sex, population aged 15 and over"
35100160,116-0003,"Perception of job being done by local police in regard to being approachable and easy to talk to, by sex, population aged 15 and over"
35100161,116-0004,"Perception of job being done by local police in regard to supplying information to the public on ways to prevent crime, by sex, population aged 15 and over"
35100162,116-0005,"Perception of job being done by local police in regard to ensuring neighbourhood safety, by sex, population aged 15 and over"
35100163,116-0006,"Perception of job being done by local police in regard to treating people fairly, by sex, population aged 15 and over"
35100165,109-5009,"Adults and youths charged, by sex and offence category, Canada, provinces and territories"
35100166,,Self-reported sexual assault since age 15
35100167,,Self-reported physical and sexual abuse during childhood
35100168,,Self-reported violent victimization among Indigenous people
35100169,,Selected police-reported crime and calls for service during the COVID-19 pandemic
35100170,,"Number and percentage of homicide victims, by type of firearm used to commit the homicide"
35100171,,"Key indicators for preliminary quarterly data, adult criminal court and youth court, inactive"
35100172,,"Year-over-year percentage change, key indicators for preliminary quarterly data, adult criminal court and youth court"
35100173,,"Key indicator results and absolute change for annual data, adult criminal court and youth court"
35100174,,"Year-over-year and 10-year relative change of key indicators for annual data, adult criminal court and youth court"
35100175,,Monthly average counts of adults in federal and provincial/territorial custody
35100176,,"Key indicator results and absolute change for preliminary quarterly data, adult criminal court and youth court"
35100177,252-0051,"Incident-based crime statistics, by detailed violations, Canada, provinces, territories, Census Metropolitan Areas and Canadian Forces Military Police"
35100178,252-0075,"Incident-based crime statistics, by detailed violations, police services in the Atlantic provinces"
35100179,252-0076,"Incident-based crime statistics, by detailed violations, police services in Quebec"
35100180,252-0077,"Incident-based crime statistics, by detailed violations, police services in Ontario"
35100181,252-0078,"Incident-based crime statistics, by detailed violations, police services in Manitoba"
35100182,252-0079,"Incident-based crime statistics, by detailed violations, police services in Saskatchewan"
35100183,252-0080,"Incident-based crime statistics, by detailed violations, police services in Alberta"
35100184,252-0081,"Incident-based crime statistics, by detailed violations, police services in British Columbia"
35100185,252-0082,"Incident-based crime statistics, by detailed violations, police services in the Territories"
35100186,252-0083,"Crime severity index and weighted clearance rates, police services in the Atlantic provinces"
35100187,252-0084,"Crime severity index and weighted clearance rates, police services in Quebec"
35100188,252-0085,"Crime severity index and weighted clearance rates, police services in Ontario"
35100189,252-0086,"Crime severity index and weighted clearance rates, police services in Manitoba"
35100190,252-0088,"Crime severity index and weighted clearance rates, police services in Alberta"
35100191,252-0094,"Police-reported hate crime, number of incidents and rate per 100,000 population, Provinces, Territories, Census Metropolitan Areas and Canadian Forces Military Police"
35100192,260-0001,"Incident-based fire statistics, by type of fire incident and type of structure"
35100193,260-0002,"Incident-based fire statistics, by source of ignition and act or omission"
35100194,260-0003,"Fire-related deaths and persons injured, by cause of death or injury and reason for non-evacuation"
35100195,260-0004,"Fire-related deaths and persons injured, by type of structure"
35100196,260-0005,"Incident-based fire statistics, by performance of smoke alarm device, residential fires"
35100197,260-0006,"Incident-based fire statistics, by performance of sprinkler system, structural fires"
35100198,,Federally appointed judges by gender
35100203,,Admissions to adult corrections by visible minority group and sex
35100204,,"Admissions to youth corrections, by visible minority group and sex"
35100205,,"Intimate partner violence, since age 15 and in the past 12 months, by selected characteristics of victim"
35100206,,"Number, percentage and rate of homicide victims, by racialized identity group, gender and region"
35100207,,"Number, percentage and rate of persons accused of homicide, by racialized identity group, gender and region"
35100208,,"Number and rate of victims of solved homicides, by racialized identity group, gender and type of accused-victim relationship"
36100001,381-0037,"Symmetric input-output tables, detail level"
36100002,376-0012,"Balance of international payments, current account, investment income, by type and sector, annual"
36100003,376-0013,"Balance of international payments, current account, investment income, by type and sector, quarterly"
36100004,376-0031,"International transactions in services, travel by category and geographical area, annual"
36100005,376-0032,"International transactions in services, transportation by category, annual"
36100006,376-0033,"International transactions in services, commercial services by category, annual"
36100007,376-0036,"International transactions in services, by selected countries, annual"
36100008,376-0051,"International investment position, Canadian direct investment abroad and foreign direct investment in Canada, by country, annual"
36100009,376-0052,"International investment position, Canadian direct investment abroad and foreign direct investment in Canada, by North American Industry Classification System (NAICS) and region, annual"
36100010,378-0012,"Financial indicators, persons and unincorporated businesses, quarterly, 1990 - 2012"
36100011,376-0060,Foreign affiliate statistics by industry
36100012,376-0061,Foreign affiliate statistics by country
36100013,,"Input-output multipliers, summary level"
36100014,376-0101,"Balance of international payments, current account and capital account, annual"
36100015,378-0013,"Financial indicators, corporations and government business enterprises, quarterly, 1990 - 2012"
36100016,376-0103,"Balance of international payments, current account and capital account, quarterly"
36100017,378-0014,"Financial indicators, government, quarterly, 1990 - 2012"
36100018,376-0105,"Balance of international payments, current account, seasonally adjusted, quarterly"
36100019,376-0106,"Balance of international payments, current account, goods, quarterly"
36100020,376-0107,"Balance of international payments, current account, goods, annual"
36100021,376-0108,"International transactions in services, by category, quarterly"
36100022,376-0109,"International transactions in services, commercial services, by North American Industry Classification System (NAICS), annual"
36100023,376-0110,"Balance of international payments, current account, goods by principal trading partners, quarterly"
36100024,376-0111,"Balance of international payments, current account, services by principal trading partners, quarterly, inactive"
36100025,376-0121,"Balance of international payments, flows of Canadian direct investment abroad and foreign direct investment in Canada, quarterly"
36100026,376-0122,"Balance of international payments, flows of Canadian direct investment abroad and foreign direct investment in Canada, by North American Industry Classification System (NAICS), quarterly"
36100027,376-0124,"Balance of international payments, Canadian chartered bank transactions in assets and liabilities booked in Canada with non-residents, quarterly"
36100028,376-0131,"International transactions in securities, portfolio transactions in Canadian and foreign securities, by type of instrument and issuer, monthly"
36100029,376-0132,"International transactions in securities, portfolio transactions in Canadian and foreign securities, by type of instrument and issuer, quarterly"
36100030,376-0133,"International transactions in securities, portfolio transactions in Canadian and foreign securities, by geographic area, monthly"
36100031,376-0134,"International transactions in securities, portfolio transactions in Canadian bonds, by type of issuer and transaction, monthly"
36100032,376-0135,"International transactions in securities, portfolio transactions in Canadian bonds, by currency of issue and type of transaction, monthly"
36100033,376-0136,"International transactions in securities, portfolio transactions in Canadian equity and investment fund shares, by type of transaction, monthly"
36100034,376-0137,"International transactions in securities, portfolio transactions in foreign bonds, by currency of issue, monthly"
36100035,376-0138,"International transactions in securities, loans under repurchase agreements, assets and liabilities, by type of instrument, monthly"
36100036,378-0015,"National financial accounts, quarterly, 1961 - 2012"
36100037,378-0016,"Financial market summary, seasonally adjusted at annual rates, quarterly, 1961 - 2012"
36100038,376-0143,"International investment position, portfolio and other investment in Canada, by sector, book value, annual"
36100039,376-0144,"International investment position, portfolio and other investment in Canada, by sector, book and market values, quarterly"
36100040,378-0017,"Financial market summary, unadjusted, quarterly, 1961 - 2012"
36100041,378-0018,"Financial flows, persons and unincorporated business, quarterly, 1961 - 2012"
36100042,376-8105,"Historical (real-time) releases of balance of international payments, current account, seasonally adjusted, quarterly"
36100043,376-0001,"Balance of international payments, current account, annual"
36100044,376-0002,"Balance of international payments, capital and financial account, annual"
36100045,376-0003,"Balance of international payments, current account, quarterly"
36100046,376-0004,"Balance of international payments, capital and financial account, quarterly"
36100047,376-0005,"Balance of international payments, current account, seasonally adjusted"
36100048,376-0006,"Balance of international payments, current account, goods, annual, 1946 to 2011"
36100049,376-0007,"Balance of international payments, current account, goods, quarterly 1961 to 2012"
36100050,376-0008,"Balance of international payments, changes in foreign currency assets and liabilities booked in Canada by Canadian chartered banks, annual"
36100051,376-0009,"Balance of international payments, Canadian chartered bank transaction in assets and liabilities booked in Canada with non-residents, flows and position, annual"
36100052,376-0010,"Balance of international payments, changes in foreign currency assets and liabilities booked in Canada by Canadian chartered banks, quarterly"
36100053,376-0011,"Balance of international payments, Canadian chartered bank transactions in assets and liabilities booked in Canada with non-residents, flows and positions, quarterly"
36100054,376-0014,"Balance of international payments, flows of Canadian direct investment abroad and foreign direct investment in Canada, by industry and type of transactions, 1975 - 2011"
36100055,376-0015,"Balance of international payments, flows of Canadian direct investment abroad and foreign direct investment in Canada, by category of transactions"
36100056,376-0016,"Balance of international payments, Canadian direct investment abroad and foreign direct investment in Canada, acquisitions, sales and other flows, 1975 - 2011"
36100057,376-0017,"Balance of international payments, flows of Canadian direct investment abroad and foreign direct investment in Canada"
36100058,376-0018,"International transactions in securities, portfolio transactions, net and gross sales and purchases, by type and sector, annual"
36100059,376-0019,"International transactions in securities, portfolio transactions, net and gross sales and purchases, by type and sector, quarterly"
36100060,376-0020,"International transactions in securities, portfolio transactions, net and gross sales and purchases, by type and sector, monthly"
36100061,376-0021,"International transactions in securities, portfolio transactions with non-residents in Canadian bonds, by type, annual"
36100062,376-0022,"International transactions in securities, portfolio transactions with non-residents in Canadian stocks, by type"
36100063,376-0023,"International transactions in securities, portfolio transactions with non-residents in Canadian money market, foreign bonds, and foreign stocks, by type, annual"
36100064,376-0024,"International transactions in securities, portfolio transactions with non-residents in Canadian bonds, by type, quarterly"
36100065,376-0025,"International transactions in securities, portfolio transactions with non-residents in Canadian stocks, by category, quarterly"
36100066,376-0026,"International transactions in securities, portfolio transactions with non-residents in Canadian money market, foreign bonds, and foreign stocks, by type, quarterly"
36100067,376-0027,"International transactions in securities, portfolio transactions with non-residents in Canadian bonds, by type, monthly"
36100068,376-0028,"International transactions in securities, portfolio transactions with non-residents in Canadian stocks, by category, monthly"
36100069,376-0029,"International transactions in securities, portfolio transactions with non-residents in Canadian money market, foreign bonds and stocks, by type, monthly"
36100070,376-0030,"International transactions in services, commercial services, by selected countries and regions"
36100071,376-0034,"International transactions in services, commercial services by industry"
36100072,376-0035,"International transactions in services, by category"
36100073,376-0037,"International investment position, annual"
36100074,376-0038,"International investment position, Canadian direct investment abroad and foreign direct investment in Canada, based on the Standard Industrial Classification for Companies and Enterprises, 1980 (SIC-C)"
36100075,376-0039,"International investment position, foreign portfolio investment in Canadian bonds and Canadian money market, by sector"
36100076,376-0040,"International investment position, portfolio and other investment in Canada, by sector, annual"
36100077,376-0041,"International investment position, portfolio investment in Canadian bonds, book and market values, by sector, annual"
36100078,376-0042,"International investment position, foreign portfolio investment in Canadian bonds and Canadian money market instruments, by sector and geographic region, quarterly"
36100079,376-0043,"Balance of international payments, flows of Canadian direct investment abroad and foreign direct investment in Canada, by industry and type of transactions, 1946 - 1993"
36100080,376-0044,"Balance of international payments, Canadian direct investment abroad and foreign direct investment in Canada, acquisitions, sales and other flows, 1975 - 1993"
36100081,376-0045,"Net official financing from the official international reserves and the foreign currency borrowings of the Government of Canada, quarterly"
36100082,376-0046,"Net official financing from the official international reserves and the foreign currency borrowings of the Government of Canada, annual"
36100083,376-0047,"International investment position, capital employed in non-financial industries by country of ownership"
36100084,381-0038,"Symmetric input-output tables, summary level"
36100085,376-0049,"Canada's international investment position, year ends, capital abroad controlled from Canada"
36100086,376-0050,"Canada's international investment position, year ends, capital abroad controlled from Canada, by industry"
36100087,376-0053,"International investment position, Canadian direct investment abroad and foreign direct investment in Canada, by country based on the Standard Industrial Classification for Companies and Enterprises, 1980 (SIC-C)"
36100088,376-0054,"International investment position, Canadian direct investment abroad and foreign direct investment in Canada, by type of Canadian concern and capital invested"
36100089,376-0055,"International investment position, quarterly"
36100090,376-0056,"International investment position, portfolio and other investment in Canada, by sector, quarterly"
36100091,376-0057,"International investment position, portfolio investment in Canadian bonds, by book and market values, by sector, quarterly"
36100092,376-0058,"International investment position, foreign portfolio investment in Canadian bonds and Canadian money market instruments, by sector and geographic region, monthly"
36100093,376-0062,"International transactions in services, commercial services, by North American Industry Classification System (NAICS), 1999 to 2009"
36100094,376-0063,"International investment position, foreign portfolio investment in Canadian bonds and Canadian money market instruments, by sector and geographic region, annual"
36100095,376-0048,"International investment position, capital employed in non-financial industries, by country of control"
36100096,031-0005,"Flows and stocks of fixed non-residential capital, by industry and type of asset, Canada, provinces and territories"
36100097,031-0006,"Flows and stocks of fixed non-residential capital, by sector of industry and type of asset, Canada"
36100098,031-0007,"Flows and stocks of fixed non-residential capital for all industries, by type of asset, provinces and territories"
36100099,031-0008,"Flows and stocks of fixed residential capital by type of asset, provincial and territorial"
36100100,380-0037,"Purchasing power parities of gross domestic product, Organisation for Economic Co-operation and Development Countries, inactive"
36100101,378-0156,"Distributions of household economic accounts, number of households, by income quintile and by socio-demographic characteristic"
36100102,380-0046,"Percentage distribution of gross domestic product (GDP) at factor cost, by industry, annual, 1926 - 1960"
36100103,380-0063,"Gross domestic product, income-based, quarterly"
36100104,380-0064,"Gross domestic product, expenditure-based, Canada, quarterly"
36100105,380-0065,"Gross national income and gross domestic income, indexes and related statistics, quarterly"
36100106,380-0066,"Gross domestic product price indexes, quarterly"
36100107,380-0067,"Household final consumption expenditure, quarterly, Canada"
36100108,380-0068,"Gross fixed capital formation, quarterly, Canada"
36100109,380-0069,"Investment in inventories, quarterly, Canada"
36100110,380-0070,"Exports and imports of goods and services, quarterly, Canada, (NAPCS 2007), inactive"
36100111,380-0071,"Current and capital accounts - National, Canada, quarterly"
36100112,380-0072,"Current and capital accounts - Households, Canada, quarterly"
36100113,,"Input-output multipliers, provincial and territorial, summary level"
36100114,380-0074,"Compensation of employees, Canada, quarterly"
36100115,380-0075,"Current and capital accounts - Non-profit institutions serving households, Canada, quarterly"
36100116,380-0076,"Current and capital accounts - Corporations, Canada, quarterly"
36100117,380-0078,Undistributed corporation profits
36100118,380-0079,"Current and capital accounts - General governments, Canada, quarterly"
36100119,378-0019,"Financial flows, corporations and government business enterprises, quarterly, 1961 - 2012"
36100120,378-0020,"Financial flows, non-financial corporations including government business enterprises, quarterly, 1961 - 2012"
36100121,380-0082,"Current and capital accounts - Non-residents, Canada, quarterly"
36100122,380-0083,"Gross domestic income, gross national income and net national income, Canada, quarterly"
36100123,380-0084,"Gross domestic product, expenditure-based, at 2017 constant prices, quarterly"
36100124,380-0085,"Detailed household final consumption expenditure, Canada, quarterly"
36100125,380-0086,"Corporation profits before taxes, on an original-cost-basis, excluding government business enterprises, Canada, quarterly"
36100126,380-0087,"Property income of households, Canada"
36100127,380-0088,"General governments final consumption expenditure, Canada, quarterly"
36100128,380-0100,"Contributions to annual percent change in real expenditure-based gross domestic product, Canada, annual"
36100129,380-0101,"Gross national income and gross domestic income, indexes and related statistics, annual"
36100130,380-0102,"Gross domestic product price indexes, annual (2017=100)"
36100131,380-0103,"Contributions to annual percent change in real household final consumption expenditure, Canada, annual"
36100132,380-0104,"Contributions to annual percent change in real gross fixed capital formation, Canada, annual"
36100133,380-0105,"Contributions to annual percent change in real exports and imports of goods and services, Canada, annual, (NAPCS 2007), inactive"
36100135,380-0107,"Contributions to annual percent change in real general governments final consumption expenditure, Canada, annual"
36100136,380-0500,"Historical: Gross domestic product (GDP), income-based, 1968 System of National Accounts (SNA), quarterly, 1947 - 1997"
36100137,380-0501,"Historical: Gross domestic product (GDP), expenditure-based, 1968 System of National Accounts (SNA), quarterly, 1947 - 1997"
36100138,380-0502,"Historical: Relation between gross domestic product (GDP) at market prices, gross national product (GNP) at market prices and net national income at factor cost, 1968 System of National Accounts (SNA), quarterly, 1947 - 1997"
36100139,380-0503,"Historical: Sources and disposition of gross saving, 1968 System of National Accounts (SNA), quarterly, 1947 - 1997"
36100140,380-0504,"Historical: Sources and disposition of personal income, 1968 System of National Accounts (SNA), quarterly, 1947 - 1997"
36100141,380-0505,"Historical: Personal expenditure on consumer goods and services, by type of expenditure, 1968 System of National Accounts (SNA), quarterly, 1947 - 1997"
36100142,380-0506,"Government sector revenue and expenditure, 1968 System of National Accounts (SNA)"
36100143,380-0507,"Historical: Undistributed corporation profits, 1968 System of National Accounts (SNA), quarterly, 1947 - 1997"
36100144,380-0508,"Historical: Investment in fixed capital, by sector and by type of equipment, 1968 System of National Accounts (SNA), quarterly, 1947 - 1997"
36100145,380-0509,"Historical: Business investment in inventories, 1968 System of National Accounts (SNA), quarterly, 1947 - 1997"
36100146,380-0510,"Historical: Transactions of residents with non-residents in the Income and Expenditure Accounts, 1968 System of National Accounts (SNA), quarterly, 1947 - 1997"
36100147,380-0511,"Historical: Gross domestic product (GDP), indexes, seasonally adjusted at annual rates, 1968 System of National Accounts (SNA)"
36100148,380-0512,"Historical: Implicit price indexes, gross domestic product (GDP) at factor cost, by sector, 1968 System of National Accounts (SNA), 1986=100, quarterly, 1961 - 1997"
36100149,380-0513,"Historical: Gross domestic product (GDP) at factor cost, by sector, 1968 System of National Accounts (SNA), quarterly, 1947 - 1997"
36100150,380-0515,"Historical: Relation between gross domestic product (GDP) at market prices, gross national product (GNP) at market prices, net national income at factor cost and gross domestic product at factor cost, 1968 System of National Accounts (SNA), annual, 1926 - 1986"
36100151,380-0516,"Historical: Sources of personal income, 1968 System of National Accounts (SNA), annual, 1926 - 1986"
36100152,380-0517,"Historical: Relation between net national income at factor cost, personal income, personal disposable income and personal saving, 1968 System of National Accounts (SNA), annual, 1926 - 1986"
36100153,380-0518,"Historical: Gross domestic product (GDP), indexes, 1968 System of National Accounts (SNA), 1981=100, annual, 1926 - 1986"
36100154,380-0519,"Historical: Consolidated production account, revenue from domestic production, 1968 System of National Accounts (SNA), annual, 1926 - 1986"
36100155,380-0520,"Historical: Consolidated capital finance account, source (finance of gross domestic capital formation), 1968 System of National Accounts (SNA), annual, 1926 - 1986"
36100156,380-0521,"Historical: Consolidated capital finance account, disposition (gross domestic capital formation), 1968 System of National Accounts (SNA), annual, 1926 - 1986"
36100157,380-0522,"Historical: Income and outlay account, persons and unincorporated business, income, 1968 System of National Accounts (SNA), annual, 1926 - 1986"
36100158,380-0523,"Historical: Income and outlay account, persons and unincorporated business, outlay, 1968 System of National Accounts (SNA), annual, 1926 - 1986"
36100159,380-0524,"Historical: Capital finance account, persons and unincorporated business, source, 1968 System of National Accounts (SNA), annual, 1926 - 1986"
36100160,380-0525,"Historical: Capital finance account, persons and unincorporated business, disposition, 1968 System of National Accounts (SNA), annual, 1926 - 1986"
36100161,380-0526,"Historical: Income and outlay account, government, income, 1968 System of National Accounts (SNA), annual, 1926 - 1986"
36100162,380-0527,"Historical: Income and outlay account, government, outlay, 1968 System of National Accounts (SNA), annual, 1926 - 1986"
36100163,380-0528,"Historical: Capital finance account, government, source, 1968 System of National Accounts (SNA), annual, 1926 - 1986"
36100164,380-0529,"Historical: Capital finance account, government, disposition, 1968 System of National Accounts (SNA), annual, 1926 - 1986"
36100165,380-0530,"Historical: Income and outlay account, corporate and government business enterprises, income, 1968 System of National Accounts (SNA), annual, 1926 - 1986"
36100166,380-0531,"Historical: Income and outlay account, corporate and government business enterprises, outlay, 1968 System of National Accounts (SNA), annual, 1926 - 1986"
36100167,380-0532,"Historical: Capital finance account, corporate and government business enterprises, source, 1968 System of National Accounts (SNA), annual, 1926 - 1986"
36100168,380-0533,"Historical: Capital finance account, corporate and government business enterprises, disposition, 1968 System of National Accounts (SNA), annual, 1926 - 1986"
36100169,380-0534,"Historical: Income and outlay account, non-residents, income (receipts from Canada), 1968 System of National Accounts (SNA), annual, 1926 - 1986"
36100170,380-0535,"Historical: Income and outlay account, non-residents, outlay (payments to Canada), 1968 System of National Accounts (SNA), annual, 1926 - 1986"
36100171,380-0536,"Historical: Capital finance account, non-residents, source, 1968 System of National Accounts (SNA), annual, 1926 - 1986"
36100172,380-0537,"Historical: Capital finance account, non-residents, disposition, 1968 System of National Accounts (SNA), annual, 1926 - 1986"
36100173,380-0538,"Historical: Net income of unincorporated business, by industry, 1968 System of National Accounts (SNA), annual, 1926 - 1986"
36100174,380-0539,"Historical: Investment in fixed capital, by industry, 1968 System of National Accounts (SNA), annual, 1926 - 1986"
36100175,380-0540,"Historical: Investment in inventories, by industry, 1968 System of National Accounts (SNA), annual, 1926 - 1986"
36100176,380-0541,"Historical: Corporation profits before taxes, by industry, 1968 System of National Accounts (SNA), annual, 1926 - 1986"
36100177,380-0542,"Historical: Government sector revenue and expenditure, annual, 1968 System of National Accounts (SNA), annual, 1926 - 1986"
36100178,380-0543,"Historical: Direct taxes, persons, 1968 System of National Accounts (SNA), annual, 1926 - 1986"
36100179,380-0544,"Historical: Direct taxes, corporate and government business enterprises, 1968 System of National Accounts (SNA), annual, 1926 - 1986"
36100180,380-0545,"Historical: Indirect taxes, 1968 System of National Accounts (SNA), annual, 1926 - 1986"
36100181,380-0546,"Historical: Other current transfers to government from persons, 1968 System of National Accounts (SNA), annual, 1926 - 1986"
36100182,380-0547,"Historical: Government investment income, 1968 System of National Accounts (SNA), annual, 1926 - 1986"
36100183,380-0548,"Historical: Government current and capital expenditure on goods and services, 1968 System of National Accounts (SNA), annual, 1926 - 1986"
36100184,380-0549,"Historical: Government transfer payments to persons, 1968 System of National Accounts (SNA), annual, 1926 - 1986"
36100185,380-0550,"Historical: Subsidies, 1968 System of National Accounts (SNA), annual, 1926 - 1986"
36100186,380-0551,"Historical: Capital assistance, 1968 System of National Accounts (SNA), annual, 1971 - 1986"
36100187,380-0552,"Historical: Current transfers to other levels of government, 1968 System of National Accounts (SNA), annual, 1926 - 1986"
36100188,380-0553,"Historical: Imputed items included in gross domestic product (GDP), 1968 System of National Accounts (SNA), annual, 1926 - 1986"
36100189,380-0554,"Historical: Analysis of corporation profits, 1968 System of National Accounts (SNA), annual, 1926 - 1986"
36100190,380-0555,"Historical: Consolidated production account, primary expenses arising from domestic production, 1968 System of National Accounts (SNA), annual, 1926 - 1986"
36100191,380-0556,"Historical: Accrued net income of farm operators from farm production, reconciliation statement, 1968 System of National Accounts (SNA), annual, 1926 - 1986"
36100192,380-0557,"Historical: Federal government surplus or deficit, reconciliation with the public accounts, 1968 System of National Accounts (SNA), annual, 1951 - 1986"
36100193,380-0558,"Historical: Investment in fixed capital, reconciliation statement, 1968 System of National Accounts (SNA), annual, 1926 - 1986"
36100194,380-0559,"Historical: Current transactions with non-residents, reconciliation with the Canadian Balance of International Payments, 1968 System of National Accounts (SNA), annual, 1926 - 1986"
36100195,380-0560,"Historical: Wages, salaries and supplementary labour income, by industry, 1968 System of National Accounts (SNA), annual, 1926 - 1986"
36100196,380-0561,"Historical: Personal expenditure on consumer goods and services, in current dollars, 1968 System of National Accounts (SNA), annual, 1926 - 1946"
36100197,380-0562,"Historical: Percentage distribution of gross domestic product (GDP) by expenditure category, 1968 System of National Accounts (SNA), annual, 1926 - 1986"
36100198,380-0563,"Historical: Percentage distribution of net domestic income by distributive share, 1968 System of National Accounts (SNA), annual, 1926 - 1986"
36100199,380-0564,"Historical: Percentage distribution of personal income by source, 1968 System of National Accounts (SNA), annual, 1926 - 1986"
36100200,380-0565,"Historical: Personal expenditure on consumer goods and services at 1981 prices, 1968 System of National Accounts (SNA), annual, 1947 - 1986"
36100201,380-0566,"Historical: Gross domestic product, income-based, 1968 System of National Accounts (SNA), annual, 1926 - 1986"
36100202,380-0567,"Historical: Gross domestic product (GDP) at 1981 prices, expenditure-based, 1968 System of National Accounts (SNA), annual, 1926 - 1986"
36100203,380-0568,"Historical: Federal government surplus or deficit, reconciliation with the public accounts, 1968 System of National Accounts (SNA), annual, 1926 - 1950"
36100204,380-0569,"Historical: Selected per person income and product series at current prices and at 1981 prices, 1968 System of National Accounts (SNA), annual, 1926 - 1986"
36100205,382-0006,"Wages, salaries and employers' social contributions"
36100206,383-0008,"Indexes of business sector labour productivity, unit labour cost and related measures, seasonally adjusted"
36100207,383-0012,"Indexes of labour productivity and related measures, by business sector industry, seasonally adjusted"
36100208,383-0021,"Multifactor productivity, value-added, capital input and labour input in the aggregate business sector and major sub-sectors, by industry"
36100209,383-0024,Hours worked and labour compensation by type of worker and industry
36100210,383-0025,"Investment, capital stock and capital services of physical assets, by industry"
36100211,383-0026,"Multifactor productivity and related variables in the aggregate business sector and major sub-sectors, by industry"
36100212,383-0027,Long run real income estimates
36100213,383-0028,"Natural resources, the terms of trade, and real income growth in Canada; import and export shares"
36100214,383-0029,"Labour productivity and related variables, by business sector industry"
36100215,383-0030,Labour statistics by business sector industry and by non-commercial activity consistent with the industry accounts
36100216,378-0021,"Financial flows, non-financial private corporations, quarterly, 1961 - 2012"
36100217,383-0032,"Multifactor productivity, gross output, value-added, capital, labour and intermediate inputs at a detailed industry level"
36100221,384-0037,"Gross domestic product, income-based, provincial and territorial, annual"
36100222,384-0038,"Gross domestic product, expenditure-based, provincial and territorial, annual"
36100223,384-0039,"Implicit price indexes, gross domestic product, provincial and territorial"
36100224,384-0040,"Household sector, current accounts, provincial and territorial, annual"
36100225,384-0041,"Detailed household final consumption expenditure, provincial and territorial, annual"
36100226,384-0042,"Household sector, selected indicators, provincial and territorial"
36100227,378-0022,"Financial flows, non-financial government enterprises, quarterly, 1961 - 2012"
36100228,378-0023,"Financial flows, financial institutions including government business enterprises, quarterly, 1961 - 2012"
36100229,384-5000,Long-run provincial and territorial data
36100230,387-0001,"Tourism demand in Canada, constant prices"
36100231,387-0002,"Supply of tourism commodities, constant prices"
36100232,387-0003,Jobs generated by tourism
36100233,387-0008,"Tourism demand, implicit price indexes, seasonally adjusted"
36100234,387-0010,"Tourism gross domestic product, constant prices"
36100235,387-0011,Tourism share of gross domestic product at basic prices
36100236,031-0002,"Flows and stocks of fixed non-residential capital, by North American Industry Classification System (NAICS) and asset, Canada, provinces and territories"
36100237,031-0003,"Flows and stocks of fixed non-residential capital, by sector of North American Industry Classification System (NAICS) and asset, Canada"
36100238,031-0004,"Flows and stocks of fixed non-residential capital, total all industries, by asset, provinces and territories"
36100239,380-0001,"Gross domestic product (GDP), income-based, quarterly, 1961 - 2012"
36100240,380-0002,"Gross domestic product (GDP), expenditure-based, quarterly, 1961 - 2012"
36100241,380-0003,"Gross domestic product (GDP) indexes, 2002=100, quarterly, 1961 - 2012"
36100242,380-0004,"Sector accounts, persons and unincorporated businesses, quarterly, 1961 - 2012"
36100243,380-0005,"Sector accounts, corporations and government business enterprises, quarterly, 1961 - 2012"
36100244,380-0006,"Sector accounts, corporations and government business enterprises, financial and non-financial, quarterly, 1961 - 2012"
36100245,380-0007,"Sector accounts, all levels of government, quarterly, 1961 - 2012"
36100246,380-0008,"Sector accounts, non-residents, quarterly, 1961 - 2012"
36100247,380-0009,"Personal expenditure on goods and services, quarterly, 1961 - 2012"
36100248,380-0010,"Investment in residential structures, quarterly, 1961 - 2012"
36100249,380-0011,"Investment in non-residential structures and equipment, quarterly, 1961 - 2012"
36100250,380-0012,"Exports and imports of goods and services, quarterly, 1971 - 2012"
36100251,380-0013,"Business investment in inventories, quarterly, 1981 - 2012"
36100252,380-0014,"Undistributed corporation profits, quarterly, 1961 - 2012"
36100253,380-0015,"Gross domestic product (GDP) and Gross National Product (GNP) at market prices and net national income at basic prices, quarterly, 1961 - 2012"
36100254,380-0016,"Gross domestic product (GDP), income-based, annual, 1961 - 2011"
36100255,380-0017,"Gross domestic product (GDP), expenditure-based, annual, 1961 - 2011"
36100256,380-0018,"Gross domestic product (GDP) indexes, 1992=100, annual, 1961 - 2000"
36100257,380-0019,"Sector accounts, persons and unincorporated businesses, annual, 1961 - 2011"
36100258,380-0020,"Sector accounts, corporations and government business enterprises, total, annual, 1961 - 2011"
36100259,380-0021,"Sector accounts, corporations and government enterprises, financial and non-financial, total, annual, 1961 - 2011"
36100260,380-0022,"Sector accounts, all levels of government, annual, 1961 - 2011"
36100261,380-0023,"Sector accounts, non-residents, annual, 1961 - 2011"
36100262,380-0024,"Personal expenditure on goods and services, annual, 1961 - 2011"
36100263,380-0025,"Investment in residential structures, annual, 1961 - 2011"
36100264,380-0026,"Investment in non-residential structures and equipment, annual, 1981 - 2011"
36100265,380-0027,"Exports and imports of goods and services, annual, 1971 - 2011"
36100266,380-0028,"Business investment in inventories, annual, 1981 - 2011"
36100267,380-0029,"Undistributed corporation profits, annual, 1961 - 2011"
36100268,380-0030,"Gross domestic product (GDP) and Gross National Product (GNP) at market prices and net national income at basic prices, annual, 1961 - 2011"
36100269,380-0031,"Saving, investment and net lending, quarterly, 1961 - 2012"
36100270,380-0032,"Saving, investment and net lending, annual, 1961 - 2011"
36100271,380-0033,"Income and expenditure sub-sector accounts, provincial governments, education, health and social services, quarterly, 1961 - 2012"
36100272,380-0034,"Income and expenditure sub-sector accounts, federal government, quarterly, 1961 - 2012"
36100273,380-0035,"Income and expenditure sub-sector accounts, local governments, quarterly, 1961 - 2012"
36100274,380-0036,"Purchasing power parities, System of National Accounts Classification (SNA), expenditure-based, annual, 1991 - 1998"
36100275,380-0038,"Purchasing power parities, International Comparison Project Classification (ICP), consumption-based, annual, 1991 - 1998"
36100276,380-0039,"Gross domestic product (GDP), income-based, annual, 1926 - 1960"
36100277,380-0040,"Gross domestic product (GDP), expenditure-based, at 1986 prices, annual, 1926 - 1960"
36100278,380-0041,"Consolidated production account, primary expenses arising from domestic production, annual, 1926 - 1960"
36100279,380-0042,"Selected per person income and product series at current prices and constant 1986 prices, annual, 1926 - 1960"
36100280,380-0043,"Population of Canada and the provinces, annual, 1926 - 1960"
36100281,380-0044,"Civilian labour force, annual, 1926 - 1975"
36100282,380-0045,"Gross domestic product (GDP) at factor cost, by industry, annual, 1926 - 1960"
36100283,,Licensed cannabis industry statistics
36100284,380-0047,"Government transfer payments to persons, annual, 1926 - 1990"
36100285,380-0048,"Corporation profits before taxes, by industry, annual, 1926 - 1989"
36100286,380-0049,"Profits and other investment income, by industry, annual, 1926 - 1989"
36100287,380-0050,"Personal income, personal income per person, and personal disposable income, annual, 1926 - 1990"
36100288,380-0051,"Interest, dividends and miscellaneous investment income of persons, annual, 1926 - 1990"
36100289,380-0052,"Net income received by farm operators from farm production, annual, 1926 - 1990"
36100290,380-0053,"Net income of non-farm unincorporated business including rent, annual, 1926 - 1990"
36100291,380-0054,"Personal expenditure on consumer goods and services in current prices, annual, 1926 - 1946"
36100292,380-0055,"Federal government surplus or deficit. Reconciliation of transactions related to the Income and Expenditure Accounts with Rowell-Sirois and Public Accounts Data, annual, 1926 - 1950"
36100293,380-0056,"Gross domestic product (GDP) indexes, 2002=100, annual, 1961 - 2011"
36100294,380-0059,"Selected income and expenditure accounts variables, quarterly, 1961 - 2012"
36100295,380-0060,"National saving rate, quarterly, 1961 - 2012"
36100296,380-0061,"Debt service indicators, persons and unincorporated businesses, quarterly, 1990 - 2012"
36100297,380-0062,"Gross national income at market prices, 2002=100, quarterly, 1981 - 2012"
36100298,382-0001,"Wages and salaries and supplementary labour income, by industry, by province or territory, monthly, 1961 - 1996"
36100299,382-0002,"Wages and salaries based on the 1948 and 1980 Standard Industrial Classifications (SIC), by province or territory, annual, 1926 - 1960"
36100300,382-0003,"Labour income based on the 1948 and 1980 Standard Industrial Classifications (SIC), annual, 1926 - 1960"
36100301,382-0004,"Wages, salaries and supplementary labour income, by industry, annual, 1926 - 1960"
36100302,382-0005,"Wages, salaries and supplementary labour income by province or territory, annual, 1926 - 1990"
36100303,383-0003,"Labour productivity and related variables, by industry according to the Canadian System of National Accounts"
36100304,383-0004,"Labour statistics, non-commercial sector industries according to the Canadian System of National Accounts"
36100305,383-0005,"Indexes of labour productivity and related variables, by industry according to the Canadian System of National Accounts"
36100306,383-0009,"Labour statistics consistent with the System of National Accounts, by sector, job category and North American Industry Classification System (NAICS), S-level aggregation"
36100307,383-0010,"Labour statistics by business sector industry and non-commercial activity, consistent with the System of National Accounts, by North American Industry Classification System (NAICS)"
36100308,383-0011,"Labour productivity and related variables by business sector industry, consistent with the North American Industry Classification System (NAICS) and the System of National Accounts (SNA)"
36100309,383-0022,"Multifactor productivity, gross output, value-added, capital, labour and intermediate inputs at a detailed industry level, by North American Industry Classification System (NAICS)"
36100310,383-0023,"Multifactor productivity, gross output, value-added, capital, labour and intermediate inputs by business sector industries, according to the Standard Industrial Classification, 1980 (SIC)"
36100311,384-0001,"Gross domestic product (GDP), income-based, provincial economic accounts, annual, 1981 - 2010"
36100312,384-0002,"Gross domestic product (GDP), expenditure-based, provincial economic accounts, annual, 1981 - 2010"
36100313,384-0003,"Implicit price indexes, gross domestic product (GDP), provincial economic accounts, 1992=100, annual, 1981 - 1997"
36100314,384-0004,"Government sector revenue and expenditure, provincial economic accountss, annual, 1981 - 2009"
36100315,384-0005,"Canada and Quebec Pension Plans, revenue and expenditure, provincial economic accounts, annual, 1981 - 2009"
36100316,384-0006,"Direct taxes from persons and contributions to social insurance plans and other transfers to government, provincial economic accounts, annual, 1981 - 2009"
36100317,384-0007,"Taxes on production and imports, provincial economic accounts, annual, 1981 - 2009"
36100318,384-0008,"Government investment income, provincial economic accounts, annual, 1981 - 2009"
36100319,384-0009,"Government transfer payments to persons, provincial economic accounts, annual, 1981 - 2009"
36100320,384-0010,"Government subsidies and capital transfers, provincial economic accounts, annual, 1981 - 2009"
36100321,384-0011,"Intergovernmental transfers, provincial economic accounts, annual, 1981 - 2009"
36100322,384-0012,"Sources and disposition of personal income, provincial economic accounts, annual, 1981 - 2010"
36100323,384-0013,"Selected economic indicators, provincial economic accounts, 2002=100, annual, 1981 - 2010"
36100324,384-0014,"Provincial gross domestic product (GDP), income-based, provincial economic accounts, annual, 1961 - 1980"
36100325,384-0015,"Provincial gross domestic product (GDP), expenditure-based, provincial economic accounts, annual, 1961 - 1980"
36100326,384-0016,"Provincial gross domestic product (GDP) at 1986 prices, outside Canada, provincial economic accounts, annual, 1981 - 1991"
36100327,384-0017,"Final domestic demand at 1981 prices, provincial economic accounts, annual, 1971 - 1989"
36100328,384-0018,"Final domestic demand at 1986 prices, provincial economic accounts, annual, 1971 - 1991"
36100329,384-0019,"Implicit price indexes, final domestic demand, provincial economic accounts, 1981=100, annual, 1971 - 1989"
36100330,384-0020,"Implicit price indexes, provincial gross domestic product (GDP), outside Canada, provincial economic accounts, 1986=100, annual, 1981 - 1991"
36100331,384-0021,"Implicit price indexes, gross domestic product (GDP), provincial economic accounts, 1986=100, annual, 1971 - 1991"
36100332,384-0022,"Federal government and government sector revenue and expenditure, provincial economic accounts, annual, 1961 - 1980"
36100333,384-0023,"Provincial government revenue and expenditure, provincial economic accounts, annual, 1961 - 1980"
36100334,384-0024,"Local government revenue and expenditure, provincial economic accounts, annual, 1961 - 1980"
36100335,384-0025,"Hospital revenue and expenditure, provincial economic accounts, annual, 1961 - 1980"
36100336,384-0026,"Canada and Quebec Pension Plans, revenue and expenditure, provincial economic accounts, annual, 1961 - 1980"
36100337,384-0027,"Direct taxes, persons, provincial economic accounts, annual, 1961 - 1980"
36100338,384-0028,"Indirect taxes, provincial economic accounts, annual, 1961 - 1980"
36100339,384-0029,"Other current transfers to government from persons, provincial economic accounts, annual, 1961 - 1980"
36100340,384-0030,"Government investment income, provincial economic accounts, annual, 1961 - 1980"
36100341,384-0031,"Government transfer payments to persons, provincial economic accounts, annual, 1961 - 1980"
36100342,384-0032,"Government transfer payments to business, provincial economic accounts, annual, 1961 - 1980"
36100343,384-0033,"Current transfers to other levels of government, provincial economic accounts, annual, 1961 - 1980"
36100344,384-0034,"Sources and disposition of personal income, provincial economic accounts, annual, 1961 - 1980"
36100345,384-0035,"Selected economic indicators, provincial economic accounts, annual, 1926 - 1980"
36100346,384-0036,"Implicit price indexes, gross domestic product (GDP), provincial economic accounts, 2002=100, annual, 1981 - 2010"
36100347,387-0004,International travellers
36100348,387-0005,Receipts and payments on international travel account
36100349,387-0006,Exchange rates
36100350,387-0007,Consumer Price Index (CPI) for selected countries
36100351,387-0009,"Other related statistics to national tourism indicators, seasonally adjusted at annual rates"
36100352,377-0002,"Real manufacturing shipments, orders, inventory owned and inventory/shipment ratio, 1992 dollars, seasonally adjusted"
36100353,377-0008,"Real manufacturing sales, orders, inventory owned and inventory to sales ratio, 2002 dollars, seasonally adjusted"
36100354,378-0024,"Financial flows, monetary authorities, quarterly, 1961 - 2012"
36100355,377-8009,"Historical (real-time) releases of real manufacturing sales, orders, inventory owned and inventory to sales ratio, 2007 dollars, seasonally adjusted, monthly (dollars unless otherwise noted), inactive"
36100356,376-0155,"Activities of multinational enterprises in Canada, Canadian and foreign multinationals, as a share of the Canadian economy"
36100357,451-0002,"United States gross domestic product (GDP), by sector, seasonally adjusted at annual rates"
36100358,451-0010,"United States gross domestic product (GDP), seasonally adjusted at annual rates"
36100359,451-0012,"United States gross national product (GNP), seasonally adjusted at annual rates"
36100360,451-0013,"United States gross national product (GNP), by sector, seasonally adjusted at annual rates"
36100361,376-0064,"International investment position, Canadian portfolio investment abroad at market value, by country, annual"
36100362,388-0001,"Production, income and outlay accounts of nonprofit institutions and volunteering, annual, 1997 - 2008"
36100363,388-0002,"Income and gross domestic product (GDP) by primary area of activity, nonprofit institutions and volunteering, annual, 1997 - 2008"
36100364,388-0004,"Labour services by primary area of activity, nonprofit institutions and volunteering, annual, 1997, 2000"
36100365,380-0057,"Ratios of real consumption per habitat in the United States compared with Canada, by expenditure category, on a System of National Accounts Classification basis, inactive"
36100366,153-0201,"Environmental and Clean Technology Products Economic Account, production account, inactive"
36100367,380-0058,"Ratios of real consumption per capita in the United States compared with Canada, by expenditure category, on an International Comparison Program Classification basis, inactive"
36100368,376-0067,"International investment position, Canadian portfolio investment abroad at market value, by country, quarterly"
36100369,380-0106,"Gross domestic product, expenditure-based, at 2017 constant prices, annual"
36100370,153-0202,"Environmental and Clean Technology Products Economic Account, generation of income account, inactive"
36100371,153-0203,"Environmental and Clean Technology Products Economic Account, supply and use table, inactive"
36100372,153-0204,"Environmental and Clean Technology Products Economic Account, Gross Domestic Product, inactive"
36100373,379-0002,"Gross domestic product (GDP) at factor cost, System of National Accounts (SNA) benchmark values, by industry (special aggregations)"
36100374,379-0003,"Gross domestic product (GDP) at factor cost, by Standard Industrial Classification, 1980 (SIC) and province"
36100375,379-0004,"Gross domestic product (GDP) at factor cost in 1992 constant prices, by Standard Industrial Classification, 1980 (SIC), annual"
36100376,379-0005,"Gross domestic product (GDP) at factor cost in 1992 constant prices, by Standard Industrial Classification, 1980 (SIC), quarterly"
36100377,379-0006,"Gross domestic product (GDP) at factor cost in 1992 constant prices, by Standard Industrial Classification, 1980 (SIC), monthly"
36100378,379-0007,"Gross domestic product (GDP) at factor cost, by Standard Industrial Classification, 1980 (SIC), monthly"
36100379,379-0008,"Gross domestic product (GDP) at factor cost, by Standard Industrial Classification, 1980 (SIC), quarterly"
36100380,379-0009,"Gross domestic product (GDP) at factor cost, by selected industries"
36100381,379-0010,"Gross domestic product (GDP) at factor cost, by industry"
36100382,379-0011,"Gross output, by industry"
36100383,379-0012,"Real domestic product, by industry of origin, quarterly"
36100384,379-0013,"Real domestic product, by industry of origin, annual"
36100385,379-0014,"Industrial production indexes, by industry"
36100386,379-0015,"Industrial production, by industry"
36100387,379-0016,"Historical index of constant price gross domestic product (GDP), by industry"
36100388,379-0017,"Gross domestic product (GDP) at basic prices, by North American Industry Classification System (NAICS), annual"
36100389,379-0018,"Gross domestic product (GDP) at basic prices, by North American Industry Classification System (NAICS), quarterly"
36100390,379-0019,"Gross domestic product (GDP) at basic prices, by North American Industry Classification System (NAICS), monthly"
36100391,379-0020,"Gross domestic product (GDP) at basic prices, special industry aggregations based on the North American Industry Classification System (NAICS), annual"
36100392,379-0021,"Gross domestic product (GDP) at basic prices, special industry aggregations based on the North American Industry Classification System (NAICS), quarterly"
36100393,379-0022,"Gross domestic product (GDP) at basic prices, special industry aggregations based on the North American Industry Classification System (NAICS), monthly"
36100394,379-0023,"Gross domestic product (GDP) at basic price in current dollars, System of National Accounts (SNA) benchmark values, by North American Industry Classification System (NAICS)"
36100395,379-0024,"Gross domestic product (GDP) at basic price in current dollars, System of National Accounts (SNA) benchmark values, special industry aggregations based on the North American Industry Classification System (NAICS)"
36100396,379-0025,"Gross domestic product (GDP) at basic prices, by North American Industry Classification System (NAICS) and province"
36100397,379-0026,"Gross domestic product (GDP) at basic prices, by special industry aggregates based on the North American Industry Classification System (NAICS) and by province"
36100398,379-0027,"Gross domestic product (GDP) at basic prices, by North American Industry Classification System (NAICS)"
36100399,379-0001,"Gross domestic product (GDP) at factor cost, System of National Accounts (SNA) benchmark values, by industry"
36100400,379-0028,"Gross domestic product (GDP) at basic prices, by industry, provinces and territories, percentage share"
36100401,379-0029,"Gross domestic product (GDP) at basic prices, by industry"
36100402,379-0030,"Gross domestic product (GDP) at basic prices, by industry, provinces and territories"
36100403,381-0010,"Final demand categories, by commodity, L-level aggregation"
36100404,381-0011,"Final demand categories, by commodity, M-level aggregation [1961 - 2008]"
36100405,381-0012,"Final demand categories, by commodity, S-level aggregation [1961 - 2008]"
36100406,381-0013,"Inputs and outputs, by industry and commodity, S-level aggregation and North American Industry Classification System (NAICS)"
36100407,381-0014,"Inputs and outputs, by industry and commodity, M-level aggregation and North American Industry Classification System (NAICS)"
36100408,381-0015,"Provincial gross domestic product (GDP) at basic prices in current dollars, System of National Accounts (SNA) benchmark values, by sector and North American Industry Classification System (NAICS)"
36100409,381-0016,"Provincial gross output at basic prices in current dollars, System of National Accounts (SNA) benchmark values, by sector and North American Industry Classification System (NAICS)"
36100410,381-0019,"Historical inputs and outputs, by industry and commodity, S-level aggregation and North American Industry Classification System (NAICS)"
36100411,153-0205,"Environmental and Clean Technology Products Economic Account, employment, inactive"
36100412,376-0150,"International investment position, market value, by currency, quarterly"
36100413,381-0020,"Historical inputs and outputs, by industry and commodity, M-level aggregation and North American Industry Classification System (NAICS)"
36100414,381-0021,"Historical inputs and outputs, by industry and commodity, L-level aggregation and North American Industry Classification System (NAICS)"
36100415,381-0022,"Input-output tables, inputs and outputs, detailed level, basic prices"
36100416,381-0023,"Input-output tables, final demand, detailed level, basic prices"
36100417,381-0024,"Input-output tables, inputs and outputs, link 1997 level, basic prices"
36100418,381-0025,"Input-output tables, final demand, link 1997 level, basic prices"
36100419,381-0028,"Provincial input-output tables, inputs and outputs, summary level, basic prices"
36100420,381-0029,"Provincial input-output tables, final demand, summary level, basic prices"
36100421,378-0025,"Financial flows, Bank of Canada, quarterly, 1961 - 2012"
36100422,378-0026,"Financial flows, chartered banks and near-banks, quarterly, 1961 - 2012"
36100423,381-5000,"Metropolitan gross domestic product, experimental estimates"
36100424,381-0009,"Inputs and outputs, by industry and commodity, L-level aggregation and North American Industry Classification System (NAICS)"
36100425,381-0001,"Final demand categories, by commodity, M-level aggregation [1961 - 1997]"
36100426,381-0002,"Final demand categories, by commodity, S-level aggregation [1961 - 1997]"
36100427,381-0003,"Inputs and outputs, by industry and commodity, S-level aggregation"
36100428,381-0004,"Inputs and outputs, by industry and commodity, M-level aggregation"
36100429,378-0027,"Financial flows, chartered banks, quarterly, 1961 - 2012"
36100430,380-8063,"Vintages of releases of gross domestic product, income-based"
36100431,380-8064,"Vintages of releases of gross domestic product, expenditure-based"
36100432,384-0045,"Detailed household final consumption expenditure- sales taxes and expenditure excluding sales taxes, provincial and territorial, annual"
36100433,376-0251,"International investment position, Canadian direct investment abroad and foreign direct investment in Canada by ultimate investor country"
36100434,379-0031,"Gross domestic product (GDP) at basic prices, by industry, monthly"
36100435,380-0073,"Household sector, selected indicators, Canada, quarterly, inactive"
36100436,378-0028,"Financial flows, near-banks, quarterly, 1961 - 2012"
36100437,378-0029,"Financial flows, insurance and pension funds, quarterly, 1961 - 2012"
36100438,381-0035,"Supply and use tables, summary level, provincial and territorial"
36100439,378-0030,"Financial flows, life insurance business, quarterly, 1961 - 2012"
36100440,376-0066,"Activities of Canadian multinational enterprises abroad, by industry"
36100441,378-0128,Total household credit from the Bank of Canada and the National Balance Sheet Accounts
36100442,376-0123,"Balance of international payments, direct investment conceptual presentations, quarterly"
36100443,376-0140,"International investment position, direct investment conceptual presentations, quarterly"
36100444,376-0147,"International investment position, foreign portfolio investment in Canadian debt securities, by remaining maturity and sector, monthly"
36100445,376-0151,"Activities of multinational enterprises in Canada, foreign multinationals, by immediate and ultimate investor country"
36100446,376-0148,"International investment position, Canada's gross external debt position, by currency, quarterly"
36100447,376-0152,"Activities of foreign majority-owned affiliates in Canada, by industry, inactive"
36100448,378-0126,Other Changes in Assets Account
36100449,,"Gross domestic product (GDP) at basic prices, by industry, quarterly average"
36100450,384-0047,"Revenue, expenditure and budgetary balance - General governments, provincial and territorial economic accounts"
36100451,376-0153,"Activities of foreign majority-owned affiliates in Canada, employment at establishment level, by province and industry, inactive"
36100452,387-0012,"Culture and sport indicators by domain and sub-domain, by province and territory, product perspective"
36100453,387-0013,"Culture and sport indicators by domain and sub-domain, by province and territory, industry perspective"
36100454,376-0149,"International investment position, quarterly change in Canada's international investment position, market value"
36100455,386-0004,Experimental domestic trade flow estimates within and between greater economic regions
36100456,388-0005,"Natural resources satellite account, production account, inactive"
36100457,378-0031,"Financial flows, segregated funds of life insurance companies, quarterly, 1961 - 2012"
36100458,388-0007,"Natural resources satellite account, supply and use table, inactive"
36100459,388-0008,"Natural resources satellite account, expenditure account, inactive"
36100460,388-0009,"Natural resources satellite account, employment, inactive"
36100461,387-0014,"Government revenue attributable to tourism, summary indicators, annual"
36100462,387-0015,"Government revenue attributable to tourism, by level of government"
36100463,387-0016,"Government revenue attributable to tourism, by source of revenue"
36100464,387-0018,"Government revenue attributable to tourism, by product"
36100465,387-0017,"Government revenue attributable to tourism, by industry"
36100466,451-0001,"United States gross domestic product (GDP) and personal income, seasonally adjusted at annual rates, quarterly, 1947 - 2009"
36100467,378-1000,"General government gross debt, quarterly"
36100468,381-0036,"Gross domestic product (GDP) at basic prices, by census metropolitan area (CMA)"
36100469,376-0059,"International investment position, Canada's gross external debt position, by sector, book and market values, quarterly"
36100470,376-0065,"Activities of Canadian multinational enterprises abroad, by countries"
36100471,376-0102,"Balance of international payments, financial account, annual"
36100472,376-0104,"Balance of international payments, financial account, quarterly"
36100473,376-0125,"Balance of international payments, flows of Canadian direct investment abroad and foreign direct investment in Canada, by selected countries"
36100474,376-0141,"International investment position, book value, annual"
36100475,376-0146,"International investment position, foreign portfolio investment in Canadian bonds and Canadian money market instruments, by currency of issue and sector, monthly"
36100476,377-0009,"Real manufacturing sales, orders, inventory owned and inventory to sales ratio, 2007 dollars, seasonally adjusted, monthly (dollars unless otherwise noted), inactive"
36100477,380-0080,"Revenue, expenditure and budgetary balance - General governments"
36100478,381-0033,"Supply and use tables, detail level, provincial and territorial"
36100479,381-0034,"Supply and use tables, link-1997 level"
36100480,383-0033,Labour productivity and related measures by business sector industry and by non-commercial activity consistent with the industry accounts
36100481,384-0043,"Provincial and territorial consumption of fixed capital at replacement cost, by sector"
36100482,384-0044,"Property income of households, provincial and territorial"
36100483,378-0032,"Financial flows, trusteed pension plans, quarterly, 1961 - 2012"
36100484,380-0081,"Revenue, expenditure and budgetary balance - Provincial administration, education and health"
36100485,376-0142,"International investment position, book and market values, quarterly"
36100486,376-0145,"International investment position, foreign portfolio investment in Canadian bonds and Canadian money market instruments, by geographic region, monthly"
36100487,381-0030,"Gross domestic product (GDP) at basic prices, by sector and industry, provincial and territorial"
36100488,381-0031,"Output, by sector and industry, provincial and territorial"
36100489,383-0031,"Labour statistics consistent with the System of National Accounts (SNA), by job category and industry"
36100490,388-0006,"Natural resources satellite account, generation of income account, inactive"
36100491,379-8031,"Historical (real-time) releases of gross domestic product (GDP) at basic prices, by industry, monthly"
36100492,378-0033,"Financial flows, property and casualty insurance companies, quarterly, 1961 - 2012"
36100493,378-0034,"Financial flows, total other private financial institutions, quarterly, 1961 - 2012"
36100494,378-0035,"Financial flows, mutual funds, quarterly, 1961 - 2012"
36100495,378-0036,"Financial flows, sales, finance and consumer loan companies, quarterly, 1961 - 2012"
36100496,378-0037,"Financial flows, issuers of asset-backed securities, quarterly, 1961 - 2012"
36100497,378-0038,"Financial flows, other private financial institutions, quarterly, 1961 - 2012"
36100498,378-0039,"Financial flows, financial government business enterprises, quarterly, 1961 - 2012"
36100499,378-0040,"Financial flows, government, quarterly, 1961 - 2012"
36100500,378-0041,"Financial flows, federal government, quarterly, 1961 - 2012"
36100501,378-0042,"Financial flows, provincial and local governments, quarterly, 1961 - 2012"
36100502,378-0043,"Financial flows, provincial governments, quarterly, 1961 - 2012"
36100503,378-0044,"Financial flows, local governments, quarterly, 1961 - 2012, inactive"
36100504,378-0045,"Financial flows, social security funds, quarterly, 1961 - 2012"
36100505,378-0046,"Financial flows, nonresidents, quarterly, 1961 - 2012"
36100506,378-0047,"Financial flows, discrepancy, quarterly, 1961 - 2012"
36100507,378-0048,"Financial flows, total all sectors, quarterly, 1961 - 2012"
36100508,378-0049,"National balance sheet, annual, 1961 - 2011"
36100509,378-0050,"National balance sheet, credit market summary, annual, 1961 - 2011"
36100510,378-0051,"National balance sheet, persons and unincorporated business, annual, 1961 - 2011"
36100511,378-0052,"National balance sheet, corporations and government business enterprises, annual, 1961 - 2011"
36100512,378-0053,"National balance sheet, non-financial corporations including government business enterprises, annual, 1961 - 2011"
36100513,378-0054,"National balance sheet, private non-financial corporations, annual, 1961 - 2011"
36100514,378-0055,"National balance sheet, non-financial government business enterprises, annual, 1961 - 2011"
36100515,378-0056,"National balance sheet, financial corporations including government business enterprises, annual, 1961 - 2011"
36100516,378-0057,"National balance sheet, total monetary authorities, annual, 1961 - 2011"
36100517,378-0058,"National balance sheet, Bank of Canada, annual, 1961 - 2011"
36100518,378-0059,"National balance sheet, total chartered banks and quasi-banks, annual, 1961 - 2011"
36100519,378-0060,"National balance sheet, chartered banks, annual, 1961 - 2011"
36100520,378-0061,"National balance sheet, quasi-banks, annual, 1961 - 2011"
36100521,378-0062,"National balance sheet, insurance and pension funds, annual, 1961 - 2011"
36100522,378-0063,"National balance sheet, life insurance business, annual, 1961 - 2011"
36100523,378-0064,"National balance sheet, segregated funds of life insurance companies, annual, 1961 - 2011"
36100524,378-0065,"National balance sheet, trusteed pension plans, annual, 1961 - 2011"
36100525,378-0066,"National balance sheet, property and casualty insurance companies, annual, 1961 - 2011"
36100526,378-0067,"National balance sheet, total other private financial institutions, annual, 1961 - 2011"
36100527,378-0068,"National balance sheet, mutual funds, annual, 1961 - 2011"
36100528,378-0069,"National balance sheet, sales, finance and consumer loan companies, annual, 1961 - 2011"
36100529,378-0070,"National balance sheet, issuers of asset-backed securities, annual, 1961 - 2011"
36100530,378-0071,"National balance sheet, other private financial institutions, annual, 1961 - 2011"
36100531,378-0072,"National balance sheet, financial government business enterprises, annual, 1961 - 2011"
36100532,378-0073,"National balance sheet, government, annual, 1961 - 2011"
36100533,378-0074,"National balance sheet, federal government, annual, 1961 - 2011"
36100534,378-0075,"National balance sheet, provincial and local governments, annual, 1961 - 2011"
36100535,378-0076,"National balance sheet, provincial governments, annual, 1961 - 2011"
36100536,378-0077,"National balance sheet, local governments, annual, 1961 - 2011"
36100537,378-0078,"National balance sheet, social security funds, annual, 1961 - 2011"
36100538,378-0079,"National balance sheet, valuation adjustments, annual, 1961 - 2011"
36100539,378-0080,"National balance sheet, non-residents, annual, 1961 - 2011"
36100540,378-0081,"National balance sheet, total all sectors, annual, 1961 - 2011"
36100541,378-0082,"National balance sheet, consolidated national balance sheet, annual, 1961 - 2011"
36100542,378-0083,"National balance sheet, quarterly, 1990 - 2012"
36100543,378-0084,"National balance sheet, credit market summary, quarterly, 1990 - 2012"
36100544,378-0085,"National balance sheet, persons and unincorporated business, quarterly, 1990 - 2012"
36100545,378-0086,"National balance sheet, corporations and government business enterprises, quarterly, 1990 - 2012"
36100546,378-0087,"National balance sheet, non-financial corporations including government business enterprises, quarterly, 1990 - 2012"
36100547,378-0088,"National balance sheet, private non-financial corporations, quarterly, 1990 - 2012"
36100548,378-0089,"National balance sheet, non-financial government business enterprises, quarterly, 1990 - 2012"
36100549,378-0090,"National balance sheet, financial corporations including government business enterprises, quarterly, 1990 - 2012"
36100550,378-0091,"National balance sheet, total monetary authorities, quarterly, 1990 - 2012"
36100551,378-0092,"National balance sheet, Bank of Canada, quarterly, 1990 - 2012"
36100552,378-0093,"National balance sheet, total chartered banks and quasi-banks, quarterly, 1990 - 2012"
36100553,378-0094,"National balance sheet, chartered banks, quarterly, 1990 - 2012"
36100554,378-0095,"National balance sheet, quasi-banks, quarterly, 1990 - 2012"
36100555,378-0096,"National balance sheet, insurance and pension funds, quarterly, 1990 - 2012"
36100556,378-0097,"National balance sheet, life insurance business, quarterly, 1990 - 2012"
36100557,378-0098,"National balance sheet, segregated funds of life insurance companies, quarterly, 1990 - 2012"
36100558,378-0099,"National balance sheet, trusteed pension plans, quarterly, 1990 - 2012"
36100559,378-0100,"National balance sheet, property and casualty insurance companies, quarterly, 1990 - 2012"
36100560,378-0101,"National balance sheet, total other private financial institutions, quarterly, 1990 - 2012"
36100561,378-0102,"National balance sheet, mutual funds, quarterly, 1990 - 2012"
36100562,378-0103,"National balance sheet, sales, finance and consumer loan companies, quarterly, 1990 - 2012"
36100563,378-0104,"National balance sheet, issuers of asset-backed securities, quarterly, 1990 - 2012"
36100564,378-0105,"National balance sheet, other private financial institutions, quarterly, 1990 - 2012"
36100565,378-0106,"National balance sheet, financial government business enterprises, quarterly, 1990 - 2012"
36100566,378-0107,"National balance sheet, government, quarterly, 1990 - 2012"
36100567,378-0108,"National balance sheet, federal government, quarterly, 1990 - 2012"
36100568,378-0109,"National balance sheet, provincial and local governments, quarterly, 1990 - 2012"
36100569,378-0110,"National balance sheet, provincial governments, quarterly, 1990 - 2012"
36100570,378-0111,"National balance sheet, local governments, quarterly, 1990 - 2012"
36100571,378-0112,"National balance sheet, social security funds, quarterly, 1990 - 2012"
36100572,378-0113,"National balance sheet, valuation adjustments, quarterly, 1990 - 2012"
36100573,378-0114,"National balance sheet, non-residents, quarterly, 1990 - 2012"
36100574,378-0115,"National balance sheet, total all sectors, quarterly, 1990 - 2012"
36100575,378-0116,"National balance sheet, consolidated national balance sheet, quarterly, 1990 - 2012"
36100576,378-0117,"Pension satellite account, pension assets at market value, by type of plan"
36100577,378-0118,"Pension satellite account, financial flows, by type of plan"
36100578,378-0119,Financial Flow Accounts
36100579,378-0120,Financial market summary
36100580,378-0121,National Balance Sheet Accounts
36100581,376-0068,"International investment position, Canadian portfolio investment abroad at market value, by currency, quarterly"
36100582,376-0154,"Activities of multinational enterprises in Canada, foreign multinationals, by ultimate investor country and industry"
36100583,376-0139,"International transactions in securities, net portfolio transactions in Canadian equity and investment fund shares, by North American Industry Classification System (NAICS), monthly"
36100584,376-0162,"International investment position, foreign portfolio investment in Canadian equity and investment fund shares, by type of instrument and North American Industry Classification System (NAICS), market value, monthly"
36100585,378-0150,"Distributions of household economic accounts, wealth, by characteristic, Canada, annual, inactive"
36100586,378-0151,"Distributions of household economic accounts, wealth, Canada, regions and provinces, annual, inactive"
36100587,378-0152,"Distributions of household economic accounts, income, consumption and saving, by characteristic, annual"
36100588,378-0153,"Distributions of household economic accounts, income, consumption and saving, Canada, provinces and territories, annual"
36100589,378-0154,"Distributions of household economic accounts, wealth indicators, by characteristic, Canada, annual, inactive"
36100590,378-0155,"Distributions of household economic accounts, wealth indicators, Canada, regions and provinces, annual, inactive"
36100593,,"International investment position, market value, by sector, quarterly"
36100594,,"Input-output multipliers, detail level"
36100595,,"Input-output multipliers, provincial and territorial, detail level"
36100596,,"Natural resources satellite account, detailed indicators, inactive"
36100597,,Prevalence of cannabis consumption in Canada
36100598,,Cannabis consumer and producer prices
36100599,,Cannabis industry production account
36100600,,"Cannabis supply, use and gross domestic product"
36100601,,Cannabis income account
36100602,,"Debt securities issues by sector, currency, maturity, type of interest rate and market of issuance (net transactions), quarterly"
36100603,,"Household final consumption expenditure of cannabis, inactive"
36100604,,"Activities of multinational enterprises in Canada, Canadian and foreign multinationals, by sector and industry"
36100605,,"Debt securities issues by sector, currency, maturity, type of interest rate and market of issuance (positions), quarterly"
36100606,,"International investment position, Canadian portfolio investment abroad at market value, by sector of issuer, quarterly"
36100607,,Non-depository credit intermediation economic account
36100608,,"Infrastructure Economic Accounts, investment and net stock by asset, industry, and asset function"
36100609,,"Household actual final consumption, Canada, provincial and territorial, annual"
36100610,,"Infrastructure Economic Accounts, economic impact by asset, industry, and asset function"
36100611,,"Infrastructure Economic Accounts, average age and remaining useful service life ratio by asset and asset function"
36100612,,"Adjusted household disposable income, Canada, provinces and territories, annual"
36100613,,"Production, income and outlay accounts of non-profit institutions"
36100614,,Gross domestic product (GDP) and income of non-profit institutions by activity
36100615,,Employment in non-profit institutions by activity
36100616,,Gross domestic product (GDP) of non-profit institutions by sub-sector
36100617,,Employment in non-profit institutions by sub-sector
36100618,,Economic value of volunteering activity
36100619,,Main business credit from the Bank of Canada and the National Balance Sheet Accounts
36100620,,"Activities of multinational enterprises in Canada, Canadian and foreign multinationals, by province, sector and industry, establishment level"
36100621,,"Equity securities issues by sector and type of instrument (transactions), quarterly"
36100622,,"Equity securities issues by sector and type of instrument (positions), quarterly"
36100623,,Agriculture and agri-food economic account
36100624,,"Provincial and territorial natural resource indicators, Natural resources sector (main indicators)"
36100625,,"Provincial and territorial natural resource indicators, Downstream natural resources sector (main indicators), inactive"
36100627,,"Environmental and Clean Technology Products Economic Account, production account"
36100628,,"Environmental and Clean Technology Products Economic Account, generation of income account"
36100629,,"Environmental and Clean Technology Products Economic Account, supply and use table"
36100630,,"Environmental and Clean Technology Products Economic Account, gross domestic product"
36100631,,"Environmental and Clean Technology Products Economic Account, international trade in real (volume) terms"
36100632,,"Environmental and Clean Technology Products Economic Account, employment"
36100633,,Experimental indexes of economic activity in the provinces and territories
36100634,,"Jobs, hours worked and employment income in tourism industries, by class of worker and work activity, inactive"
36100635,,"Jobs, hours worked and employment income of employees in tourism industries, by employee characteristics, inactive"
36100636,,"Jobs, hours worked and labour income of employees in tourism industries, by work activity, sex, immigrant status and occupation"
36100637,,"Jobs, hours worked and labour income of employees in tourism industries, by age group and occupation"
36100638,,"Tourism sector's share of jobs and employment income, inactive"
36100639,,Credit liabilities of households
36100640,,Credit liabilities of private non-financial corporations
36100641,,Credit assets of the financial corporations sector
36100642,,"New issuances of securities by type of use of proceeds and by industry, monthly"
36100643,,"Foreign debt securities issues by country, currency, maturity, and sector (positions), quarterly"
36100644,,"Foreign debt securities issues by country, currency, maturity, sector and market of issuance (transactions), quarterly"
36100645,,"Environmental and Clean Technology Products Economic Account, output, gross domestic product, and compensation of employees per industry"
36100646,,"Environmental and Clean Technology Products Economic Account, international imports and exports per trading partner"
36100648,,"Non Profit Satellite Account by sub-sector (Total and Businesses), seasonally adjusted at annual rates"
36100649,,"Non Profit Satellite Account by activity, seasonally adjusted at annual rates"
36100650,,Employment in the non-profit sector by type of worker
36100651,,Employment in the non-profit sector by demographic characteristic
36100652,,National culture and sport indicators by domain and sub-domain
36100653,,Employment in the natural resources sector by demographic characteristic
36100654,,Employment in the natural resources sector by type of worker
36100655,,"Infrastructure Economic Accounts, Environmental Perspective"
36100656,,"Balance of international payments, flows of Canadian direct investment abroad and foreign direct investment in Canada on a gross and net basis, quarterly"
36100657,,"International investment position, Canadian direct investment abroad, by industry of the Canadian investor, annual"
36100658,,"Gross domestic product (GDP) at basic prices, by industry, provinces and territories, contributions to national percentage change"
36100659,,"International investment position, Canadian direct investment abroad and foreign direct investment in Canada, by industry and select countries, annual"
36100660,,"Distributions of household economic accounts, wealth, by characteristic, Canada, quarterly"
36100661,,"Distributions of household economic accounts, wealth, Canada, regions and provinces, quarterly"
36100662,,"Distributions of household economic accounts, income, consumption and saving, by characteristic, quarterly"
36100663,,"Distributions of household economic accounts, income, consumption and saving, Canada, provinces and territories, quarterly"
36100664,,"Distributions of household economic accounts, wealth indicators, by characteristic, Canada, quarterly"
36100665,,"Distributions of household economic accounts, wealth indicators, Canada, regions and provinces, quarterly"
36100666,,"Selected credit aggregates, monthly"
36100667,,"Distributions of household economic accounts, number of households, by income quintile and by socio-demographic characteristic, quarterly"
36100668,,"Assets and liabilities of other financial corporations by sector, market value, quarterly"
36100669,,Wireless telecommunications carriers industry economic impact
36100670,,Transactions in securities of private non-financial corporations
36100672,,"Environmental and Clean Technology Products Economic Account, employment per products category, inactive"
36100673,,Debt Securities Issues and Holdings in a From-Whom-To-Whom Framework
36100675,,"Labour statistics consistent with the System of Provincial and Territorial Economic Accounts, by economic regions, job category and work schedule"
36100676,,"Labour statistics consistent with the System of Provincial and Territorial Economic Accounts, by industry, job category and work schedule (full-time or part-time)"
36100677,,"Housing Economic Account, investment, depreciation and net stock by asset, sector, dwelling type, and housing type"
36100678,,Environmental tax collected from different economic sectors by geographic region
36100679,,"Housing Economic Account, economic impact by asset, industry, and housing type"
36100680,,"Housing Economic Account, average age measures, by asset and dwelling type"
36100681,,"Environmental and Clean Technology Products Economic Account, employment and compensation per products category"
36100682,,"Underground economy, by expenditure-based gross domestic product component, current dollars"
36100683,,"Underground economy, by income-based gross domestic product component, current dollars"
36100684,,"Underground economy, by industry, current dollars"
36100685,,"Rates of underground economic activity by household final consumption expenditure category, current dollars"
36100686,,"Underground economy, by expenditure-based gross domestic product component, chained (2017) dollars"
36100687,,"Federal government COVID-19 support measures in the System of Macroeconomic Accounts, quarterly"
36100688,,Housing stock in units included in the gross domestic product by income and expenditure
36100689,,"Labour statistics consistent with the System of National Accounts, by employee characteristics and industry"
36100690,,"Housing Economic Account, environmental perspective"
36100691,,Employment in the environmental and clean technology products sector by demographic characteristic
36100692,,Employment per industry in the environmental and clean technology products sector by demographic characteristic
36100693,,"Employment in the environmental and clean technology products sector by gender and age, and by demographic characteristic"
36100694,,Employment per occupation in the environmental and clean technology products sector by demographic characteristic
36100695,,Gross domestic income attributable to Indigenous people by industry
36100696,,Paid worker jobs occupied by Indigenous people in the Canadian economy by employee characteristics and industry
36100697,,"Interprovincial trade, summary level"
36100698,,"Origin and destination of manufacturing sales by industry, annual"
36100699,,"Gross domestic product, expenditure-based, Canada, annual"
36100700,,"Jobs, hours worked and income in tourism industries, by class of worker and work activity"
36100701,,"Jobs, hours worked and income in tourism industries, by gender, age group and immigrant status"
36100702,,"Jobs, hours worked and income in tourism industries, by gender, age group and education level"
36100703,,"Jobs, hours worked and income in tourism industries, by gender, age group and work activity"
36100704,,"Jobs, hours worked and income in tourism industries, by gender, age group and occupation"
36100705,,"Ratios of interprovincial trade, sectoral output, and gross domestic product, Canada, summary level"
36100706,,Gross domestic product per capita and other per capita macroeconomic indicators
37100001,,"Certification, continuation, and discontinuation rates of newly registered apprentices within program duration, 1.5 times program duration, and 2 times program duration, inactive"
37100002,109-0004,"High school graduates, proportion of population aged 25 to 29, Canada, provinces, territories and health regions, 1996"
37100003,477-0021,Canadian undergraduate tuition fees by field of study (current dollars)
37100004,477-0022,Canadian graduate tuition fees by field of study (current dollars)
37100005,477-0023,International undergraduate tuition fees by field of study (current dollars)
37100006,477-0024,International graduate tuition fees by field of study (current dollars)
37100007,477-0025,"Number of students in regular programs for youth, public elementary and secondary schools, by grade and sex"
37100008,477-0026,"Number of graduates from regular programs for youth, public secondary schools, by age and sex"
37100009,477-0027,"Number of students in official languages programs, public elementary and secondary schools, by program type, grade and sex"
37100010,477-0028,"Number of full-time and part-time educators, public elementary and secondary schools, by age group and sex, inactive"
37100011,477-0029,"Postsecondary enrolments, by field of study, registration status, program type, credential type and gender"
37100012,477-0030,"Postsecondary graduates, by field of study, program type, credential type, and gender"
37100013,109-0005,"Post-secondary graduates, proportion of population aged 25 to 54, Canada, provinces, territories and health regions, 1996"
37100014,109-0006,"Average number of years of schooling, proportion of population aged 25 to 54, Canada, provinces, territories and health regions, 1996"
37100015,477-0033,"Postsecondary enrolments, by credential type, age group, registration status, program type and gender"
37100016,,"Median employment income of apprentices who certify in select trades two and five years after certification, cross-sectional analysis, inactive"
37100017,,"Median employment income of apprentices who certify in select trades at: 4 years before certification; 2 years before certification; year of certification; 2 years after certification; and 4 years after certification, longitudinal analysis, inactive"
37100018,477-0019,"Postsecondary enrolments, by registration status, institution type, status of student in Canada and gender"
37100019,477-0037,"Number of students in regular programs for youth, public elementary and secondary schools, by age and sex"
37100020,477-0020,"Postsecondary graduates, by institution type, status of student in Canada and gender"
37100021,477-0107,"Percentage of part-time educators (headcount) in public elementary and secondary schools, inactive"
37100022,477-0137,"Indices of change and percentage distribution of combined public and private expenditure on educational institutions, by level of education"
37100023,477-0053,"Number of apprenticeship program registrations, inactive"
37100024,477-0054,"Number of certificates granted to registered apprentices, inactive"
37100025,477-0138,Combined public and private expenditure on education per capita and index of change
37100026,477-0058,"Revenue of universities by type of revenues and funds (in current Canadian dollars) (x 1,000)"
37100027,477-0059,"Expenditures of universities by type of expenditures and funds (in current Canadian dollars) (x 1,000)"
37100028,477-0060,Revenues of colleges by type of revenues and funds (in current Canadian dollars)
37100029,477-0061,Expenditures of colleges by type of expenditures and funds (in current Canadian dollars)
37100030,477-0062,"Postsecondary graduates, by province of study and level of study"
37100031,477-0063,"Postsecondary graduates, by location of residence at interview and level of study"
37100032,477-0064,"Labour force activity of postsecondary graduates at time of interview, by province of study, level of study and gender"
37100033,477-0065,"Labour force activity of postsecondary graduates at time of interview, by location of residence at interview, level of study and gender"
37100034,477-0066,"Estimated gross annual earnings of postsecondary graduates working full time at interview, by province of study, level of study and gender"
37100035,477-0067,"Estimated gross annual earnings of postsecondary graduates working full time at interview, by location of residence at interview, level of study and gender"
37100036,477-0068,"Student debt from all sources, by province of study and level of study"
37100037,477-0069,"Student debt from all sources, by location of residence at interview and level of study"
37100038,477-0070,"Postsecondary graduates who owed money for their education to government-sponsored student loans at graduation, by province of study and level of study"
37100039,477-0071,"Postsecondary graduates who owed money for their education to government-sponsored student loans at graduation, by location of residence at interview and level of study"
37100040,477-0139,Combined public and private expenditure on education as a percentage of gross domestic product (GDP) and index of change
37100041,477-0073,"Registered apprenticeship training, certificates in the top ten red seal trades by apprentice trade qualifier indicator, sex and age groups, inactive"
37100042,477-0074,"Postsecondary savings for children 0 to 17 years old, by province, inactive"
37100043,477-0075,"Postsecondary savings for children 0 to 17 years old, by parental characteristics, inactive"
37100044,477-0076,"Postsecondary savings for children 0 to 17 years old, by child characteristics, inactive"
37100045,477-0077,Canadian and international tuition fees by level of study (current dollars)
37100046,477-0078,Canadian students additional compulsory fees by level of study
37100047,477-0079,"Literacy, numeracy - Average scores and distribution of proficiency levels, by sex and age group, inactive"
37100048,477-0080,"Problem-solving in technology-rich environments - Distribution of non-respondents and proficiency levels, by sex and age group, inactive"
37100049,477-0081,"Literacy, numeracy - Average scores and distribution of proficiency levels, by labour force status, highest level of education and age group, inactive"
37100050,477-0082,"Problem-solving in technology-rich environments - Distribution of non-respondents and proficiency levels, by labour force status, highest level of education and age group, inactive"
37100051,477-0083,"Literacy, numeracy - Average scores and distribution of proficiency levels, by industry, occupation and sex, inactive"
37100052,477-0084,"Problem-solving in technology-rich environments - Distribution of non-respondents and proficiency levels by industry, occupation and sex, inactive"
37100053,477-0085,"Literacy, numeracy - Average scores and distribution of proficiency levels, by perception of health and community connectedness"
37100054,477-0086,"Problem-solving in technology-rich environments - Distribution of non-respondents and proficiency levels, by perception of health and community connectedness"
37100055,477-0087,"Literacy, numeracy - Average scores and distribution of proficiency levels, by Aboriginal status (off-reserve), immigrant status, minority language status and sex"
37100056,477-0088,"Problem-solving in technology-rich environments - Distribution of non-respondents and proficiency levels by Aboriginal status (off-reserve), immigrant status, minority language status and sex"
37100057,478-0001,"Total expenditures on education, by direct source of funds and type of education"
37100058,478-0004,"Postsecondary non-university education (college) expenditure, by direct source of funds, type of college and type of expenditures"
37100059,478-0005,"Vocational training education expenditures, by type of program and direct source of funds"
37100060,478-0006,"Trade and vocational training education expenditures, by type of program"
37100061,478-0007,"University education expenditures, by direct source of funds and type of expenditures"
37100062,478-0008,"Total expenditures on university education, by type of expenditure"
37100063,478-0010,"School board revenues, by direct source of funds and geography"
37100064,478-0011,"School board expenditures, by function and economic classification"
37100065,478-0012,School board expenditures
37100066,478-0014,Public and private elementary and secondary education expenditures
37100067,478-0015,"Public and private elementary and secondary education expenditures, by direct source of funds"
37100068,505-0003,"Federal, provincial and territorial government expenditures on culture, by culture activity"
37100069,477-0035,"Postsecondary enrolments, by International Standard Classification of Education, program type and credential type"
37100070,477-0036,"Postsecondary graduates, by International Standard Classification of Education, program type and credential type"
37100071,477-0006,"Full-time enrolments and graduates in postsecondary community college programs, by program field, year in program and sex"
37100072,477-0013,"University enrolments, by registration status, program level, Classification of Instructional Programs, Primary Grouping (CIP_PG) and sex"
37100073,477-0014,"University degrees, diplomas and certificates granted, by program level, Classification of Instructional Programs, Primary Grouping (CIP_PG) and sex"
37100074,477-0015,"College enrolments, by registration status, program level, Classification of Instructional Programs, Primary Grouping (CIP_PG) and sex"
37100075,477-0016,"College graduates by program level, Classification of Instructional Programs, Primary Grouping (CIP_PG) and sex"
37100076,477-0017,"Number of full-time teaching staff at Canadian universities, by rank, sex, inactive"
37100077,477-0018,"Number and median age of full-time teaching staff at Canadian universities, by highest earned degree, staff functions, rank, gender"
37100078,,"Number of students in Indigenous language programs, public elementary and secondary schools, by program type"
37100079,477-0051,"Registered apprenticeship training, registrations by major trade groups and sex"
37100080,477-0052,"Registered apprenticeship training, completions by major trade groups and sex"
37100081,478-0002,"Federal government indirect support to provinces and territories for postsecondary education, by type of contributions"
37100082,478-0003,Federal government indirect contributions to provinces under the official languages in education program
37100083,478-0013,"Education price index (EPI), elementary and secondary level, by index category"
37100084,478-0016,"Private elementary and secondary schools revenues, by direct source of funds"
37100085,478-0017,"Elementary and secondary private schools, by type of expenditure"
37100086,477-0031,"Postsecondary enrolments, by status of student in Canada, country of citizenship and gender"
37100087,477-0034,"Postsecondary graduates, by credential type, age group, program type and gender"
37100088,478-0009,"Interprovincial transfer expenditures at the postsecondary level, by province transfers to, transfers from, type of transfer and level of education"
37100089,477-0055,Number of certificates granted to registered apprentices and trade qualifiers
37100090,477-0032,"Postsecondary graduates, by status of student in Canada, country of citizenship and gender"
37100091,109-0400,"Census indicator profile, Canada, provinces, territories, health regions (2014 boundaries) and peer groups"
37100092,109-0401,"National Household Survey indicator profile, Canada, provinces, territories, health regions (2014 boundaries) and peer groups"
37100093,477-0089,"School-age population by living arrangements and age group, inactive"
37100094,477-0090,"School-age population by work activity of parents and age group, inactive"
37100095,477-0091,"School-age population with Indigenous identity by living arrangements and age group, inactive"
37100096,477-0092,"School-age population with Aboriginal identity, by work activity of parents and age group, inactive"
37100097,477-0093,University expenditures by type of expenditure
37100098,477-0094,"Proportion of the school age population, by selected characteristics, in and out of census metropolitan areas (CMAs), inactive"
37100099,477-0095,"Distribution of the population aged 25 to 64 (total and with Aboriginal identity), by highest certificate, diploma or degree and age group"
37100100,477-0096,"Distribution of population aged 25 to 64 (total and with Aboriginal identity), by sex and educational attainment"
37100101,477-0097,"Participation rate in education, population aged 15 to 29, by age and type of institution attended"
37100102,477-0098,"Participation rate in education, population aged 15 to 29, by age group and type of institution attended"
37100103,477-0099,"Participation rate in education, population aged 18 to 34, by age group and type of institution attended"
37100104,477-0100,"Proportion of students who are working, aged 15 to 29, by age and type of institution attended"
37100105,477-0108,"Male full-time and part-time educators in public elementary and secondary schools, inactive"
37100106,477-0102,"Proportion of students who are working, aged 15 to 29, by age group and type of institution attended"
37100107,477-0103,"Population, aged 15 to 29, non-students and students by type of institution attended, age and labour force status"
37100108,477-0123,Number and salaries of full-time teaching staff at Canadian universities
37100109,,"Number of students in elementary and secondary schools, by school type and program type"
37100110,477-0106,"University revenues by source, as a percentage of total revenue"
37100111,,"Number of graduates from secondary schools, by school type and program type"
37100112,,"Postsecondary enrolments, by field of study, International Standard Classification of Education, age group and gender"
37100113,477-0109,"Age distribution of full-time educators (headcount) in public elementary and secondary schools by sex, inactive"
37100114,,"Characteristics and median employment income of postsecondary graduates five years after graduation, by educational qualification and field of study (primary groupings), inactive"
37100115,,"Characteristics and median employment income of longitudinal cohorts of postsecondary graduates two and five years after graduation, by educational qualification and field of study (primary groupings), inactive"
37100116,477-0115,"Sources of funds for expenditures on research and development (R&D) in the higher education sector, in dollars and as a percentage of total funding, Canada and provinces"
37100117,477-0116,Educational attainment in the population aged 25 to 64 living off reserve by Indigenous group
37100118,477-0117,"Number of registered apprentices, inactive"
37100119,477-0118,"Number and percentage distribution of apprenticeship program registrations by age group, inactive"
37100120,477-0121,"Undergraduate tuition fees, Canadian students, by selected standard geographic areas and by field of study"
37100121,477-0122,"Canadian students, tuition and additional compulsory fees, by level of study"
37100122,,"Characteristics and median employment income of postsecondary graduates two years after graduation, by educational qualification and field of study (primary groupings), inactive"
37100123,477-0129,"Demographic characteristics of apprentices, Canada"
37100124,477-0130,"Apprentices' educational background and parents' trade certification by apprentice status (2011 to 2013), Canada"
37100125,477-0131,"Employment status by apprentice status, Canada"
37100126,477-0132,"Grouped hourly wages for job held week prior to survey interview by apprentice status, Canada"
37100127,477-0133,"Apprentices' employment status by sex, aboriginal identity and immigrant status, Canada"
37100128,477-0120,"Number of certificates granted to registered apprentices, and percentage by sex, inactive"
37100129,477-0134,"Percentage of the population aged 0 to 24 living in low-income households, by age group and type of living arrangement"
37100130,477-0135,"Educational attainment of the population aged 25 to 64, by age group and gender, Organisation for Economic Co-operation and Development (OECD), Canada, provinces and territories"
37100131,477-0136,"Combined public and private expenditure on educational institutions, by level of education"
37100132,479-0001,"Estimated average scores and percent distribution of 15-year-old students, science, by proficiency level, Programme for International Student Assessment (PISA), Canada, provinces and participating countries, Council of Ministers of Education Canada (CMEC)"
37100133,479-0002,"Estimated average scores of 15-year-old students, reading, mathematics and science, Programme for International Student Assessment (PISA), Canada and provinces, Council of Ministers of Education Canada (CMEC), inactive"
37100134,479-0003,"Estimated average scores of 15-year-old students, science assessment, by science scale and science sub-scales, Programme for International Student Assessment (PISA), Canada and provinces, Council of Ministers of Education Canada (CMEC)"
37100135,,"Postsecondary graduates, by field of study, International Standard Classification of Education, age group and gender"
37100136,,"Graduation of career, technical or professional training certificate students, within Canada, by student characteristics"
37100137,477-0072,Number of apprenticeship program registrations in Red Seal trades
37100138,,"Proportion of students who started in a career, technical or professional training certificate program and graduated with a different educational qualification, within Canada, by student characteristics"
37100139,,"Persistence and graduation of students in a STEM/ BHASE (non-STEM) grouping other than that of the first enrolment, within Canada, by student characteristics and educational qualification"
37100140,,"Graduation of career, technical or professional training certificate students, within the province or territory of first enrolment, by student characteristics"
37100141,477-0039,"Headcount enrolments in public school Aboriginal language programs, inactive"
37100142,477-0101,Certificates granted to registered apprentices and trade qualifiers in Red Seal trades
37100143,,"Proportion of students who started in a career, technical or professional training certificate program and graduated with a different educational qualification, within the province or territory of first enrolment, by student characteristics"
37100144,,Number and proportion of full-time teaching staff at Canadian universities by academic rank and gender
37100145,,"Graduation of career, technical or professional training certificate students, within the STEM/BHASE (non-STEM) grouping and province or territory of first enrolment, by student characteristics"
37100146,,"Persistence and graduation of students in a STEM/BHASE (non-STEM) grouping other than that of first enrolment, within the province or territory of first enrolment, by student characteristics and educational qualification"
37100147,,"High school completion rate by sex and selected demographic characteristics, inactive"
37100148,,"Postsecondary qualification holders aged 25 years and over by highest certificate, diploma or degree, major field of study, sex and other demographic characteristics"
37100149,,"Estimated average scores of 15-year-old students for the Programme for International Student Assessment, by gender and domain"
37100150,,"Canadian undergraduate tuition fees by field of study, 1972/1973 to 2006/2007, inactive"
37100151,,"Distribution of earners, by highest certificate, diploma or degree and earnings/employment income"
37100152,,"Average earnings or employment income, by age group and highest certificate, diploma or degree"
37100153,,"Educators in public elementary and secondary schools, by work status, age group and sex"
37100154,,"Movements of journeypersons by province or grouped territories of certification (origin) and residence (destination), one and three years after certification, inactive"
37100155,,"Net mobility indicators of newly certified journeypersons one and three years after certification, inactive"
37100156,,"Characteristics and median employment income of postsecondary graduates five years after graduation, by educational qualification and field of study (STEM and BHASE (non-STEM) groupings), inactive"
37100157,,"Characteristics and median employment income of longitudinal cohorts of postsecondary graduates two and five years after graduation, by educational qualification and field of study (STEM and BHASE (non-STEM) groupings), inactive"
37100158,,"Characteristics and median employment income of postsecondary graduates two years after graduation, by educational qualification and field of study (STEM and BHASE (non-STEM) groupings), inactive"
37100159,,"International undergraduate tuition fees by field of study, 1972/1973 to 2006/2007, inactive"
37100160,,"Canadian and international tuition fees by level of study, 1972/1973 to 2006/2007, inactive"
37100161,,"Canadian students, additional compulsory fees by level of study,1993/1994 to 2006/2007, inactive"
37100162,,"Canadian students, tuition and additional compulsory fees by level of study, 1993/1994 to 2006/2007, inactive"
37100163,,"Postsecondary enrolments, by International Standard Classification of Education, institution type, Classification of Instructional Programs, STEM and BHASE groupings, status of student in Canada, age group and gender"
37100164,,"Postsecondary graduates, by International Standard Classification of Education, institution type, Classification of Instructional Programs, STEM and BHASE groupings, status of student in Canada, age group and gender"
37100165,,"Selected population characteristics of postsecondary faculty and researchers by region, role, and employment status"
37100166,,"Research funding recipients among university faculty and researchers, postdoctoral fellows and Ph.D. students by funding type"
37100167,,College faculty and researchers involved in an academic or applied research project
37100168,,Time use of postsecondary faculty and researchers
37100169,,"Unfair treatment, discrimination or harassment among postsecondary faculty and researchers"
37100170,,"High school completion rate by sex, age group and selected demographic characteristics"
37100171,,"Postsecondary qualification holders aged 25 years and over by highest certificate, diploma or degree, STEM and BHASE (non-STEM) groupings for major field of study, sex and selected demographic characteristics"
37100172,,Tenure status and average time to obtain tenure for university faculty and researchers
37100173,,"Number of students in regular programs for youth, private or independent elementary and secondary schools, by grade and sex"
37100174,,"Number of students in regular programs for youth, private or independent elementary and secondary schools, by age and sex"
37100175,,"Number of students in official languages programs, private or independent elementary and secondary schools, by program type, grade and sex"
37100176,,"Number of graduates from regular programs for youth, private or independent secondary schools, by age and sex"
37100177,,"Educators in private or independent elementary and secondary schools, by work status, age group and sex"
37100178,,"Number of home-schooled students in regular programs for youth, elementary and secondary education, by grade and sex"
37100179,,"Number of home-schooled students in regular programs for youth, elementary and secondary education, by age and sex"
37100180,,Percentage of graduates who borrowed from government student loan programs and their average debt at graduation
37100181,,Incidence and repayment of government student loans among graduates who did not pursue any further postsecondary education program
37100182,,"Postsecondary enrolments, by detailed field of study and International Standard Classification of Education, inactive"
37100183,,"Postsecondary graduates, by detailed field of study and International Standard Classification of Education, inactive"
37100184,,"Postsecondary enrolments, by status of student in Canada, country of citizenship and Classification of Instructional Programs, STEM and BHASE groupings"
37100185,,"Postsecondary graduates, by status of student in Canada, country of citizenship and Classification of Instructional Programs, STEM and BHASE groupings"
37100186,,"Work-integrated learning participation of postsecondary graduates, by province of study, level of study, field of study and sex, inactive"
37100187,,"Work-integrated learning participation of postsecondary graduates, by province of residence at interview, level of study, field of study and sex, inactive"
37100188,,"Labour market outcomes of postsecondary graduates at time of interview, by province of study, level of study, field of study, sex and work-integrated learning participation, inactive"
37100189,,"Labour market outcomes of postsecondary graduates at time of interview, by province of residence at interview, level of study, field of study, sex and work-integrated learning participation, inactive"
37100190,,"Postsecondary education savings for children aged 17 and under, by region"
37100191,,"Postsecondary education savings for children aged 17 and under, by parental characteristics"
37100192,,"Postsecondary education savings for children aged 17 and under, by child characteristics"
37100193,,"Certification, continuation and discontinuation rates of newly registered apprentices within program duration, 1.5 times program duration and 2 times program duration"
37100194,,"Median employment income of journeypersons who certify in selected trades, two and five years after certification, cross-sectional analysis"
37100195,,"Median employment income of journeypersons who certify in selected trades at 4 and 2 years before certification, year of certification, 2 and 4 years after certification, longitudinal analysis"
37100196,,"Percentage of 15-to 29-year-olds in education and not in education by labour force status, highest level of education attained, age group and sex"
37100197,,"Employment rates of 25-to 64-year-olds, by highest level of education attained, age group and gender"
37100198,,"Postsecondary graduates, by province of study, level of study, field of study and sex, inactive"
37100199,,"Postsecondary graduates, by province of residence at interview, level of study, field of study and sex, inactive"
37100200,,"Student debt of postsecondary graduates from all sources, by province of study, level of study, field of study and sex, inactive"
37100201,,"Student debt of postsecondary graduates from all sources, by province of residence at interview, level of study, field of study and sex, inactive"
37100202,,"Postsecondary graduates who owed money for their education to government-sponsored student loans at graduation, by province of study, level of study, field of study and sex, inactive"
37100203,,"Postsecondary graduates who owed money for their education to government-sponsored student loans at graduation, by province of residence at interview, level of study, field of study and sex, inactive"
37100204,,"Movements of journeypersons by province or grouped territories of certification (origin) and of residence or employment (destination), one and three years after certification"
37100205,,"Net mobility indicators of newly certified journeypersons, one and three years after certification"
37100207,,Canadian legislators by selected demographic characteristics and sex
37100208,,Canadian judges by selected demographic characteristics and sex
37100209,,"Participation rate in postsecondary education, young Canadians between 19 and 23 years of age, by family characteristics measured five years earlier"
37100210,,"Annual expenditure by educational institutions per student, by educational level, 2018/2019"
37100211,,"Public and private expenditure on educational institutions as a percentage of GDP, by level of education"
37100212,,"Distribution of total and current expenditure by educational institutions, from public and private sources, by level of education"
37100213,,"Number of students in regular programs for youth, public elementary and secondary schools, by Indigenous identity, grade and sex"
37100214,,"Number of students in regular programs for youth, public elementary and secondary schools, by Indigenous identity, age and sex"
37100215,,"Characteristics and median employment income of postsecondary graduates ten years after graduation, by educational qualification and field of study (primary groupings), inactive"
37100216,,"Characteristics and median employment income of postsecondary graduates ten years after graduation, by educational qualification and field of study (STEM and BHASE (non-STEM) groupings), inactive"
37100217,,"Characteristics and median employment income of longitudinal cohorts of postsecondary graduates two, five and ten years after graduation, by educational qualification and field of study (primary groupings), inactive"
37100218,,"Characteristics and median employment income of longitudinal cohorts of postsecondary graduates two, five and ten years after graduation, by educational qualification and field of study (STEM and BHASE (non-STEM) groupings), inactive"
37100219,,"Apprenticeship programs by age groups, major trade groups, sex and registration status"
37100220,,"Apprenticeship certifications by age group, major trade group and sex"
37100221,,"True cohort high school graduation rate, on-time and extended-time graduation rates, by gender"
37100222,,Canadian undergraduate tuition fees by field of study (constant dollars)
37100223,,Canadian graduate tuition fees by field of study (constant dollars)
37100224,,International undergraduate tuition fees by field of study (constant dollars)
37100225,,International graduate tuition fees by field of study (constant dollars)
37100226,,Canadian and international tuition fees by level of study (constant dollars)
37100227,,"Annual expenditure by educational institutions per student, by educational level, 2019/2020"
37100228,,"Number and distribution of full-time academic staff at Canadian universities by age group, gender and province"
37100229,,"Mean scores of Grade 8 students, Pan-Canadian Assessment Program reading, science and mathematics assessment"
37100230,,Mean scores of Grade 8 students on the Pan-Canadian Assessment Program mathematics subdomains assessments
37100231,,"Percentage distribution, results of Grade 8 students on the Pan-Canadian Assessment Program mathematics assessment, by level of performance"
37100232,,"Postsecondary enrolments, by International Standard Classification of Education, institution, and program and student characteristics"
37100233,,"Postsecondary graduates, by International Standard Classification of Education, institution, and program and student characteristics"
37100234,,"Postsecondary enrolments, by detailed field of study, institution, and program and student characteristics, inactive"
37100235,,"Postsecondary graduates, by detailed field of study, institution, and program and student characteristics, inactive"
37100236,,Mean scores of Grade 8 students on the Pan-Canadian Assessment Program science subdomains assessments
37100237,,"Percentage distribution, results of Grade 8 students on the Pan-Canadian Assessment Program science assessment, by level of performance"
37100238,,Mean scores of Grade 8 students on the Pan-Canadian Assessment Program reading subdomains assessments
37100239,,"Percentage distribution, results of Grade 8 students on the Pan-Canadian Assessment Program reading assessment, by level of performance"
37100240,,"Annual expenditure by educational institutions per student, by educational level, 2020/2021"
37100241,,"Intended instruction time in public institutions, ages 6 through 17, by age"
37100242,,"Organization of teachers' working time, by educational level taught"
37100243,,"Annual statutory teachers' salaries in public institutions, by level of education taught and teaching experience, Canadian dollars"
37100244,,"Annual statutory teachers' salaries in public institutions, by level of education taught and teaching experience, US dollars"
37100245,,"Canadian career, technical or professional training certificate students belonging to a visible minority group, by gender"
37100246,,"Canadian master's degree students belonging to a visible minority group, by gender"
37100247,,"Canadian career, technical or professional training diploma students belonging to a visible minority group, by field of study"
37100248,,"Canadian postsecondary students belonging to a visible minority group, by region of study"
37100249,,"Work-integrated learning participation during postsecondary studies, by province of study"
37100250,,"Work-integrated learning participation during postsecondary studies, by province of residence"
37100251,,"Labour market outcomes three years after postsecondary education, by province of study"
37100252,,"Labour market outcomes three years after postsecondary education, by province of residence"
37100253,,"Portrait of postsecondary graduates, by province of study"
37100254,,"Portrait of postsecondary graduates, by province of residence"
37100255,,"Student debt at postsecondary graduation, by source of debt and province of study"
37100256,,"Student debt at postsecondary graduation, by source of debt and by province of residence"
37100257,,"Portrait of postsecondary graduates who owed government-sponsored student loans at graduation, by province of study"
37100258,,"Portrait of postsecondary graduates who owed government-sponsored student loans at graduation, province of residence"
37100259,,"Average scores and distribution of proficiency levels in literacy, numeracy and adaptive problem solving, by age group and gender"
37100260,,"Average scores in literacy, numeracy and adaptive problem solving, by labour force status, age group and gender"
37100261,,"Average scores in literacy, numeracy and adaptive problem solving, by highest level of education, age group and gender"
37100262,,"Average scores in literacy, numeracy and adaptive problem solving, by occupation and gender"
37100264,,"New entrants to postsecondary education by Indigenous identity, educational qualification, field of study (STEM and BHASE (non-STEM) groupings), gender and age"
37100265,,"Canadian postsecondary graduates by visible minority group, educational qualification, field of study (primary groupings), gender and age"
37100266,,"Canadian postsecondary graduates by visible minority group, educational qualification, field of study (STEM and BHASE (non-STEM) groupings), gender and age"
37100267,,"Canadian postsecondary enrolments by visible minority group, educational qualification, field of study (primary groupings), gender and age"
37100268,,"Canadian postsecondary enrolments by visible minority group, educational qualification, field of study (STEM and BHASE (non-STEM) groupings), gender and age"
37100269,,Selected characteristics among the school age population
37100270,,"Annual expenditure by educational institutions per student, by educational level, 2021/2022"
37100275,,"Postsecondary enrolments, by detailed field of study and International Standard Classification of Education"
37100276,,"Postsecondary graduates, by detailed field of study and International Standard Classification of Education"
37100277,,"Postsecondary enrolments, by detailed field of study, institution, and program and student characteristics"
37100278,,"Postsecondary graduates, by detailed field of study, institution, and program and student characteristics"
37100279,,"Characteristics and median employment income of postsecondary graduates five years after graduation, by educational qualification and field of study (alternative primary groupings)"
37100280,,"Characteristics and median employment income of longitudinal cohorts of postsecondary graduates two and five years after graduation, by educational qualification and field of study (alternative primary groupings)"
37100281,,"Characteristics and median employment income of postsecondary graduates two years after graduation, by educational qualification and field of study (alternative primary groupings)"
37100282,,"Characteristics and median employment income of postsecondary graduates five years after graduation, by educational qualification and field of study (STEM and BHASE groupings)"
37100283,,"Characteristics and median employment income of longitudinal cohorts of postsecondary graduates two and five years after graduation, by educational qualification and field of study (STEM and BHASE groupings)"
37100284,,"Characteristics and median employment income of postsecondary graduates two years after graduation, by educational qualification and field of study (STEM and BHASE groupings)"
37100285,,"Characteristics and median employment income of postsecondary graduates 10 years after graduation, by educational qualification and field of study (alternative primary groupings)"
37100286,,"Characteristics and median employment income of postsecondary graduates 10 years after graduation, by educational qualification and field of study (STEM and BHASE groupings)"
37100287,,"Characteristics and median employment income of longitudinal cohorts of postsecondary graduates 2, 5 and 10 years after graduation, by educational qualification and field of study (alternative primary groupings)"
37100288,,"Characteristics and median employment income of longitudinal cohorts of postsecondary graduates 2, 5 and 10 years after graduation, by educational qualification and field of study (STEM and BHASE groupings)"
38100002,409-0011,"Marine accident rankings for top commodities, package types and initiating events, Transport Canada"
38100003,153-0110,"Median, maximum and minimum monthly water yield for selected drainage regions"
38100004,153-0119,"Pollution prevention methods by establishment size, inactive"
38100005,153-0120,"Environmental management practices by establishment size, inactive"
38100006,153-0121,Value of selected natural resource reserves
38100007,153-0122,Selected natural resource reserves
38100008,153-0117,"Capital and operating expenditures on environmental protection per employee, inactive"
38100009,153-0126,Source water type and unit processes for water treatment by drinking water plants
38100010,153-0129,Physical flows by final demand category
38100011,153-0131,"Purchases to feed, shelter or watch birds, by type of dwelling"
38100013,153-0132,"Purchases to feed, shelter or watch birds, by type of household"
38100015,153-0130,"Purchases to feed, shelter or watch birds"
38100016,153-0133,"Purchases to feed, shelter or watch birds, by household income"
38100018,153-0146,Indoor air quality
38100019,153-0147,Air conditioners
38100020,153-0148,Parks and green spaces
38100021,153-0149,"Parks and green spaces, by type of dwelling"
38100022,153-0150,"Parks and green spaces, by household income"
38100023,153-0151,Environmental engagement
38100024,153-0152,"Environmental engagement, by type of household"
38100025,153-0156,"Homegrown fruit, herbs, vegetables and flowers"
38100026,153-0157,"Homegrown fruit, herbs, vegetables and flowers, by tenure and type of dwelling"
38100027,153-0158,"Homegrown fruit, herbs, vegetables and flowers, by type of household"
38100028,153-0160,"Trees, bushes and hedges on property, by tenure and type of dwelling"
38100029,153-0035,"Land cover by category, Canada, major drainage areas and sub-drainage areas, inactive"
38100030,153-0301,"Revenues from sales of environmental and clean technology goods and services, by type of good and service, Canada and region, inactive"
38100031,153-0302,"Revenues from environmental and clean technology goods and services exports, Canada and regions"
38100032,153-0041,"Disposal of waste, by source"
38100033,153-0042,"Materials diverted, by source, inactive"
38100034,153-0043,"Materials diverted, by type, inactive"
38100035,153-0044,Business sector characteristics of the waste management industry
38100036,153-0045,Local government characteristics of the waste management industry
38100037,153-0047,"Water use parameters in manufacturing industries, by industry"
38100038,153-0048,"Water use parameters in manufacturing industries, by provinces, territories and drainage regions"
38100039,153-0049,"Water intake in manufacturing industries, by month of intake and industry"
38100040,153-0050,"Water intake in manufacturing industries, by source and industry"
38100041,153-0051,"Water intake in manufacturing industries, by source and by provinces, territories and drainage regions"
38100042,153-0052,"Capital and operating expenditures on environmental protection, by North American Industry Classification System, inactive"
38100043,153-0053,"Capital and operating expenditures on environmental protection, by type of activity, inactive"
38100044,153-0054,"Distribution of capital expenditures on pollution abatement and control (end-of-pipe) and pollution prevention by industry, inactive"
38100045,153-0055,"Distribution of capital expenditures on pollution abatement and control (end-of-pipe) and pollution prevention by geographic region, inactive"
38100046,153-0056,"Capital and operating expenditures on environmental protection, by type of activity and establishment size, inactive"
38100047,153-0057,"Selected population characteristics, Canada, ecozones and ecoregions"
38100048,153-0059,"Use of energy-saving lights, Canada and provinces"
38100049,153-0060,Use of thermostats
38100052,153-0064,Use of fertilizer and pesticides
38100053,153-0065,Awareness of air quality advisories and their influence on behaviours
38100054,153-0303,"Environmental and clean technology employment, Canada and regions, inactive"
38100055,153-0067,"Intake water treatment in manufacturing industries, by industry"
38100056,153-0068,"Water intake in manufacturing industries, by purpose of initial use and by industry"
38100057,153-0069,"Water recirculation in manufacturing industries, by purpose and by industry"
38100058,153-0070,"Water discharge in manufacturing industries, by point of discharge and by industry"
38100059,153-0071,"Water discharge in manufacturing industries, by point of discharge and by provinces, territories and drainage regions"
38100060,153-0072,"Water discharge in manufacturing industries, by type of final treatment and industry"
38100061,153-0073,"Water discharge in manufacturing industries, by type of final treatment and by provinces, territories and drainage regions"
38100062,153-0074,"Water acquisition costs in manufacturing industries, by industry"
38100063,153-0075,"Water acquisition costs in manufacturing industries, by provinces, territories and drainage regions"
38100064,153-0076,"Total water costs in manufacturing industries, by water cost component and industry"
38100065,153-0077,"Total water costs in manufacturing industries, by water cost component and by provinces, territories and drainage regions"
38100066,153-0078,"Water use parameters in mineral extraction industries, by industry"
38100067,153-0079,"Water use parameters in mineral extraction and thermal-electric power generation industries, by region"
38100068,153-0080,"Water intake in mineral extraction and thermal-electric power generation industries, by month of intake, by region and by industry"
38100069,153-0081,"Water intake in mineral extraction industries, by source and by industry"
38100070,153-0082,"Water intake in mineral extraction and thermal-electric power generation industries, by source, by region and by industry"
38100071,153-0083,"Intake water treatment in mineral extraction industries, by type of treatment and by industry"
38100072,153-0084,"Intake water treatment in mineral extraction and thermal-electric power generation industries, by type of treatment and region"
38100073,153-0085,"Water intake in mineral extraction industries, by purpose of initial use and industry"
38100074,153-0086,"Water intake in mineral extraction and thermal-electric power generation industries, by purpose of initial use and region"
38100075,153-0087,"Water recirculation in mineral extraction industries, by purpose and industry"
38100076,153-0088,"Water recirculation in mineral extraction and thermal-electric power generation industries, by purpose and region of use and by industry"
38100077,153-0089,"Water discharge in mineral extraction industries, by point of discharge and industry"
38100078,153-0090,"Water discharge in mineral extraction and thermal-electric power generation industries, by point of discharge and region"
38100079,153-0091,"Water discharge in mineral extraction and thermal-electric power generation industries, by point of discharge and type of final treatment"
38100080,153-0092,"Water discharge in mineral extraction industries, by type of final treatment and industry"
38100081,153-0093,"Water discharge in mineral extraction and thermal-electric power generation industries, by type of final treatment and region"
38100082,153-0094,"Water acquisition costs in mineral extraction industries, by industry"
38100083,153-0095,"Water acquisition costs in mineral extraction and thermal-electric power generation industries, by region"
38100084,153-0096,"Total water costs in mineral extraction industries, by water cost component and industry"
38100085,153-0097,"Total water costs in mineral extraction and thermal-electric power generation industries, by water cost component, by industry"
38100086,153-0098,Knowledge of radon and testing
38100087,,"Revenues from domestic sales of environmental and clean technology goods and services, by type of good and service, Canada and regions"
38100088,153-0100,"Irrigation volume by month, inactive"
38100089,153-0102,Selected glaciers' mass balance
38100090,153-0103,Departures of temperature and precipitation from normals
38100091,,Annual water yield for selected ecoprovinces
38100092,153-0105,"Potable water volumes processed by drinking water plants, by source water type"
38100093,153-0106,Population served by drinking water plants
38100094,153-0107,Total capital expenditures of drinking water plants
38100095,,"Median, minimum and maximum monthly water yield for selected ecoprovinces"
38100096,153-0113,Physical flow account for energy use
38100097,153-0114,Physical flow account for greenhouse gas emissions
38100098,153-0115,"Direct plus indirect energy and greenhouse gas emissions intensity, by industry"
38100099,,Wastewater volumes processed by municipal sewage systems
38100100,,Combined sewer overflow discharge volumes
38100101,153-0099,"Farm irrigation status and area, inactive"
38100102,153-0104,Indoor water conservation practices
38100103,153-0108,Operation and maintenance costs of drinking water plants
38100104,153-0009,"Value of proven and probable zinc, lead and silver reserves"
38100105,153-0011,Value of timber stocks (methods I and II)
38100106,153-0029,Timber assets (area)
38100107,153-0030,Timber assets (volume)
38100108,153-0031,"Direct plus indirect energy intensity, by industry"
38100109,153-0032,"Energy use, by sector"
38100110,153-0033,Direct plus indirect greenhouse gas emissions intensity
38100111,153-0034,"Greenhouse gas emissions, by sector"
38100112,153-0038,"Selected agricultural activities, all major drainage areas and sub-drainage areas with agriculture"
38100113,153-0039,"Selected agricultural activities, provinces"
38100114,153-0040,"Manure production, Canada, major drainage areas and sub-drainage areas"
38100115,153-0046,Direct and indirect household energy use and household greenhouse gas emissions
38100116,153-0058,"Selected agricultural activities, Canada, ecozones and ecoregions with agriculture"
38100117,153-0061,"Radon awareness and testing, 2007"
38100118,153-0101,Water use in Canada
38100119,,Population served by municipal wastewater systems
38100120,153-0118,"Distribution of operating expenditures on pollution abatement and control (end-of-pipe) and pollution prevention, inactive"
38100121,153-0153,Participation in outdoor activities
38100122,153-0154,"Participation in outdoor activities, by type of household"
38100123,153-0155,"Participation in outdoor activities, by household income"
38100124,,Wastewater volumes discharged from municipal sewage systems by treatment category
38100125,,Population served by municipal wastewater systems by treatment category
38100126,,"Household hazardous waste, inactive"
38100127,,"Total accidents involving petroleum where a release occurred, Transport Canada"
38100128,,Composting practices of Canadian households
38100129,,"Number of reportable dangerous goods accidents, by month and mode, Transport Canada"
38100130,,Capital and operating expenditures on environmental activities by industry
38100131,,Capital and operating expenditures on environmental activities by geographic region
38100132,,Environmental protection activities by industry
38100133,,Capital and operating expenditures on pollution prevention and pollution abatement and control by industry
38100134,,Capital and operating expenditures on pollution prevention and pollution abatement and control by geographic region
38100135,,Drivers to the purchase of technologies related to environmental protection by industry
38100136,,Obstacles to the purchase of technologies related to environmental protection by industry
38100137,,Environmental Management Practices by industry
38100138,,"Waste materials diverted, by type and by source, inactive"
38100139,,Energy use and greenhouse gas emissions associated with the production of environmental and clean technology products
38100140,,"Natural resources satellite account, environmental perspective"
38100141,,"Energy use and greenhouse gas emissions associated with tourism, by product"
38100142,,Disposal of boxes from online purchases
38100143,,"Disposal of boxes from online purchases, by household income"
38100144,,Single-use plastics
38100145,,Capital and operating expenditures on resource management activities by industry
38100146,,Capital and operating expenditures on resource management activities by geographic region
38100147,,Resource management activities by industry
38100148,,Lawn care and landscaping equipment
38100149,,"Urban greenness and normalized difference vegetation index by population centre, inactive"
38100150,,"Physical Flow Account for Plastic Material, by product category"
38100151,,"Physical flow account for plastic material, by resin"
38100152,,"Environmental and clean technology employment, Canada and regions"
38100153,,Ocean and coastal ecosystem extent account
38100154,,Electronic waste
38100155,,Household hazardous waste
38100156,,Reusable containers
38100157,,Protected and conserved ocean and coastal ecosystem extent account
38100158,,Urban greenness and normalized difference vegetation index by 2021 population centre
38100160,,"Model-based estimation of water intake in manufacturing, mineral extraction and thermal-electric power generation industries, by industry"
38100161,,Salt marsh ecosystem services account
38100162,,Salt marsh ecosystem condition account
38100163,,Extent and growth of contiguously settled areas
38100164,,Agroecosystem condition account
38100165,,Agroecosystem extent
38100166,,"Selected population characteristics of people living in resource-based communities, by resource industry"
38100167,,"Resource-based community status and proportion of income and employment from a resource industry, by resource industry, 2016"
38100168,,"Resource-based community status and proportion of income and employment from a resource industry, by resource industry, 2021"
38100169,,"Selected population and resource income statistics, by resource industry"
38100170,,Coastal population and dwellings by elevation and distance from coastline
38100171,,"Ecosystem services, biomass provisioning services by ecosystem type and type of product"
38100172,,Model-based estimation of potable water volumes processed by drinking water plants and their population served
38100173,,Vehicles and charging stations owned by Canadian households
38100174,,Thirty-year water yield averages and variability
38100175,,Capital expenditures on environmental activities by industry
38100176,,Drivers and obstacles to the purchase of technologies related to environmental protection by industry
38100177,,"Land cover by class, Canada, ecoprovince and ecozone"
38100178,,"Land cover by class, Canada, sub-drainage area, major drainage area and drainage region"
38100179,,"Waste materials diverted, by type and by source"
38100234,378-0122,"Credit market summary table at book value, national balance sheet accounts"
38100235,378-0123,"Financial indicators of households and non-profit institutions serving households, national balance sheet accounts"
38100236,378-0124,"Financial indicators of corporate sector, national balance sheet accounts"
38100237,378-0125,"Financial indicators of general government sector, national balance sheet accounts"
38100238,378-0127,"Household sector credit market summary table, seasonally adjusted estimates"
38100239,153-0134,Irrigation volume by province and drainage region
38100240,153-0135,Irrigation volume by crop type
38100241,153-0136,Total area that received irrigation by crop type
38100242,153-0137,Number of farms by irrigation status
38100243,153-0138,Number of farms that stopped irrigating or did not irrigate by reason
38100244,153-0139,Number of farms by irrigation method
38100245,153-0140,Farms by irrigation method and crop type
38100246,153-0141,Number of farms and percentage of irrigation water by water source
38100247,153-0142,Number of farms and percentage of off-farm water by irrigation water source
38100248,153-0143,Number of farms by reason for using an off-farm irrigation water source
38100249,153-0144,Number of farms by water and energy conservation practices
38100250,153-0116,Physical flow account for water use
38100251,378-0005,Natural resource assets and produced assets
38100252,409-0001,"Total number of dangerous goods accidents during transport recorded by mode, Transport Canada"
38100253,409-0002,"Number of reportable dangerous goods accidents, by province, territory and mode, Transport Canada"
38100254,409-0003,"Number of reportable dangerous goods accidents, by mode, deaths, injuries and accident severity, Transport Canada"
38100255,409-0004,"Number of reportable dangerous goods accidents, by facility, Transport Canada"
38100256,409-0005,"Number of dangerous goods commodities involving reportable accidents by class, release location, damage type, containment type, emergency response personnel, phase of transport, accident type, action type and contributing factor, Transport Canada"
38100257,409-0006,"Total accident rankings for top commodities, package types and initiating events, Transport Canada"
38100258,409-0007,"Road accident rankings for top commodities, package types and initiating events, Transport Canada"
38100259,409-0008,"Rail accident rankings for top commodities, package types and initiating events, Transport Canada"
38100260,409-0009,"Facility accident rankings for top commodities, package types and initiating events, Transport Canada"
38100261,409-0010,"Air accident rankings for top commodities, package types and initiating events, Transport Canada"
38100262,152-0001,Metal production in Canada
38100263,152-0002,Principal statistics of the mineral industries
38100264,152-0003,"Mineral industries, including metals, non-metallic metals and fuels"
38100265,152-0004,Mineral production in Canada
38100266,152-0005,"Principal statistics of mineral industries, by North American Industry Classification System (NAICS)"
38100269,153-0128,Operation and maintenance costs of drinking water plants by production volume and main source water type
38100270,153-0125,"Potable water volumes and population served from drinking water plants, by treatment category"
38100271,153-0127,Potable water use by sector and average daily use
38100272,153-0124,"Potable water volumes processed by drinking water plants, by month"
38100273,153-0159,"Trees, bushes and hedges on property"
38100274,153-0062,"Households and the environment survey, dwelling's main source of water"
38100275,153-0063,"Households and the environment survey, primary type of drinking water consumed"
38100276,153-0066,"Households and the environment survey, treatment of drinking water"
38100277,153-0123,"Treatment of main source of water by households, Canada, provinces and census metropolitan areas (CMA)"
38100280,153-0164,Land cover and land use for selected geographical areas
38100281,153-0166,"Households and the environment survey, knowledge of radon and testing, by tenure and type of dwelling, Canada"
38100282,153-0171,"Outdoor water usage by households, Canada, provinces and census metropolitan areas (CMA)"
38100283,153-0109,Annual water yield for selected drainage regions and Southern Canada
38100285,388-0010,"Natural resources satellite account, indicators"
38100286,153-0145,Primary heating systems and type of energy
39100002,,"Number and assessment value of residential properties, by property type and residency status, provinces of British Columbia and Ontario and their census metropolitan areas"
39100003,,"Number of residential properties, by ownership type and residency status, provinces of British Columbia and Ontario and their census metropolitan areas"
39100004,112-0001,"General social survey (GSS), family structure, by region, inactive"
39100005,112-0002,"General social survey (GSS), population 15 years and over, by union frequency and age group"
39100006,112-0003,"General social survey (GSS), living arrangements of grandparents aged 45 years and over, by sex and age group"
39100007,053-0003,"Life expectancy and other elements of the life table, Canada and provinces"
39100009,101-1001,"Marriages, by type of marriage and month, inactive"
39100012,101-1005,"Marriages, by marital status and age of groom, and by marital status and age of bride, opposite-sex marriage, inactive"
39100015,101-1009,"Marriages, by religion of groom and religion of bride, opposite-sex marriages, inactive"
39100016,101-1011,"Total first marriage rates and age-specific first marriage rates per 1,000 males, all marriages, inactive"
39100017,101-1012,"Total first marriage rates and age-specific first marriage rates per 1,000 females, all marriages, inactive"
39100018,101-1013,"Marriages, by type of marriage and type of officiant, inactive"
39100021,101-6503,"Divorces, by marital status of husband and of wife just prior to marriage, inactive"
39100024,101-6506,"Divorces, by age of husband and wife at marriage, inactive"
39100025,101-6507,"Divorces, by age of husband and wife at divorce, inactive"
39100026,101-6508,"Divorces, by age of husband at marriage and at divorce, inactive"
39100027,101-6509,"Divorces, by age of wife at marriage and at divorce, inactive"
39100030,101-6512,"Number of dependents in divorces involving custody orders, by party to whom custody was granted, inactive"
39100031,101-6513,"Number of dependents involved in a divorce with a custody order, inactive"
39100032,101-6514,"Divorces, by number of dependents involved or not in custody orders, inactive"
39100033,101-6515,"Mean number of dependents involved in custody orders per divorce, inactive"
39100034,101-6516,"Divorces, by reason for marital breakdown, inactive"
39100035,101-6517,"Divorces, by year of marriage and age of husband at marriage, inactive"
39100036,101-6518,"Divorces, by year of marriage and age of wife at marriage, inactive"
39100039,109-0003,"Housing affordability (1995 income), by occupancy status, Canada, provinces, territories and health regions, 1996"
39100040,109-0017,"Owner-occupied dwellings as a proportion of total dwellings and average dwelling value, Canada, provinces, territories and health regions, 1996"
39100041,111-0022,Census families with children by age of children and children by age groups
39100042,111-0032,"Senior census families by family type and age of older partner, parent or individual"
39100043,111-0033,"Tax filers and dependants in senior census families by family type, sex and age"
39100044,,Number of grandparents in Canada
39100045,,"Number of residential properties, by period of construction and residency status, provinces of British Columbia and Ontario and their census metropolitan areas"
39100046,,"Number and percentage of individual resident owners, median and average assessment value of residential properties, by age and property type, provinces of British Columbia and Ontario and their census metropolitan areas"
39100047,,"Number and percentage of individual resident owners, median and average assessment value of residential properties, by sex of property owner and property type, provinces of British Columbia and Ontario and their census metropolitan areas"
39100048,,"Population in core housing need, by economic family structure and sex"
39100049,,"Number and percentage of residential properties, by residency status, provinces of British Columbia and Ontario and their census subdivisions"
39100050,,"Population in core housing need, by selected economic family characteristics of persons and sex"
39100051,,Number of divorces and divorce indicators
39100052,,"Mean age and median age at divorce and at marriage, for persons who divorced in a given year, by sex or gender"
39100053,,"Number of persons who divorced in a given year and divorce rate per 1,000 married persons, by age group and sex or gender"
39100054,,"Number of divorces and divorce rate per 1,000 marriages, by duration of marriage"
39100055,,Number of marriages and nuptiality indicators
39100056,,"Mean age and median age at marriage, by legal marital status"
39100057,,"Number of persons who married in a given year and marriage rate per 1,000 unmarried persons, by age group and legal marital status"
41100001,577-0001,Perceived general health by Aboriginal identity
41100002,577-0002,"Perceived general health, Inuit population, by Inuit region of residence"
41100003,577-0003,Access to and use of health care services by Aboriginal identity
41100004,577-0004,"Access to and use of health care services, Inuit population, by Inuit region of residence"
41100005,577-0005,Long-term health problems (self-reported) by Aborginal identity
41100006,577-0006,"Long-term health problems (self-reported) by Aborginal Identity, aged 12 years and over"
41100007,577-0007,Smoking status by Aboriginal identity
41100008,577-0008,"Smoking status, Inuit population, by Inuit region of residence"
41100009,577-0009,Food security by Aboriginal Identity
41100010,577-0010,"Food security, Inuit population, by Inuit region of residence"
41100011,577-0013,Perceived mental health and suicidal thoughts by Aboriginal identity
41100012,,"Methods used to look for work by Aboriginal identity, unemployed"
41100013,,"Methods used to look for work by Inuit population, unemployed"
41100014,,"Reasons for difficulty in finding work by Aboriginal identity, unemployed"
41100015,,"Reasons for difficulty in finding work by Inuit population, unemployed"
41100016,,"What would help most to find a job by Aboriginal identity, unemployed"
41100017,,"What would help most to find a job by Inuit population, unemployed"
41100018,,"What would help most to find a job by Aboriginal identity, not in the labour force and plan to look for work"
41100019,,"What would help most to find a job by Inuit population, not in the labour force and plan to look for work"
41100020,,"Self-perceived general health by Aboriginal identity, age group and sex"
41100021,,"Self-perceived mental health and suicidal thoughts by Aboriginal identity, age group and sex, population aged 15 years and over, Canada, provinces and territories"
41100022,576-0001,"Aboriginal peoples survey, making handcrafted goods by Aboriginal identity, age group and sex, population aged 15 years and over, Canada, provinces and territories"
41100023,576-0002,"Aboriginal peoples survey, making handcrafted goods by age group and sex, Inuit population aged 15 years and over, Canada and Inuit Nunangat"
41100024,576-0003,"Aboriginal peoples survey, reasons for making handcrafted goods, by Aboriginal identity, age group and sex, population aged 15 years and over, Canada, provinces and territories"
41100025,576-0004,"Aboriginal peoples survey, reasons for making handcrafted goods, by age group and sex, Inuit population aged 15 years and over, Canada and Inuit Nunangat"
41100026,576-0005,"Aboriginal peoples survey, harvesting activities by Aboriginal identity, age group and sex, population aged 15 years and over, Canada, provinces and territories"
41100027,576-0006,"Aboriginal peoples survey, harvesting activities by age group and sex, Inuit population aged 15 years and over, Canada and Inuit Nunangat"
41100028,576-0007,"Aboriginal peoples survey, reasons for harvesting, by Aboriginal identity, age group and sex, population aged 15 years and over, Canada, provinces and territories"
41100029,576-0008,"Aboriginal peoples survey, reasons for harvesting, by age group and sex, Inuit population aged 15 years and over, Canada and Inuit Nunangat"
41100030,576-0009,Self-rated ability to speak and understand an Aboriginal language by Aboriginal identity
41100031,576-0010,Self-rated ability to speak and understand an Aboriginal language by Inuit region of residence
41100032,576-0011,Primary Aboriginal language spoken and self-rated ability to speak primary Aboriginal language
41100033,576-0012,Primary Aboriginal language understood and self-rated ability to understand primary Aboriginal language
41100034,576-0013,Importance of speaking and understanding an Aboriginal language by Aboriginal Identity
41100035,576-0014,Importance of speaking and understanding an Aboriginal language by Inuit region of residence
41100036,578-0001,Educational attainment and labour force status by Aboriginal Identity
41100037,578-0002,Educational attainment and labour force status by Inuit region of residence
41100038,578-0003,Path to obtaining high school diploma and postsecondary education by Aboriginal Identity
41100039,578-0004,Path to obtaining high school diploma and postsecondary education by Inuit region of residence
41100040,,"Access to and use of health care services by Aboriginal identity, age group and sex"
41100041,,"Long-term health problems (self-reported) by Aboriginal identity, age group and sex"
41100042,,"Smoking status by Aboriginal identity, age group and sex"
41100043,,"Self-rated ability to understand and speak an Aboriginal language by Aboriginal identity, age group and sex"
41100044,,"Harvesting activities by Aboriginal identity, age group and sex"
41100045,,"Making handcrafted goods by Aboriginal identity, age group and sex"
41100046,,"Reasons for harvesting, by Aboriginal identity, age group and sex"
41100047,,"Reasons for making handcrafted goods, by Aboriginal identity, age group and sex"
41100048,,Representation of men and women in First Nation band councils and Chiefs in First Nation communities by sex
41100049,,"Disability status, disability severity class and labour force status by Aboriginal identity, age group and sex"
41100050,,"Skills training and labour force status by Aboriginal identity, age group and sex"
41100051,,"Skills limiting job opportunities and labour force status by Aboriginal identity, age group and sex"
41100052,,"Job permanency, part-time or full-time job status, and job satisfaction by Aboriginal identity, age group and sex"
41100053,,"Mismatch of skills for current job and job satisfaction by Aboriginal identity, age group and sex"
41100054,,"Engagement in activities indicating sense of belonging, and sense of belonging and positive feelings, (First Nations/Métis/Inuit/Aboriginal) by Aboriginal identity, age group and sex"
41100055,,"Involvement in community and activity in (First Nations/Métis/Inuit/Aboriginal) organizations, social events or cultural activities by Aboriginal identity, age group and sex"
41100056,,"Number of persons in the household and meeting basic household needs and unexpected expenses by Aboriginal identity, age group and sex"
41100057,,"Frequency of fruit and vegetable consumption by Aboriginal identity, age group and sex"
41100058,,"Frequency of Internet use by Aboriginal identity, age group and sex"
41100059,,"Self-perceived general health of First Nations people living off reserve, Métis and Inuit by age group and gender"
41100060,,"Self-rated ability to speak or understand an Indigenous language by First Nations people living off reserve, Métis and Inuit, age group and gender"
41100061,,"Number of persons in the household and meeting basic household needs and unexpected expenses by First Nations people living off reserve, Métis and Inuit"
41100062,,"Disability status, disability severity class and labour force status by First Nations people living off reserve, Métis and Inuit, age group and gender"
41100063,,"Food security status of First Nations people living off reserve, Métis and Inuit by age group"
41100064,,"Regular child care use and reasons for not using child care, First Nations people living off reserve, Métis and Inuit, aged 1 to 5 years"
41100065,,"Main child care arrangement encourages learning Indigenous values and customs, First Nations people living off reserve, Métis and Inuit, aged 1 to 5 years"
41100066,,"Child’s main care provider understands needs of families from an Indigenous background, First Nations people living off reserve, Métis and Inuit, aged 1 to 5 years"
41100067,,"Self-perceived mental health of First Nations people living off reserve, Métis and Inuit by age group and gender"
41100068,,"Exposure to an Indigenous language at home in the past 12 months, First Nations people living off reserve, Métis and Inuit, aged 1 to 5 years"
41100069,,"Number of persons by core housing need, tenure and First Nations people living off reserve, Métis and Inuit"
41100070,,"Number of persons by shelter-cost-to-income ratio, tenure and First Nations people living off reserve, Métis and Inuit"
41100071,,"Smoking status of First Nations people living off reserve, Métis and Inuit, by age group and gender"
41100072,,"Harvesting activities by First Nations people living off reserve, Métis and Inuit, age group and gender"
41100073,,"Making handcrafted goods by First Nations people living off reserve, Métis and Inuit, age group and gender"
41100074,,"Reasons for doing harvesting activities by First Nations people living off reserve, Métis and Inuit, age group and gender"
41100075,,"Reasons for making handcrafted goods by First Nations people living off reserve, Métis and Inuit, age group and gender"
41100076,,"Housing tenure by level of school of First Nations people living off reserve, Métis and Inuit"
41100077,,"Access to Internet by population centre size, First Nations people living off reserve, Métis and Inuit"
41100078,,"Access to Internet by income, First Nations people living off reserve, Métis and Inuit"
41100079,,"Impact of COVID-19 pandemic on postsecondary education of First Nations people living off reserve, Métis and Inuit"
41100080,,"General health and mental health by housing situation, First Nations people living off reserve, Métis and Inuit"
41100081,,"Selected characteristics of health care access and experiences by First Nations people living off reserve, Métis and Inuit, and gender"
42100001,,"Difficulty for parents and guardians in finding a child care arrangement, children aged 0 to 5 years"
42100002,,"Operational status during the COVID-19 pandemic by child care business type, 2021"
42100003,,"Available spots by child care business type, January 2021"
42100004,,"Use of early learning and child care arrangements, children aged 0 to 5 years"
42100005,,"Type of child care arrangement, household population aged 0 to 5 years, inactive"
42100006,,"Parent and guardian reasons for using main child care arrangement, children aged 0 to 5 years"
42100007,,"Difficulties for parents/guardians in finding a child care arrangement, household population aged 0 to 5 years, inactive"
42100008,,"Type of difficulty encountered by parents and guardians in finding a child care arrangement, children aged 0 to 5 years"
42100009,,"Consequences of having encountered difficulties in finding a child care arrangement, children aged 0 to 5 years"
42100010,,"Reasons for not using any child care arrangement, children aged 0 to 5 years"
42100012,,Number of children in Canada
42100013,,"Number of children with employed mothers and with all parents employed, inactive"
42100014,,Number of students enrolled in kindergarten
42100015,,"Number of persons employed in the child care sector, inactive"
42100016,,Child care businesses by business type
42100017,,"Program options offered by child care business type, January 2020 and January 2021"
42100018,,"Enrolled children by age group and child care business type, January 2020 and January 2021"
42100019,,"Average daily fee per child by child care business type and age group, January 2020 and January 2021"
42100022,,"Use of early learning and child care arrangements for children aged 0 to 5 years, by Indigenous group"
42100023,,"Type of child care arrangement for children aged 0 to 5 years, by Indigenous group"
42100024,,"Parent and guardian reasons for using main child care arrangement for children aged 0 to 5 years, by Indigenous group"
42100025,,"Reasons for not using any child care arrangement for children aged 0 to 5 years, by Indigenous group"
42100026,,"Difficulty finding a child care arrangement for children aged 0 to 5 years, by Indigenous group"
42100027,,"Type of difficulties for parents and guardians in finding a child care arrangement for children aged 0 to 5 years, by Indigenous group"
42100028,,"Consequences of having encountered difficulties in finding child care for children aged 0 to 5 years, by Indigenous group"
42100029,,"Use of non-parental child care in the evenings or on weekends, children aged 0 to 5 years"
42100030,,"Type of non-parental child care used in the evenings or on weekends, children aged 0 to 5 years"
42100031,,"Type of child care arrangement, children aged 0 to 5 years"
42100032,,"Use of before or after school care arrangements, children in school aged 4 to 12 years"
42100033,,"Type of before or after school care arrangement, children in school aged 4 to 12 years"
42100034,,"Parent and guardian reasons for using main before or after school care arrangement, children in school aged 4 to 12 years"
42100035,,"Reasons for not using any before or after school care arrangement, children in school aged 4 to 12 years"
42100036,,"Difficulty for parents and guardians in finding a before or after school care arrangement, children in school aged 4 to 12 years"
42100037,,"Type of difficulties encountered in finding a before or after school care arrangement, children in school aged 4 to 12 years"
42100038,,"Consequences of having encountered difficulties in finding a before or after school care arrangement, children in school aged 4 to 12 years"
42100039,,"Use of non-parental child care in the evenings or on weekends, children in school aged 4 to 12 years"
42100040,,"Type of non-parental child care used in the evenings or on weekends, children in school aged 4 to 12 years"
42100041,,"Child care businesses by service type, Canada, 2022"
42100042,,"Child care businesses by service type, Newfoundland and Labrador, 2022"
42100043,,"Child care businesses by service type, Prince Edward Island, 2022"
42100044,,"Child care businesses by service type, Nova Scotia, 2022"
42100045,,"Child care businesses by service type, New Brunswick, 2022"
42100046,,"Child care businesses by service type, Quebec, 2022"
42100047,,"Child care businesses by service type, Ontario, 2022"
42100048,,"Child care businesses by service type, Manitoba, 2022"
42100049,,"Child care businesses by service type, Saskatchewan, 2022"
42100050,,"Child care businesses by service type, Alberta, 2022"
42100051,,"Child care businesses by service type, British Columbia, 2022"
42100052,,"Child care businesses by service type, Territories, 2022"
42100053,,"Parental child care expenses for main child care arrangement, children aged 0 to 5 years"
42100054,,Number of children with employed mothers and with all parents employed
42100055,,Number of persons employed in the child care sector
42100056,,"Type of child care arrangement, children with long-term conditions or disabilities, aged 0 to 5 years"
42100057,,"Difficulties for parents and guardians in finding a child care arrangement, children with long-term conditions or disabilities, aged 0 to 5 years"
42100058,,"Type of difficulty encountered by parents and guardians in finding a child care arrangement, children with long-term conditions or disabilities, aged 0 to 5 years"
42100059,,"Type of difficulty experienced in child care arrangement due to child's condition, children with long-term conditions or disabilities, aged 0 to 5 years"
42100060,,"Type of need for extra support at their main child care arrangement, children with long-term conditions or disabilities, aged 0 to 5 years"
42100061,,"Consequences of having encountered difficulties in finding a child care arrangement, children with long-term conditions or disabilities, aged 0 to 5 years"
42100062,,"Parent and guardian reasons for using main child care arrangements, children with long-term conditions or disabilities, aged 0 to 5 years"
42100063,,"Profile of centre-based and home-based child care providers, April 2024, Canada"
42100064,,"Profile of centre-based child care providers, April 2024, Canada"
42100065,,"Centre-based child care providers by licensing status and year licensed, April 2024, Canada"
42100066,,"Home-based child care providers by licensing status and year licensed, April 2024, Canada"
42100067,,"Unlicensed home-based child care providers by reasons for being unlicensed, April 2024, Canada"
42100068,,"Proportion of centre-based child care providers with and without not-for-profit legal status, April 2024, Canada"
42100069,,"Centre-based child care providers by maximum capacity, April 2024, Canada"
42100070,,"Centre-based child care providers by number of children enrolled, April 2024, Canada"
42100071,,"Centre-based child care providers by daily fees charged, April 2024, provinces and territories"
42100072,,"Home-based child care providers by maximum capacity, by provinces and territories, April 2024, Canada"
42100073,,"Home-based child care providers by number of children enrolled, April 2024, Canada"
42100074,,"Home-based child care providers by daily fee collected from parents and average daily fee collected from parents, April 2024, Canada"
42100075,,"Centre-based child care providers with paid employees, by role, March 2024, Canada"
42100076,,"Centre-based child care providers by employee type and highest level of formal Early Childhood Education related training, April 2024, Canada"
42100077,,"Home-based child care providers by highest level of formal Early Childhood Education related training obtained by the operator, April 2024, Canada"
42100078,,"Proportion of centre-based and home-based child care providers by participation in child care-related professional development training, April 2024, Canada"
42100079,,"Proportion of centre-based child care providers with unionized employees, March 2024, Canada"
42100080,,"Centre-based child care providers by number of employee hires and departures and number of vacant positions, April 2024, Canada"
42100081,,"Proportion of centre-based and licensed home-based child care providers receiving funding from the Canada-Wide Early Learning and Child Care agreement, April 2024, Canada"
42100082,,"Proportion of centre-based and licensed home-based child care providers receiving funding from the Québec Reduced Contribution Program, April 2024, Quebec"
42100083,,"Centre-based child care providers by number of employees providing direct care to children enrolled, April 2024, Canada"
42100084,,"Child care providers by service type, April 2022, Canada"
42100085,,"Type of child care program offered by child care provider type, April 2022, Canada"
42100086,,"Centre-based child care providers by licensing status and year of licensing, April 2022, Canada"
42100087,,"Home-based child care providers by licensing status and number of years licensed, April 2022, Canada"
42100088,,"Unlicensed home-based child care providers by reasons for being unlicensed, April 2022, Canada"
42100089,,"Number of children enrolled by child care provider, April 2022, Canada"
42100090,,"Proportion of child care providers with at least one child enrolled by age group and provider type, April 2022, Canada"
42100091,,"Proportion of child care providers with open spots for full-time enrollment, April 2022, Canada"
42100092,,"Centre-based child care providers with at least one staff and average number of staff, by role and employment status, April 2022, Canada"
42100093,,"Proportion of centre-based child care providers with at least one employee providing direct care to children enrolled, April 2022, Canada"
42100094,,"Centre-based child care providers by employee type and highest level of formal Early Childhood Education related training, April 2022, Canada"
42100095,,"Home-based child care providers by highest level of formal Early Childhood Education related training obtained by the operator, April 2022, Canada"
42100096,,"Proportion of centre-based and home-based child care providers by participation in child care-related professional development training, April 2022, Canada"
42100097,,"Languages regularly spoken with children and parents by child care employees, April 2022, Canada"
42100098,,"Proportion of centre-based and home-based child care providers providing accommodations for at least one child with a disability, April 2022, Canada"
42100099,,"Average daily fee collected per child by child care provider type, April 2022, Canada"
42100100,,"Negative impacts from the COVID-19 pandemic for centre-based, licensed and unlicensed home-based child care providers, April 2022, Canada"
43100001,075-0007,"Historical statistics, immigration to Canada, by age, sex and marital status"
43100002,075-0008,"Historical statistics, immigration to Canada, by country of last permanent residence"
43100003,075-0015,"Historical statistics, origins of the population"
43100004,075-0020,"Historical statistics, population, by birthplace and sex"
43100005,075-0021,"Historical statistics, population, by birthplace, age and sex"
43100007,054-0001,"Immigrant income by years since landing, Canada, inactive"
43100008,075-0022,"Historical statistics, country of birth of other British-born and foreign-born population"
43100009,,"Immigrant Income by admission year and years since admission, Canada and provinces"
43100010,,"Immigrant Income by admission year and immigrant admission category, Canada and provinces"
43100011,,"Immigrant Income by admission year and pre-admission experience, Canada and provinces"
43100012,,"Mobility of immigrant tax filers, Canada and Provinces"
43100013,,"Mobility and income of Immigrant taxfilers by admission year and years since landing, Canada, provinces and economic regions, inactive"
43100014,,"Mobility and income of Immigrant taxfilers by admission year and years since landing, Canada, provinces and census metropolitan areas, inactive"
43100015,,Mobility and income of immigrants taxfilers by birth area and admission year
43100016,,"Income of Immigrant taxfilers, by immigrant admission category and tax year, for Canada and provinces, 2017 constant dollars, inactive"
43100017,,"Interprovincial migration of immigrant taxfilers, by admission year and tax year, for Canada and provinces"
43100018,,"Interprovincial migration of immigrant taxfilers, by pre-admission experience and tax year, for Canada and provinces"
43100019,,"Income of asylum claimants by claim year and tax year, for Canada and provinces, 2017 constant dollars, inactive"
43100020,,"Income of Immigrant taxfilers, by socio-demographic profile and tax year, 2017 constant dollars, inactive"
43100021,,"Immigrant taxfilers by economic outcomes and tax year, census metropolitan areas, 2017 constant dollars, inactive"
43100022,,Mobility of immigrant taxfilers by census metropolitan areas and tax year
43100023,,"Immigrant taxfilers by economic outcomes and tax year, economic regions, 2017 constant dollars, inactive"
43100024,,Mobility of immigrant taxfilers by economic regions and tax year
43100025,,"Economic outcomes of taxfiling immigrants admitted as children compared to Canadian taxfilers by age at taxation in 2017, inactive"
43100026,,"Income of Immigrant tax-filers, by immigrant admission category and tax year, for Canada and provinces, 2022 constant dollars"
43100027,,"Income of Immigrant taxfilers, by socio-demographic profile and tax year, 2022 constant dollars"
43100028,,"Income of asylum claimants by claim year and tax year, for Canada and provinces, 2022 constant dollars"
43100029,,"Immigrant taxfilers by economic outcomes and tax year, Canada, provinces and economic regions, 2022 constant dollars"
43100030,,"Immigrant taxfilers by economic outcomes and tax year, Canada, provinces and census metropolitan areas, 2022 constant dollars"
43100031,,"Economic outcomes of taxfiling immigrants admitted as children compared to Canadian taxfilers by age at taxation in 2018, inactive"
43100034,054-0002,"Immigrant income by world area, Canada, inactive"
43100035,054-0003,"Mobility of immigrant tax filers, Canada, inactive"
43100036,054-0004,"Immigrant income by years since landing, British Columbia, inactive"
43100037,054-0005,"Immigrant income by world area, British Columbia, inactive"
43100038,054-0006,"Immigrant income by years since landing, Alberta, inactive"
43100039,054-0007,"Immigrant income by world area, Alberta, inactive"
43100040,054-0008,"Immigrant income by years since landing, Saskatchewan, inactive"
43100041,054-0009,"Immigrant income by world area, Saskatchewan, inactive"
43100042,054-0010,"Immigrant income by years since landing, Manitoba, inactive"
43100043,054-0011,"Immigrant income by world area, Manitoba, inactive"
43100044,054-0012,"Immigrant income by years since landing, Ontario, inactive"
43100045,054-0013,"Immigrant income by world area, Ontario, inactive"
43100046,054-0014,"Immigrant income by years since landing, Quebec, inactive"
43100047,054-0015,"Immigrant income by world area, Quebec, inactive"
43100048,054-0016,"Immigrant income by years since landing, Atlantic provinces, inactive"
43100049,054-0017,"Immigrant income by world area, Atlantic provinces, inactive"
43100050,054-0018,"Immigrant income by period of immigration, Canada, inactive"
43100051,054-0019,"Immigrant income by period of immigration, British Columbia, inactive"
43100052,054-0020,"Immigrant income by period of immigration, Alberta, inactive"
43100053,054-0021,"Immigrant income by period of immigration, Saskatchewan, inactive"
43100054,054-0022,"Immigrant income by period of immigration, Manitoba, inactive"
43100055,054-0023,"Immigrant income by period of immigration, Ontario, inactive"
43100056,054-0024,"Immigrant income by period of immigration, Quebec, inactive"
43100057,054-0025,"Immigrant income by period of immigration, Atlantic provinces, inactive"
43100058,,"Feeling part of the community and neighbourhood satisfaction, safety feeling and economic hardship, by visible minority and selected characteristics"
43100059,,"Perceptions of police performance and personal safety satisfaction, by visible minority and selected characteristics"
43100060,,"Selected housing characteristics, low income indicators and knowledge of official languages, by visible minority and other characteristics for the population in private households"
43100061,,"Experience(s) of discrimination, reason(s) and context(s) of discrimination, 5 years before and since the beginning of COVID-19 pandemic, by groups designated as visible minorities and selected sociodemographic characteristics, 2020"
43100062,,"Confidence in Canadian institutions, by groups designated as visible minorities and selected sociodemographic characteristics, 2020"
43100063,,"Size and composition of personal networks (local, close relatives, close friends, acquaintances), by visible minority and selected characteristics"
43100064,,"Sense of belonging to the local community, town, province and Canada and trust in people, by groups designated as visible minorities and selected sociodemographic characteristics, 2020"
43100065,,"Civic engagement and engagement in political activities, by groups designated as visible minorities and selected sociodemographic characteristics, 2020"
43100066,,"Vote in the last federal, provincial and municipal elections, by groups designated as visible minorities and selected sociodemographic characteristics, 2020"
43100067,,"Highest certificate, diploma or degree, by groups designated as visible minorities and selected sociodemographic characteristics for the population 15 years and over, 2006, 2011 and 2016, inactive"
43100068,,"Average employment income indicators, by groups designated as visible minorities and selected sociodemographic characteristics for the population aged 15 years and over in private households, 2006, 2011 and 2016, inactive"
43100069,,"Selected labour force status, by groups designated as visible minorities and selected sociodemographic characteristics for the population aged 15 years and over in private households, 2006, 2011 and 2016, inactive"
43100070,,"Selected management occupations and self-employed class of worker, by groups designated as visible minorities and selected sociodemographic characteristics for the employed labour force aged 15 years and over in private households, 2006, 2011 and 2016, inactive"
43100071,,"Overqualification rate, by groups designated as visible minorities and selected sociodemographic characteristics for the employed labour force population aged 15 years and over in private households, 2011 and 2016, inactive"
43100072,,"Youth not in employment, education or training in percent, by groups designated as visible minorities and selected sociodemographic characteristics for the population aged 15 to 29 years, 2006, 2011 and 2016, inactive"
43100073,,"Selected economic housing characteristics, by visible minority and other sociodemographic characteristics for the population in private households"
43100075,,Economic outcomes of taxfiling immigrants admitted as children compared to Canadian taxfilers by age at taxation in 2022
44100001,114-0001,"Population providing care to a family member or friend with a long-term illness, disability or aging needs by sex and age group"
44100002,114-0002,"Population providing care to a family member or friend with a long-term illness, disability or aging needs by sex and presence of children under 18 years in the household"
44100003,114-0003,"Population providing care to a family member or friend with a long-term illness, disability or aging needs by sex and main activity of respondent"
44100004,114-0004,"Population providing care to a family member or friend with a long-term illness, disability or aging needs by sex and household income of respondent"
44100005,114-0005,"Population providing care to a family member or friend with a long-term illness, disability or aging needs by sex and relationship between respondent and primary care receiver"
44100006,114-0006,"Time spent providing care to a family member or friend with a long-term illness, disability or aging needs by sex and age group"
44100007,114-0007,"Time spent providing care to a family member or friend with a long-term illness, disability or aging needs by sex and presence of children under 18 years in the household"
44100008,114-0008,"Time spent providing care to a family member or friend with a long-term illness, disability or aging needs by sex and main activity of respondent"
44100009,114-0009,"Time spent providing care to a family member or friend with a long-term illness, disability or aging needs by sex and household income of respondent"
44100010,114-0010,"Time spent providing care to a family member or friend with a long-term illness, disability or aging needs by sex and relationship between respondent and primary care receiver"
44100011,114-0011,"Caregivers receiving financial support from family members or friends for providing care to family members  or friends with a long-term health condition, physical or mental disability or problems related to aging"
44100012,114-0012,"Caregivers receiving financial support from government programs for providing care to family members or friends with a long-term health condition, physical or mental disability or problems related to aging"
44100013,114-0013,"Caregivers receiving federal tax credits for providing care to family members or friends with a long-term health condition, physical or mental disability or problems related to aging"
45100001,113-0001,"Daily average time spent on various activities, by sex and main activity in the last week, 1992 and 1998, inactive"
45100002,113-0002,"Daily average time spent at various locations, by population cohorts, 1992 and 1998, inactive"
45100003,113-0003,"Daily average time spent with various social contacts, by population cohorts, 1992 and 1998, inactive"
45100004,119-0001,"Donor rate and average annual donations, by age group, inactive"
45100005,119-0002,"Donor rate and average annual donations, by sex, inactive"
45100006,119-0003,"Donor rate and average annual donations, by marital status, inactive"
45100007,119-0004,"Donor rate and average annual donations, by education, inactive"
45100008,119-0005,"Donor rate and average annual donations, by labour force status, inactive"
45100009,119-0006,"Donor rate and average annual donations, by household income, inactive"
45100010,119-0007,"Donor rate and average annual donations, by presence of children in household, inactive"
45100011,119-0008,"Donor rate and average annual donations, by religious attendance, inactive"
45100012,119-0009,"Volunteer rate and average annual volunteer hours, by age group, inactive"
45100013,119-0010,"Volunteer rate and average annual volunteer hours, by sex, inactive"
45100014,113-0004,"Daily average time spent on various activities by age group and sex, 2015, inactive"
45100015,119-0012,"Volunteer rate and average annual volunteer hours, by education, inactive"
45100016,119-0013,"Volunteer rate and average annual volunteer hours, by labour force status, inactive"
45100017,119-0014,"Volunteer rate and average annual volunteer hours, by household income, inactive"
45100018,119-0015,"Volunteer rate and average annual volunteer hours, by presence of children in household, inactive"
45100019,119-0016,"Volunteer rate and average annual volunteer hours, by religious attendance, inactive"
45100020,118-0001,"Number of close relatives, by sex"
45100021,118-0002,"Number of close friends, by sex"
45100022,118-0003,"Number of acquaintances, by sex"
45100023,118-0004,"Frequency of in-person contact with relatives, by sex"
45100024,118-0005,"Frequency of in-person contact with friends, by sex"
45100025,118-0006,Electoral participation in last federal election
45100026,118-0007,Electoral participation in last provincial election
45100027,118-0008,Electoral participation in last municipal election
45100028,119-0011,"Volunteer rate and distribution of volunteer hours, by marital status, Canada, provinces, inactive"
45100029,105-0073,"Importance of spirituality, by age group and sex, household population aged 12 and over, selected provinces, territories and health regions (January 2000 boundaries)"
45100030,121-0006,"Participation in outdoor activities in the past 12 months by age group, sex, current employment status, and perceived health, Canada, provinces and regions"
45100031,,"Donor rate and average annual donations, by age group"
45100032,,"Donor rate and average annual donations, by gender"
45100033,,"Donor rate and average annual donations, by marital status"
45100034,,"Donor rate and average annual donations, by education"
45100035,,"Donor rate and average annual donations, by labour force status"
45100036,,"Donor rate and average annual donations, by family income"
45100037,,"Donor rate and average annual donations, by presence of children in household"
45100038,,"Donor rate and average annual donations, by religious attendance"
45100039,,"Volunteer rate and average annual volunteer hours, by definition of volunteering and age group"
45100040,,"Volunteer rate and average annual volunteer hours, by definition of volunteering and gender"
45100041,,"Volunteer rate and average annual volunteer hours, by definition of volunteering and education"
45100042,,"Volunteer rate and average annual volunteer hours, by definition of volunteering and labour force status"
45100043,,"Volunteer rate and average annual volunteer hours, by definition of volunteering and family income"
45100044,,"Volunteer rate and average annual volunteer hours, by definition of volunteering and presence of children in household"
45100045,,"Volunteer rate and average annual volunteer hours, by definition of volunteering and religious attendance"
45100046,,"Volunteer rate and average annual volunteer hours, by definition of volunteering and marital status"
45100048,,Loneliness by gender and province
45100049,,Loneliness by gender and other selected sociodemographic characteristics
45100050,,Having someone to count on by gender and province
45100051,,Having someone to count on by gender and other selected sociodemographic characteristics
45100052,,Sense of belonging to local community by gender and province
45100053,,Sense of belonging to local community by gender and other selected sociodemographic characteristics
45100067,,"Satisfaction with time use, by gender and province"
45100068,,"Satisfaction with time use, by gender and other selected sociodemographic characteristics"
45100069,,"Satisfaction with local environment, by gender and province"
45100070,,"Satisfaction with local environment, by gender and other selected sociodemographic characteristics"
45100071,,"Satisfaction with personal relationships, by gender and province"
45100072,,"Satisfaction with personal relationships, by gender and other selected sociodemographic characteristics"
45100073,,"Confidence in institutions, by gender and province"
45100074,,"Confidence in institutions, by gender and other selected sociodemographic characteristics"
45100075,,"Trust in others, by gender and province"
45100076,,"Trust in others, by gender and other selected sociodemographic characteristics"
45100077,,"Sense of belonging to Canada, by gender and province"
45100078,,"Sense of belonging to Canada, by gender and other selected sociodemographic characteristics"
45100079,,"Perceived mental health, by gender and province"
45100080,,"Perceived mental health, by gender and other selected sociodemographic characteristics"
45100081,,"Perceived health, by gender and province"
45100082,,"Perceived health, by gender and other selected sociodemographic characteristics"
45100083,,"Estimates of active non-profit organization counts, revenues and employment by geography, inactive"
45100084,,"Estimates of active non-profit organization counts, revenues and employment by industry, inactive"
45100085,,"Estimates of active non-profit organization counts, revenues and employment by activity, inactive"
45100086,,"Difficulty meeting financial needs, by gender and province"
45100087,,"Difficulty meeting financial needs, by gender and other selected sociodemographic characteristics"
45100088,,"Job satisfaction, by gender and province"
45100089,,"Job satisfaction, by gender and other selected sociodemographic characteristics"
45100090,,Satisfaction with family relationships by gender and province
45100091,,Satisfaction with family relationships by gender and other selected sociodemographic characteristics
45100092,,Satisfaction with friend relationships by gender and province
45100093,,Satisfaction with friend relationships by gender and other selected sociodemographic characteristics
45100094,,Trust in people by gender and province
45100095,,Trust in people by gender and other selected sociodemographic characteristics
45100096,,Trust in news or information from media by gender and province
45100097,,Trust in news or information from media by gender and other selected sociodemographic characteristics
45100098,,General trust in people by gender and province
45100099,,General trust in others by gender and other selected sociodemographic characteristics
45100100,,Discrimination and unfair treatment by gender and province
45100101,,Discrimination and unfair treatment by gender and other selected sociodemographic characteristics
45100102,,Trust in media and main source of news by gender and province
45100103,,Trust in media and main source of news by gender and other selected sociodemographic characteristics
45100104,,"Daily average time spent on various activities, by age group and gender, 2022"
45100105,,"Participation in selected activities over 24 hours, by type of day, gender, and age group"
45100107,,"Rural Canada non-profits, estimates of active non-profit organization counts, revenues and employment by geography"
45100108,,"Rural Canada non-profits, estimates of active non-profit organization counts, revenues and employment by industry"
45100109,,"Rural Canada non-profits, estimates of active non-profit organization counts, revenues and employment by activity"
46100001,,"Inventory of publicly owned social and affordable housing assets, Infrastructure Canada, inactive"
46100002,,"Inventory of municipally owned social and affordable housing assets, by urban and rural, and population size, Infrastructure Canada, inactive"
46100003,,"Inventory of publicly owned social and affordable housing assets by year of completed construction, Infrastructure Canada"
46100004,,"Inventory of municipally owned social and affordable housing assets by year of completed construction, urban and rural, and population size, Infrastructure Canada"
46100005,,"Inventory distribution of municipally owned social and affordable housing assets by physical condition rating, urban and rural, and population size, Infrastructure Canada"
46100006,,"Inventory of publicly owned social and affordable housing assets by physical condition rating, Infrastructure Canada"
46100007,,"Average expected useful life of new publicly owned social and affordable housing assets, Infrastructure Canada"
46100008,,"Average expected useful life of new municipally owned social and affordable housing assets, by urban and rural, and population size, Infrastructure Canada"
46100009,,"Asset management practices for publicly owned social and affordable housing assets, Infrastructure Canada, inactive"
46100010,,"Asset management practices for municipally owned social and affordable housing assets, by urban and rural, and population size, Infrastructure Canada, inactive"
46100011,,"Information system(s) usage for management of publicly owned social and affordable housing assets, Infrastructure Canada, inactive"
46100012,,"Information system(s) used for management of municipally owned social and affordable housing assets, by urban and rural, and population size, Infrastructure Canada, inactive"
46100013,,"Percentage of publicly owned social and affordable housing assets within 1,000 metres of a public transit station or stop, Infrastructure Canada"
46100014,,"Percentage of municipally owned social and affordable housing assets within 1,000 metres of a public transit station or stop, by urban and rural, and population size, Infrastructure Canada"
46100015,,"Percentage of publicly owned social and affordable housing assets that is barrier free, Infrastructure Canada"
46100016,,"Percentage of municipally owned social and affordable housing assets that is barrier free, by urban and rural, and by population size, Infrastructure Canada"
46100018,,"Residency ownership of residential properties by property type and period of construction, provinces of Nova Scotia, Ontario and British Columbia"
46100019,,"Ownership type of residential properties by property type and period of construction, provinces of Nova Scotia, Ontario and British Columbia"
46100022,,"Residency participation and number of owners of residential properties, by property type and period of construction, provinces of Nova Scotia, Ontario and British Columbia"
46100023,,"Business and government ownership of residential properties, by legal type and industry"
46100024,,"Dwelling and neighbourhood satisfaction, by tenure including social and affordable housing and structural type of dwelling, 2018, inactive"
46100025,,Immigrant status and selected places of birth for residential property owners in the census metropolitan areas of Toronto and Vancouver
46100026,,Immigrant status and selected admission categories for residential property owners in the census metropolitan areas of Toronto and Vancouver
46100027,,"Residency participation of residential properties, by property type and period of construction"
46100028,,"Living area and assessment value per square foot of residential properties by property type and period of construction, provinces of Nova Scotia, Ontario and British Columbia"
46100029,,"Property use of residential properties, by property type and residency ownership"
46100030,,"Ownership type of residential property owners by residency status and number of properties owned, with the number of buyers and sale price, where available"
46100031,,Sex and birth year of residential property owners
46100032,,Immigrant status of residential property owners by period of immigration and number of properties owned
46100033,,Immigrant status of residential property owners by period of immigration and place of birth
46100034,,Immigrant status of residential property owners by period of immigration and admission category
46100035,,Legal type and industry of business and government owners of residential property
46100036,,"Housing indicators, by tenure including first-time homebuyer status, 2018, inactive"
46100037,,"Dimensions of core housing need, by tenure including first-time homebuyer and social and affordable housing status, 2018, inactive"
46100038,,Single and multiple residential property owners: Demographic data and value of properties owned
46100039,,Residential property owners: total assessment value of properties owned
46100040,,Multiple-property owners: Geographic location of their properties
46100041,,Owners of two properties: Types of properties owned
46100042,,"Waitlist status including length of time, by tenure including social and affordable housing, 2018, inactive"
46100043,,"Housing suitability and dwelling condition, by tenure including social and affordable housing, 2018, inactive"
46100044,,"Indicators related to moving, 2018, inactive"
46100045,,"Household characteristics, by tenure including first-time homebuyer status, 2018, inactive"
46100046,,"Households living with housing problems, by selected housing-vulnerable populations and core housing need including adequacy, affordability and suitability standards, 2018, inactive"
46100047,,Total income and characteristics of owners and tax filers who do not own residential property
46100048,,Total income and characteristics of single-property owners by home buyers’ amount (HBA) claimant status
46100049,,Total family income and owner characteristics at the residential property level
46100050,,Total family income and owner characteristics at the residential property level by income quintiles
46100051,,Total family income and characteristics of residential property owners by family type
46100052,,Single and multiple residential property owners by immigration characteristics
46100053,,Ownership type and property use by residential property type and period of construction
46100054,,Residency ownership and property use by residential property type and period of construction
46100055,,"Persons living with housing problems, by selected housing-vulnerable populations and core housing need including adequacy, affordability and suitability standards, 2018, inactive"
46100056,,"Core housing need, by tenure including first-time homebuyer and social and affordable housing status, 2018, inactive"
46100057,,Number of residential properties sold and sale price by property type and period of construction
46100058,,"Waitlist status including length of time, by tenure including social and affordable housing"
46100059,,"Housing suitability and dwelling condition, by tenure including social and affordable housing, inactive"
46100060,,"Dwelling and neighbourhood satisfaction, by tenure including social and affordable housing and structural type of dwelling, inactive"
46100061,,Indicators related to moving
46100062,,"Residential property buyers: Demographic data, first-time home buyer status, and price-to-income ratio"
46100063,,"Household characteristics, by tenure including first-time homebuyer status, inactive"
46100064,,"Housing indicators, by tenure including first-time homebuyer status, inactive"
46100065,,"Core housing need, by tenure including first-time homebuyer and social and affordable housing status, inactive"
46100066,,"Dimensions of core housing need, by tenure including first-time homebuyer and social and affordable housing status, inactive"
46100067,,"Households living with housing problems, by select housing-vulnerable populations and affordability, suitability, adequacy and core housing need indicators"
46100068,,"Persons living with housing problems, by select housing-vulnerable populations and affordability, suitability, adequacy and core housing need indicators"
46100069,,Investor status of residential property owners
46100070,,Investment status of residential properties
46100071,,"Persons living in acceptable housing, by tenure including first-time homebuyer and social and affordable housing status, by province"
46100072,,"Persons living in acceptable housing, by tenure and other selected sociodemographic characteristics"
46100073,,"Persons in core housing need, by tenure including first-time homebuyer and social and affordable housing status, by province"
46100074,,"Persons in core housing need, by tenure and other selected sociodemographic characteristics"
46100075,,"Rural Canada Housing Profiles, residential building permits, numbers and values, by type of residential building and type of work, inactive"
46100076,,"Rural Canada Housing Profiles, values of investments in residential building construction, by type of residential building and type of work, inactive"
46100077,,"Rural Canada Housing Profiles, residential property characteristics, inactive"
46100078,,"Rural Canada Housing Profiles, occupied private dwelling characteristics"
46100079,,"Rural Canada Housing Profiles, private household characteristics"
46100081,,"Housing suitability and dwelling condition, by tenure including social and affordable housing"
46100082,,"Dwelling and neighbourhood satisfaction, by tenure including social and affordable housing and structural type of dwelling"
46100083,,"Household characteristics, by tenure including first-time homebuyer status"
46100084,,"Housing indicators, by tenure including first-time homebuyer status"
46100085,,"Core housing need, by tenure including first-time homebuyer and social and affordable housing status"
46100086,,"Dimensions of core housing need, by tenure including first-time homebuyer and social and affordable housing status"
46100087,,"Rural Canada Housing Profiles, residential building permits, numbers and values, by type of residential building and type of work"
46100088,,"Rural Canada Housing Profiles, values of investments in residential building construction, by type of residential building and type of work"
46100089,,"Rural Canada Housing Profiles, residential property characteristics"
98100001,,"Population and dwelling counts: Canada, provinces and territories"
98100002,,Population and dwelling counts: Canada and census subdivisions (municipalities)
98100003,,"Population and dwelling counts: Census metropolitan areas, census agglomerations and census subdivisions (municipalities)"
98100004,,"Population and dwelling counts: Canada, provinces and territories, census divisions, census subdivisions (municipalities) and designated places"
98100005,,"Population and dwelling counts: Canada, provinces and territories, census metropolitan areas and census agglomerations"
98100006,,"Population counts, for census metropolitan areas, census agglomerations, population centres and rural areas"
98100007,,Population and dwelling counts: Canada and census divisions
98100008,,"Population counts, population centre size groups and rural areas"
98100009,,"Population and dwelling counts: Canada, provinces and territories, and economic regions"
98100010,,Population and dwelling counts: Canada and federal electoral districts (2013 Representation Order)
98100011,,Population and dwelling counts: Canada and population centres
98100012,,Population and dwelling counts: Canada and designated places
98100013,,Population and dwelling counts: Canada and aggregate dissemination areas
98100014,,"Population and dwelling counts: Census metropolitan areas, tracted census agglomerations and census tracts"
98100015,,"Population and dwelling counts: Canada, provinces and territories, census subdivisions and dissemination areas"
98100016,,Population and dwelling counts by the Statistical Area Classification
98100017,,"Population and private dwellings occupied by usual residents and intercensal growth, 1851 to 2021 censuses"
98100018,,"Population and dwelling counts: Regional county municipalities (RCM), Quebec"
98100019,,Population and dwelling counts: Canada and forward sortation areas ©
98100020,,"Age (in single years), average age and median age and gender: Canada, provinces and territories, census metropolitan areas and census agglomerations with parts"
98100021,,"Age (in single years), average age and median age and gender: Census metropolitan areas, census agglomerations and census subdivisions"
98100022,,"Age (in single years), average age and median age and gender: Canada, provinces and territories, census divisions and census subdivisions"
98100023,,"Age (in single years), average age and median age and gender: Canada, provinces and territories, census divisions, census subdivisions and dissemination areas"
98100024,,"Age (in single years), average age and median age and gender: Census metropolitan areas, tracted census agglomerations and census tracts"
98100025,,"Age (in single years), average age and median age and gender: Canada, provinces and territories and federal electoral districts (2013 Representation Order)"
98100026,,"Age (in single years), average age and median age and gender: Canada, provinces and territories and economic regions"
98100027,,"Age (in single years), average age and median age and gender: Canada and forward sortation areas ©"
98100030,,"Broad age groups, gender and census year: Canada, provinces and territories, census metropolitan areas and census agglomerations with parts"
98100031,,"Broad age groups, gender and census year: Census metropolitan areas, census agglomerations and census subdivisions"
98100032,,"Broad age groups, gender and census year: Canada, provinces and territories, census divisions and census subdivisions"
98100033,,"Broad age groups, gender and census year: Canada, provinces and territories"
98100034,,"Broad age groups and sex: Canada, provinces and territories"
98100035,,Broad age groups and sex: Canada and census metropolitan areas
98100036,,"Broad age groups and gender: Canada, provinces and territories"
98100037,,Broad age groups and gender: Canada and census metropolitan areas
98100038,,"Dwellings occupied by usual residents and population in dwellings: Canada, provinces and territories, census metropolitan areas and census agglomerations with parts"
98100039,,"Population in private dwellings, private dwellings occupied by usual residents and average household size, 1981 to 2021 censuses: Canada, provinces and territories"
98100040,,"Structural type of dwelling and household size: Canada, provinces and territories, census metropolitan areas and census agglomerations with parts"
98100041,,"Structural type of dwelling and household size: Canada, provinces and territories, census divisions and census subdivisions"
98100042,,"Structural type of dwelling, age and gender: Canada, provinces and territories, census metropolitan areas and census agglomerations with parts"
98100043,,"Structural type of dwelling, age and gender: Canada, provinces and territories, census divisions and census subdivisions"
98100044,,"Type of collective dwelling and collective dwellings occupied by usual residents and population in collective dwellings: Canada, provinces and territories"
98100045,,"Type of collective dwelling, age and gender for the population in collective dwellings: Canada, provinces and territories"
98100046,,"Dwelling type, age and gender: Canada, provinces and territories, census metropolitan areas and census agglomerations with parts"
98100047,,"Occupied private dwellings by structural type of dwelling, percentage distribution 2021: Canada, provinces and territories"
98100055,,"Household total income group by household characteristics: Canada, provinces and territories, census metropolitan areas and census agglomerations with parts"
98100056,,"Household after-tax income group by household characteristics: Canada, provinces and territories, census metropolitan areas and census agglomerations with parts"
98100057,,"Household income statistics by household type: Canada, provinces and territories, census divisions and census subdivisions"
98100058,,"Household income statistics by household type: Census metropolitan areas, tracted census agglomerations and census tracts"
98100060,,"Household income statistics by dwelling and household characteristics: Canada, provinces and territories, census divisions and census subdivisions"
98100061,,"Household income statistics by dwelling and household characteristics: Canada, provinces and territories, census metropolitan areas and census agglomerations with parts"
98100064,,"Total income groups by age and gender: Canada, provinces and territories, census metropolitan areas and census agglomerations with parts"
98100065,,"After-tax income groups by age and gender: Canada, provinces and territories, census metropolitan areas and census agglomerations with parts"
98100066,,"Employment income groups by age and gender: Canada, provinces and territories, census metropolitan areas and census agglomerations with parts"
98100067,,"Labour market related income and employment income groups by age and gender: Canada, provinces and territories, census metropolitan areas and census agglomerations with parts"
98100068,,"Income statistics for detailed income sources and taxes by age and gender: Canada, provinces and territories, census metropolitan areas and census agglomerations with parts"
98100069,,"Income statistics for detailed income sources and taxes by decile group: Canada, provinces and territories, census metropolitan areas and census agglomerations with parts"
98100070,,"Income statistics for detailed income sources and taxes: Canada, provinces and territories, census divisions and census subdivisions"
98100071,,"Income statistics for detailed income sources and taxes: Census metropolitan areas, tracted census agglomerations and census tracts"
98100072,,"Income statistics for broad income sources in 2019 and 2020 by age and gender: Canada, provinces and territories, census metropolitan areas and census agglomerations with parts"
98100073,,"Income statistics for broad income sources in 2019 and 2020 by age and gender: Canada, provinces and territories, census divisions and census subdivisions"
98100074,,"Economic family unit income statistics for income sources and taxes by family characteristics and decile group: Canada, provinces and territories, census metropolitan areas and census agglomerations with parts"
98100075,,"Economic family unit income statistics for income sources and taxes by family characteristics: Canada, provinces and territories, census metropolitan areas and census agglomerations with parts"
98100076,,"Economic family unit income statistics for income sources and taxes by decile group: Canada, provinces and territories, census metropolitan areas and census agglomerations with parts"
98100077,,"Economic family total income group by economic family structure: Canada, provinces and territories, census metropolitan areas and census agglomerations with parts"
98100078,,"Economic family after-tax income group by economic family structure: Canada, provinces and territories, census metropolitan areas and census agglomerations with parts"
98100079,,"Census family total income group by census family structure: Canada, provinces and territories, census metropolitan areas and census agglomerations with parts"
98100080,,"Census family after-tax income group by census family structure: Canada, provinces and territories, census metropolitan areas and census agglomerations with parts"
98100081,,"Total income groups by household living arrangements for persons not in economic families: Canada, provinces and territories, census metropolitan areas and census agglomerations with parts"
98100082,,"After-tax income groups by household living arrangements for persons not in economic families: Canada, provinces and territories, census metropolitan areas and census agglomerations with parts"
98100083,,"Distribution of income between married spouses or common-law partners by characteristics of couples: Canada, provinces and territories and census metropolitan areas with parts"
98100084,,Distribution of income between married spouses or common-law partners by characteristics of couples including gender diversity status of couple family: Canada
98100085,,"Household contributions to registered savings accounts: Canada, provinces and territories, census metropolitan areas and census agglomerations with parts"
98100087,,"The impact of the COVID-19 pandemic on income by percentage change in income between 2019 and 2020, age and gender: Canada, provinces and territories and census divisions"
98100088,,"The impact of the COVID-19 pandemic on income by percentage change in income between 2019 and 2020, age and gender: Canada, provinces and territories, census metropolitan areas and census agglomerations with parts"
98100089,,"The impact of the COVID-19 pandemic on income by 2019 income rank, age and gender: Canada, provinces and territories and census divisions"
98100090,,"The impact of the COVID-19 pandemic on income by 2019 income rank, age and gender: Canada, provinces and territories, census metropolitan areas and census agglomerations with parts"
98100091,,"Changes in income before and after the COVID-19 pandemic by 2019 income rank, age and gender: Canada, provinces and territories, census divisions and census subdivisions"
98100092,,"Changes in income before and after the COVID-19 pandemic by 2019 income rank, age and gender: Canada, provinces and territories, census metropolitan areas and census agglomerations with parts"
98100093,,"Distribution of COVID-19 reliefs to Canadians: Canada, provinces and territories, census divisions and census subdivisions"
98100094,,"Distribution of COVID-19 reliefs to Canadians: Canada, provinces and territories, census metropolitan areas and census agglomerations with parts"
98100096,,"Income inequality statistics across Canada: Canada, provinces and territories, census divisions and census subdivisions"
98100097,,"Income inequality statistics across Canada: Canada, provinces and territories, census metropolitan areas and census agglomerations with parts"
98100100,,"Low-income status by age, census family characteristics and household type : Canada, provinces and territories, census metropolitan areas and census agglomerations with parts"
98100101,,"Low-income status by economic family characteristics: Canada, provinces and territories, census metropolitan areas and census agglomerations with parts"
98100102,,"Low-income status by age, gender and year: Canada, provinces and territories, census metropolitan areas and census agglomerations with parts"
98100103,,"Low-income status by age and gender: Canada, provinces and territories, census divisions and census subdivisions"
98100104,,"Low-income status by age and gender: Census metropolitan areas, tracted census agglomerations and census tracts"
98100105,,"Household low-income status by household type including multigenerational households and census family structure: Canada, provinces and territories, census metropolitan areas and census agglomerations with parts"
98100106,,"Household low-income status by household type: Canada, provinces and territories, census divisions and census subdivisions"
98100107,,"Household low-income status by household type: Census metropolitan areas, tracted census agglomerations and census tracts"
98100109,,"Individual Northern Market Basket Measure poverty status by economic family characteristics of persons: Canada, territories, census divisions and census subdivisions"
98100112,,"Individual Market Basket Measure poverty status by demographic and economic family characteristics of persons: Canada, provinces and territories, census metropolitan areas and census agglomerations with parts"
98100113,,"Individual Market Basket Measure poverty status by economic family characteristics of persons: Canada, provinces and territories, census divisions and census subdivisions"
98100114,,"Individual Market Basket Measure poverty status by economic family characteristics of persons: Census metropolitan areas, tracted census agglomerations and census tracts"
98100115,,"Individual Market Basket Measure poverty status by visible minority groups and demographic characteristics: Canada, provinces and territories, census metropolitan areas and census agglomerations with parts"
98100116,,"Individual Market Basket Measure poverty status by immigration status and demographic characteristics: Canada, provinces and territories, census metropolitan areas and census agglomerations with parts"
98100117,,"Individual Market Basket Measure poverty status by Indigenous groups and demographic characteristics: Canada, provinces and territories, census metropolitan areas and census agglomerations with parts"
98100123,,"Census family structure, presence of children and average number of persons per census family: Canada, provinces and territories, census metropolitan areas and census agglomerations"
98100124,,"Census family structure including detailed information on stepfamilies, number of children, average number of children and age of youngest child: Canada, provinces and territories, census metropolitan areas and census agglomerations"
98100125,,"Marital status, age group and gender: Canada, provinces and territories and census metropolitan areas"
98100126,,"Marital status, age group and gender: Canada, provinces and territories, census metropolitan areas and census agglomerations"
98100127,,"Marital status, age group and gender: Canada, provinces and territories, census metropolitan areas, census agglomerations and census subdivisions"
98100128,,"Marital status, age group and gender: Canada, provinces and territories, census divisions and census subdivisions"
98100129,,"Marital status, age group and gender: Canada, provinces and territories, census divisions, census subdivisions and dissemination areas"
98100130,,"Marital status, age group and gender: Census metropolitan areas, tracted census agglomerations and census tracts"
98100131,,"Marital status, age group and gender: Canada, provinces and territories and federal electoral districts (2013 Representation Order)"
98100132,,"Marital status, age group and gender: Canada, provinces and territories and economic regions"
98100133,,"Marital status, age group and gender: Canada and forward sortation areas ©"
98100134,,"Census family status and household living arrangements, household type of person, age group and gender: Canada, provinces and territories, census metropolitan areas and census agglomerations"
98100135,,"Household and family characteristics of persons including detailed information on stepfamilies, presence of grandparents in household, age group and gender: Canada, provinces and territories, census metropolitan areas and census agglomerations"
98100136,,"Gender diversity status of couple family, type of union and presence of children: Canada, provinces and territories, census metropolitan areas and census agglomerations"
98100137,,"Census family status and household living arrangements, presence of parent in household, age group and gender: Canada, provinces and territories, census metropolitan areas and census agglomerations"
98100138,,"Household type including multigenerational households and structural type of dwelling: Canada, provinces and territories, census metropolitan areas and census agglomerations"
98100141,,"Currently serving military service status, age and gender: Canada, provinces and territories, census metropolitan areas and census agglomerations"
98100142,,"Demographic characteristics of Canada's military and veteran population: Canada, provinces and territories, census metropolitan areas and census agglomerations with parts"
98100143,,"Linguistic diversity among Canada's military and veteran populations: Canada, provinces and territories, census metropolitan areas and census agglomerations with parts"
98100144,,"Military service status and low-income status: Canada, provinces and territories, census metropolitan areas and census agglomerations with parts"
98100145,,"Housing conditions of Canadian military families: Canada, provinces and territories, census metropolitan areas and census agglomerations with parts"
98100146,,"Labour market characteristics of Canada's military and veteran populations: Canada, provinces and territories"
98100147,,"Military family structure and household living arrangements: Canada, provinces and territories, census metropolitan areas and census agglomerations with parts"
98100165,,"Short-form data quality indicators: Canada, provinces and territories, census metropolitan areas, census agglomerations and census subdivisions"
98100166,,"Short-form data quality indicators: Canada, provinces and territories, census divisions and census subdivisions"
98100167,,"Income data quality indicators: Canada, provinces and territories, census metropolitan areas, census agglomerations and census subdivisions"
98100168,,"Income data quality indicators: Canada, provinces and territories, census divisions and census subdivisions"
98100169,,"Mother tongue by first official language spoken, language spoken most often at home and other language(s) spoken regularly at home: Canada, provinces and territories, census metropolitan areas and census agglomerations with parts"
98100170,,"Mother tongue by first official language spoken and knowledge of official languages: Canada, provinces and territories, census divisions and census subdivisions"
98100171,,"Mother tongue by knowledge of official languages, language spoken most often at home and other language(s) spoken regularly at home: Canada, provinces and territories, census metropolitan areas and census agglomerations with parts"
98100172,,"Mother tongue by knowledge of official languages, language spoken most often at home and other language(s) spoken regularly at home: Canada, provinces and territories, census divisions and census subdivisions"
98100173,,"Mother tongue by knowledge of official languages: Canada, provinces and territories, census divisions and census subdivisions"
98100174,,"Mother tongue by knowledge of official languages: Canada, provinces and territories, census divisions, census subdivisions and dissemination areas"
98100175,,"Mother tongue by knowledge of official languages: Canada, provinces and territories, census metropolitan areas and census agglomerations with parts"
98100176,,"Mother tongue by knowledge of official languages: Census metropolitan areas, tracted census agglomerations and census tracts"
98100177,,Mother tongue by knowledge of official languages: Canada and forward sortation areas ©
98100178,,"Mother tongue by knowledge of official languages: Canada, provinces and territories and economic regions"
98100179,,"Mother tongue by knowledge of official languages: Canada, provinces and territories and federal electoral districts (2013 Representation Order)"
98100180,,"Mother tongue by single and multiple mother tongue responses: Canada, provinces and territories, census divisions and census subdivisions"
98100181,,"Mother tongue by single and multiple mother tongue responses: Canada, provinces and territories, census metropolitan areas and census agglomerations with parts"
98100182,,"Mother tongue by language spoken most often at home and other language(s) spoken regularly at home: Canada, provinces and territories, census metropolitan areas and census agglomerations with parts"
98100183,,"Mother tongue by language spoken most often at home, other language(s) spoken regularly at home, knowledge of official languages and first official language spoken: Canada, provinces and territories, census metropolitan areas and census agglomerations with parts"
98100184,,"Mother tongue by language spoken most often at home, other language(s) spoken regularly at home and knowledge of official languages: Canada, provinces and territories, census divisions and census subdivisions"
98100185,,"Mother tongue by language spoken most often at home, other language(s) spoken regularly at home and first official language spoken: Canada, provinces and territories, census divisions and census subdivisions"
98100188,,"Mother tongue by first official language spoken and knowledge of official languages: Canada, provinces and territories, census metropolitan areas and census agglomerations with parts"
98100190,,"Mother tongue by language spoken most often at home, other language(s) spoken regularly at home and marital status: Canada, provinces and territories, census metropolitan areas and census agglomerations with parts"
98100191,,"First official language spoken by language spoken most often at home, other language(s) spoken regularly at home, and knowledge of official languages: Canada, provinces and territories, census divisions and census subdivisions"
98100192,,"First official language spoken by language spoken most often at home: Canada, provinces and territories, census metropolitan areas and census agglomerations with parts"
98100193,,"First official language spoken by language spoken most often at home: Canada, provinces and territories, census divisions and census subdivisions"
98100194,,"First official language spoken by language spoken most often at home: Census metropolitan areas, tracted census agglomerations and census tracts"
98100195,,First official language spoken by language spoken most often at home: Canada and forward sortation areas ©
98100196,,"First official language spoken by language spoken most often at home: Canada, provinces and territories and economic regions"
98100197,,"First official language spoken by language spoken most often at home: Canada, provinces and territories and federal electoral districts (2013 Representation Order)"
98100198,,"English spoken at home by French spoken at home, Indigenous language spoken at home, other non-official language spoken at home and mother tongue: Canada, provinces and territories, census metropolitan areas and census agglomerations with parts"
98100199,,"English spoken at home by French spoken at home, Indigenous language spoken at home, other non-official language spoken at home and mother tongue: Canada, provinces and territories, census divisions and census subdivisions"
98100200,,"Language spoken most often at home by other language(s) spoken regularly at home: Canada, provinces and territories, census metropolitan areas and census agglomerations with parts"
98100201,,"Language spoken at home by single and multiple responses of language spoken at home and mother tongue: Canada, provinces and territories, census metropolitan areas and census agglomerations with parts"
98100202,,"Knowledge of official languages by income statistics, age and gender: Canada, provinces and territories, census metropolitan areas and census agglomerations with parts"
98100203,,"First official language spoken by income statistics, age and gender: Canada, provinces and territories, census metropolitan areas and census agglomerations with parts"
98100204,,"Mother tongue by age and gender: Canada, provinces and territories, census metropolitan areas and census agglomerations with parts"
98100205,,"Mother tongue by age and gender: Canada, provinces and territories, census divisions and census subdivisions"
98100206,,"Mother tongue by age and gender: Canada, provinces and territories, census divisions, census subdivisions and dissemination areas"
98100207,,"Mother tongue by age and gender: Census metropolitan areas, tracted census agglomerations and census tracts"
98100208,,Mother tongue by age and gender: Canada and forward sortation areas ©
98100209,,"Mother tongue by age and gender: Canada, provinces and territories and federal electoral districts (2013 Representation Order)"
98100210,,"Mother tongue of married spouse or common-law partner by mother tongue of other married spouse or common-law partner: Canada, provinces and territories, census metropolitan areas and census agglomerations with parts"
98100211,,"Mother tongue by knowledge of official languages for children in couple families: Canada, provinces and territories and census metropolitan areas with parts"
98100212,,"Mother tongue by language spoken most often at home for children in couple families: Canada, provinces and territories and census metropolitan areas with parts"
98100213,,"Mother tongue by language spoken most often at home for children in different-gender couple families: Canada, provinces and territories and census metropolitan areas with parts"
98100214,,"Potential demand for federal communications and services in the minority official language: Canada, provinces and territories, census metropolitan areas and census agglomerations with parts"
98100215,,"Potential demand for federal communications and services in the minority official language: Canada, provinces and territories, census divisions and census subdivisions"
98100216,,"Knowledge of languages by age and gender: Canada, provinces and territories, census divisions and census subdivisions"
98100217,,"Knowledge of languages by age and gender: Canada, provinces and territories, census metropolitan areas and census agglomerations with parts"
98100218,,"Mother tongue by age: Canada, provinces and territories"
98100219,,"Mother tongue by age: Canada, provinces and territories, census metropolitan areas and census agglomerations with parts"
98100220,,"Mother tongue by age: Canada, provinces and territories and census divisions"
98100221,,"Mother tongue by age: Canada, provinces and territories and census subdivisions with a population 5,000 or more"
98100222,,"Knowledge of official languages by age: Canada, provinces and territories"
98100223,,"Knowledge of official languages by age: Canada, provinces and territories, census metropolitan areas and census agglomerations with parts"
98100224,,"Knowledge of official languages by age: Canada, provinces and territories and census divisions"
98100225,,"Knowledge of official languages by age: Canada, provinces and territories and census subdivisions with a population 5,000 or more"
98100226,,"Language spoken most often at home by age: Canada, provinces and territories"
98100227,,"Language spoken most often at home by age: Canada, provinces and territories, census metropolitan areas and census agglomerations with parts"
98100228,,"Language spoken most often at home by age: Canada, provinces and territories and census divisions"
98100229,,"Language spoken most often at home by age: Canada, provinces and territories and census subdivisions with a population 5,000 or more"
98100230,,"Indigenous mother tongue, Indigenous language spoken most often at home and other Indigenous language(s) spoken regularly at home: Canada, provinces and territories"
98100231,,"Age of primary household maintainer by tenure: Canada, provinces and territories, census metropolitan areas and census agglomerations"
98100232,,"Age of primary household maintainer by tenure: Canada, provinces and territories, census divisions and census subdivisions"
98100233,,"Dwelling condition by tenure: Canada, provinces and territories, census divisions and census subdivisions"
98100234,,"Dwelling condition by tenure: Canada, provinces and territories, census metropolitan areas and census agglomerations"
98100235,,"Housing suitability with bedroom shortfall by tenure, with household size: Canada, provinces and territories, census metropolitan areas and census agglomerations"
98100236,,"Housing suitability with bedroom shortfall by tenure: Canada, provinces and territories, census metropolitan areas and census agglomerations"
98100237,,"Housing suitability by tenure: Canada, provinces and territories, census divisions and census subdivisions"
98100238,,"Housing suitability by tenure, with household type including census family structure: Canada, provinces and territories, census divisions and census subdivisions"
98100239,,"Structural type of dwelling by tenure: Canada, provinces and territories, census metropolitan areas and census agglomerations"
98100240,,"Structural type of dwelling by tenure: Canada, provinces and territories, census divisions and census subdivisions"
98100241,,"Housing indicators by tenure including presence of mortgage payments and subsidized housing, household type including census family structure and period of construction: Canada, provinces and territories, census metropolitan areas and census agglomerations"
98100242,,"Housing indicators by tenure including presence of mortgage payments and subsidized housing, household size and period of construction: Canada, provinces and territories, census metropolitan areas and census agglomerations"
98100243,,"Housing indicators by tenure including presence of mortgage payments and subsidized housing and household type including census family structure off reserve: Canada, provinces and territories, census divisions and census subdivisions"
98100244,,"Housing indicators by tenure including presence of mortgage payments and subsidized housing and household type including census family structure: Canada, provinces and territories, census metropolitan areas and census agglomerations"
98100245,,"Housing indicators by tenure including presence of mortgage payments and subsidized housing and household size off reserve: Canada, provinces and territories, census divisions and census subdivisions"
98100246,,"Acceptable housing by tenure: Canada, provinces and territories, census divisions and census subdivisions"
98100247,,"Core housing need by tenure including presence of mortgage payments and subsidized housing: Canada, provinces and territories, census divisions and census subdivisions"
98100248,,"Core housing need by tenure including presence of mortgage payments and subsidized housing: Canada, provinces and territories, census metropolitan areas and census agglomerations"
98100249,,"Acceptable housing by tenure: Canada, provinces and territories, census metropolitan areas and census agglomerations"
98100250,,"Family characteristics of seniors by housing indicators: Canada, provinces and territories, census metropolitan areas and census agglomerations"
98100251,,"Family characteristics of seniors by total income statistics: Canada, provinces and territories, census metropolitan areas and census agglomerations"
98100252,,"Shelter-cost-to-income ratio by tenure: Canada, provinces and territories, census metropolitan areas and census agglomerations"
98100253,,"Shelter cost by tenure including presence of mortgage payments and subsidized housing: Canada, provinces and territories, census metropolitan areas and census agglomerations"
98100254,,"Shelter cost by tenure including presence of mortgage payments and subsidized housing: Canada, provinces and territories and census subdivisions affiliated with First Nations or Indian bands"
98100255,,"Shelter-cost-to-income ratio by tenure including presence of mortgage payments and subsidized housing: Canada, provinces and territories, census divisions and census subdivisions"
98100256,,"Value (owner-estimated) of dwelling by structural type of dwelling: Canada, provinces and territories, census metropolitan areas and census agglomerations"
98100257,,"Value (owner-estimated) of dwelling by structural type of dwelling: Canada, provinces and territories and census subdivisions with a population 5,000 or more"
98100258,,"Housing indicators by tenure: Canada, provinces and territories, census metropolitan areas and census agglomerations"
98100259,,"Housing indicators by tenure: Canada, provinces and territories, census divisions and census subdivisions"
98100260,,"Housing indicators by tenure including presence of mortgage payments and subsidized housing and household type including census family structure on reserve: Canada, provinces and territories and census subdivisions affiliated with First Nations or Indian bands"
98100261,,"Housing indicators by tenure including presence of mortgage payments and subsidized housing and household size on reserve: Canada, provinces and territories and census subdivisions affiliated with First Nations or Indian bands"
98100262,,"Housing indicators by tenure including presence of mortgage payments and subsidized housing and household size: Canada, provinces and territories, census metropolitan areas and census agglomerations"
98100264,,"Indigenous identity by Registered or Treaty Indian status and residence by Indigenous geography: Canada, provinces and territories"
98100265,,"Indigenous identity by Registered or Treaty Indian status: Canada, provinces and territories, census metropolitan areas and census agglomerations with parts"
98100266,,"Indigenous identity by Registered or Treaty Indian status: Canada, provinces and territories, census divisions and census subdivisions"
98100267,,"Membership in a First Nation or Indian band by residence on or off reserve: Canada, provinces and territories"
98100268,,"Membership in a Métis organization or Settlement by Indigenous identity: Canada, provinces and territories, census metropolitan areas and census agglomerations with parts"
98100269,,"Enrollment under an Inuit land claims agreement by residence inside or outside Inuit Nunangat: Canada, provinces and territories, census metropolitan areas and census agglomerations with parts"
98100270,,"Knowledge of Indigenous languages by single and multiple knowledge of languages responses, Indigenous identity and residence by Indigenous geography: Canada, provinces and territories"
98100271,,"Knowledge of Indigenous languages by single and multiple knowledge of languages responses and Indigenous identity: Canada, provinces and territories, census metropolitan areas and census agglomerations with parts"
98100272,,"Indigenous mother tongue by single and multiple mother tongue responses, Indigenous identity and residence by Indigenous geography: Canada, provinces and territories"
98100273,,"Indigenous mother tongue by single and multiple mother tongue responses and Indigenous identity: Canada, provinces and territories, census metropolitan areas and census agglomerations with parts"
98100274,,"Indigenous language spoken at home by single and multiple responses of language spoken at home, Indigenous identity and residence by Indigenous geography: Canada, provinces and territories"
98100275,,"Indigenous language spoken at home by single and multiple responses of language spoken at home and Indigenous identity: Canada, provinces and territories, census metropolitan areas and census agglomerations with parts"
98100276,,"Household and family characteristics of persons including detailed information on stepfamilies by Indigenous identity and residence by Indigenous geography: Canada, provinces and territories"
98100277,,"Household and family characteristics of persons including detailed information on stepfamilies by Indigenous identity: Canada, provinces and territories, census metropolitan areas and census agglomerations with parts"
98100278,,"Presence of grandparents in household by Indigenous identity and residence by Indigenous geography: Canada, provinces and territories"
98100279,,"Presence of grandparents in household by Indigenous identity: Canada, provinces and territories, census metropolitan areas and census agglomerations with parts"
98100280,,"Military service status by Indigenous identity: Canada, provinces and territories"
98100281,,"Income statistics by Indigenous identity and residence by Indigenous geography: Canada, provinces and territories"
98100282,,"Income statistics by Indigenous identity: Canada, provinces and territories, census metropolitan areas and census agglomerations with parts"
98100283,,"Individual low-income status by Indigenous identity and residence by Indigenous geography: Canada, provinces and territories"
98100284,,"Number of persons per room by Indigenous identity, housing suitability and residence by Indigenous geography: Canada, provinces and territories"
98100285,,"Number of persons per room by Indigenous identity and housing suitability: Canada, provinces and territories, census metropolitan areas and census agglomerations with parts"
98100286,,"Dwelling condition by Indigenous identity and residence by Indigenous geography: Canada, provinces and territories"
98100287,,"Dwelling condition by Indigenous identity: Canada, provinces and territories, census metropolitan areas and census agglomerations with parts"
98100288,,"Religion by Indigenous identity: Canada, provinces and territories"
98100289,,"Indigenous ancestry responses by single and multiple Indigenous ancestry responses: Canada, provinces and territories"
98100290,,"Indigenous ancestry responses by single and multiple Indigenous ancestry responses: Canada, provinces and territories, census metropolitan areas and census agglomerations with parts"
98100291,,"Indigenous identity by highest level of education and income statistics: Canada, provinces and territories, census metropolitan areas and census agglomerations with parts"
98100292,,"Indigenous identity population by gender and age: Canada, provinces and territories, census metropolitan areas and census agglomerations"
98100293,,"Indigenous identity population by gender and age: Canada, provinces and territories, census divisions and census subdivisions"
98100294,,"Knowledge of Indigenous languages by single and multiple knowledge of languages responses and Indigenous language acquisition: Canada, provinces and territories"
98100295,,"Membership in a First Nation or Indian band by labour force status: Canada, provinces and territories"
98100296,,"Indigenous mother tongue by single and multiple mother tongue responses and active and silent speakers of an Indigenous mother tongue: Canada, provinces and territories"
98100297,,"Knowledge of Indigenous languages by single and multiple knowledge of languages responses and age: Canada, provinces and territories, census divisions and census subdivisions"
98100298,,"Indigenous mother tongue by single and multiple mother tongue responses and Indigenous identity: Canada, provinces and territories, census divisions and census subdivisions"
98100299,,"Indigenous language spoken at home by single and multiple responses of language spoken at home: Canada, provinces and territories"
98100300,,"Immigrant status and period of immigration by mother tongue: Canada, provinces and territories, census metropolitan areas and census agglomerations with parts"
98100301,,"Languages spoken at home by mother tongue, immigrant status and period of immigration and first official language spoken: Canada, provinces and territories and census metropolitan areas with parts"
98100302,,"Immigrant status and period of immigration by place of birth and citizenship: Canada, provinces and territories and census metropolitan areas with parts"
98100303,,"Citizenship by visible minority and immigrant status and period of immigration: Canada, provinces and territories and federal electoral districts (2013 Representation Order)"
98100304,,"Countries of citizenship by immigrant status and period of immigration, and admission category: Canada, provinces and territories, census metropolitan areas and census agglomerations with parts"
98100305,,"Province or territory of intended destination by admission category and immigrant status and period of immigration: Canada, provinces and territories, census metropolitan areas and census agglomerations with parts"
98100307,,"Immigrant status and period of immigration by place of birth: Canada, provinces and territories, census divisions and census subdivisions"
98100308,,"Visible minority by immigrant status and period of immigration: Canada, provinces and territories, census metropolitan areas and census agglomerations with parts"
98100309,,"Immigrant status and period of immigration by mother tongue, labour force status and highest level of education: Canada, provinces and territories, census metropolitan areas and census agglomerations with parts"
98100311,,"Immigrant status and period of immigration by mother tongue, income, work activity during the reference year and highest level of education: Canada, provinces and territories, census metropolitan areas and census agglomerations with parts"
98100312,,"Immigrant status and period of immigration by first official language spoken, income, work activity during the reference year and highest level of education: Canada, provinces and territories, census metropolitan areas and census agglomerations with parts"
98100313,,"Immigrant status and period of immigration by income and highest level of education: Canada, provinces and territories, census metropolitan areas and census agglomerations with parts"
98100314,,"Individual low-income status by immigrant status and period of immigration: Canada, provinces and territories, census metropolitan areas and census agglomerations with parts"
98100315,,"Immigrant status and period of immigration by general income sources and highest level of education: Canada, provinces and territories, census metropolitan areas and census agglomerations with parts"
98100316,,"Occupation by highest level of education, period of immigration and admission category: Canada, provinces and territories"
98100317,,"Period of immigration by admission category and place of birth: Canada, provinces and territories, census metropolitan areas and census agglomerations with parts"
98100318,,"Admission category by period of immigration and pre-admission experience: Canada, provinces and territories, census metropolitan areas and census agglomerations with parts"
98100321,,"Generation status by languages spoken at home and mother tongue: Canada, provinces and territories and census metropolitan areas with parts"
98100324,,"Visible minority and population group by generation status: Canada, provinces and territories, census metropolitan areas and census agglomerations with parts"
98100325,,"Visible minority by mother tongue and generation status: Canada, provinces and territories and census metropolitan areas with parts"
98100326,,"Visible minority by place of birth and generation status: Canada, provinces and territories, census metropolitan areas and census agglomerations with parts"
98100327,,"Housing suitability by visible minority and immigrant status and period of immigration: Canada, provinces and territories, census metropolitan areas and census agglomerations with parts"
98100328,,"Shelter-cost-to-income ratio by visible minority and immigrant status and period of immigration: Canada, provinces and territories, census metropolitan areas and census agglomerations with parts"
98100330,,"Visible minority by occupation, highest level of education and generation status: Canada, provinces and territories"
98100331,,"Visible minority by income and generation status: Canada, provinces and territories, census metropolitan areas and census agglomerations with parts"
98100332,,"Visible minority by individual low-income status and generation status: Canada, provinces and territories, census metropolitan areas and census agglomerations with parts"
98100333,,"Visible minority by economic family income and generation status: Canada, provinces and territories, census metropolitan areas and census agglomerations with parts"
98100334,,"Visible minority by income, detailed income sources and generation status: Canada, provinces and territories, census metropolitan areas and census agglomerations with parts"
98100337,,"Visible minority by ethnic or cultural origin: Canada, provinces and territories, census metropolitan areas and census agglomerations with parts"
98100338,,"Ethnic or cultural origin by generation status: Canada, provinces and territories, census metropolitan areas and census agglomerations with parts"
98100341,,"Religion by ethnic or cultural origins: Canada, provinces and territories and census metropolitan areas with parts"
98100342,,"Religion by visible minority and generation status: Canada, provinces and territories, census metropolitan areas and census agglomerations with parts"
98100343,,"Religion by immigrant status and period of immigration and place of birth: Canada, provinces and territories"
98100345,,"Religion by immigrant status and period of immigration: Canada, provinces and territories, census metropolitan areas and census agglomerations with parts"
98100347,,"Immigrant status and period of immigration by gender and age: Canada, provinces and territories"
98100348,,Immigrant status and period of immigration by gender and age: Census divisions
98100349,,Place of birth and period of immigration by gender and age: Canada
98100350,,Place of birth and period of immigration by gender and age: Census divisions
98100351,,"Visible minority by gender and age: Canada, provinces and territories"
98100352,,Visible minority by gender and age: Census divisions
98100353,,"Religion by gender and age: Canada, provinces and territories"
98100354,,Religion by gender and age: Census divisions
98100355,,"Ethnic or cultural origin by gender and age: Canada, provinces and territories"
98100356,,"Ethnic or cultural origin by gender and age: Canada, provinces and territories, census metropolitan areas and census agglomerations with parts"
98100357,,"Ethnic or cultural origin by gender and age: Canada, provinces and territories and census divisions"
98100358,,"Ethnic or cultural origin by gender and age: Canada, provinces and territories and census subdivisions with a population 5,000 or more"
98100359,,Countries of citizenship by gender and age: Canada
98100360,,Countries of citizenship by gender and age: Census divisions
98100361,,"Non-permanent resident type by place of birth: Canada, provinces and territories, census metropolitan areas and census agglomerations with parts"
98100362,,"Immigrant status and period of immigration by first official language spoken, labour force status and highest level of education: Canada, provinces and territories, census metropolitan areas and census agglomerations with parts"
98100363,,"Language used most often at work by other language(s) used regularly at work, language spoken most often at home and place of work census division: Canada, provinces and territories and census divisions"
98100364,,"Mother tongue by generation status and number of languages known: Canada, provinces and territories, census metropolitan areas and census agglomerations with parts"
98100365,,"Knowledge of official languages by income statistics, highest level of education, immigrant status and period of immigration and work activity during the reference year: Canada, provinces and territories, census metropolitan areas and census agglomerations with parts"
98100366,,"First official language spoken by mobility status 1 year ago, place of residence 1 year ago and immigrant status and period of immigration: Canada, provinces and territories, census metropolitan areas and census agglomerations with parts"
98100367,,"First official language spoken by mobility status 5 years ago, language used most often at work and highest level of education: Canada, provinces and territories and census metropolitan areas with parts"
98100368,,"First official language spoken by mobility status 5 years ago, place of residence 5 years ago, industry, highest level of education and employment income statistics: Canada, provinces and territories"
98100369,,"First official language spoken by mobility status 5 years ago, place of residence 5 years ago, occupation, highest level of education and employment income statistics: Canada, provinces and territories"
98100370,,"Province and territory components of migration 1 year ago by first official language spoken, age and gender: Canada"
98100371,,"Province and territory components of migration 5 years ago by first official language spoken, age and gender: Canada"
98100372,,"Period of immigration by first official language spoken, place of birth, admission category, and pre-admission experience: Canada, provinces and territories and census metropolitan areas with parts"
98100376,,"Mobility status 1 year ago by mother tongue, marital status, age and gender: Canada, provinces and territories, census metropolitan areas and census agglomerations with parts"
98100377,,"Mobility status 5 years ago by mother tongue, marital status, age and gender: Canada, provinces and territories, census metropolitan areas and census agglomerations with parts"
98100378,,"Interprovincial migrants 1 year ago by province or territory of origin and destination, mother tongue, age and gender: Current - Province or territory of residence"
98100379,,"Interprovincial migrants 5 years ago by province or territory of origin and destination, mother tongue, age and gender: Current - Province or territory of residence"
98100380,,"Census metropolitan area and census agglomeration components of migration 1 year ago by mother tongue, age and gender: Canada"
98100381,,"Census metropolitan area and census agglomeration components of migration 5 years ago by mother tongue, age and gender: Canada"
98100382,,"Province and territory components of migration 1 year ago by mother tongue, age and gender: Canada"
98100383,,"Province and territory components of migration 5 years ago by mother tongue, age and gender: Canada"
98100384,,"Highest level of education by census year: Canada, provinces and territories, census metropolitan areas and census agglomerations"
98100385,,"High school completion by census year: Canada, provinces and territories, census metropolitan areas and census agglomerations"
98100386,,"Highest level of education by geography: Canada, provinces and territories"
98100387,,Highest level of education by geography: Census divisions
98100388,,"Major field of study (detailed, 4-digit) by highest level of education: Canada, provinces and territories, census metropolitan areas and census agglomerations with parts"
98100389,,"Major field of study (detailed, 4-digit) by highest level of education: Canada, provinces and territories, census divisions and census subdivisions with a population 5,000 or more"
98100390,,"Major field of study by highest level of education: Canada, provinces and territories, census divisions and census subdivisions"
98100391,,"Major field of study (STEM and BHASE, detailed) by geography: Canada, provinces and territories"
98100392,,"Major field of study (STEM and BHASE, detailed) by geography: Census divisions"
98100393,,"Major field of study (STEM and BHASE, detailed) by highest level of education: Canada, provinces and territories, census divisions and census subdivisions"
98100394,,"Major field of study (Classification of Instructional Programs 2016, detailed, 4-digit) by highest level of education: Canada, provinces and territories, census metropolitan areas and census agglomerations with parts"
98100395,,"Location of study compared with location of residence by highest level of education: Canada, provinces and territories, census metropolitan areas and census agglomerations with parts"
98100396,,"Location of study compared with location of residence by highest level of education: Canada, provinces and territories, census divisions and census subdivisions"
98100397,,"College, CEGEP or other non-university certificate or diploma by selected sociocultural characteristics: Canada, provinces and territories, census metropolitan areas and census agglomerations with parts"
98100398,,"Apprenticeship certificate by selected sociocultural characteristics: Canada, provinces and territories, census divisions and census subdivisions"
98100399,,"Employment income statistics by visible minority, immigrant status, highest level of education and location of study: Canada, provinces and territories"
98100400,,"Labour force status by highest level of education: Canada, provinces and territories, census divisions and census subdivisions"
98100401,,"Labour force status by major field of study (detailed, 4-digit) and highest level of education: Canada, provinces and territories, census metropolitan areas and census agglomerations with parts"
98100402,,"Occupation (STEM and non-STEM) by major field of study (STEM and BHASE, detailed) and highest level of education: Canada, provinces and territories"
98100403,,"Occupation by major field of study (detailed, 4-digit): Canada"
98100404,,"Occupation by major field of study (detailed, 4-digit): Canada, provinces and territories"
98100405,,"Occupation by major field of study (STEM and BHASE, detailed): Canada, provinces and territories"
98100407,,"Employment income groups by highest level of education: Canada, provinces and territories"
98100409,,"Employment income statistics by major field of study (detailed, 4-digit) and highest level of education: Canada, provinces and territories"
98100410,,"Employment income statistics by highest level of education and major field of study (summary): Canada, provinces and territories, census metropolitan areas and census agglomerations with parts"
98100411,,"Employment income statistics by highest level of education: Canada, provinces and territories, census divisions and census subdivisions"
98100412,,"Employment income statistics by occupation, major field of study and highest level of education: Canada"
98100413,,"Highest level of education by census year, Indigenous identity and Registered Indian status: Canada, provinces and territories"
98100414,,"Highest level of education by major field of study and Indigenous identity: Canada, provinces and territories, census metropolitan areas and census agglomerations with parts"
98100415,,"Highest level of education by major field of study (summary) and Indigenous identity: Canada, provinces and territories, census divisions and census subdivisions with a population 5,000 or more"
98100416,,"Major field of study (STEM and BHASE, summary) by Indigenous identity: Canada, provinces and territories, census metropolitan areas and census agglomerations with parts"
98100417,,"School attendance by Indigenous identity and Indigenous geography: Canada, provinces and territories"
98100418,,"School attendance by Indigenous identity: Canada, provinces and territories, census metropolitan areas and census agglomerations with parts"
98100419,,"School attendance by Indigenous identity: Canada, provinces and territories, census divisions and census subdivisions with a population 5,000 or more"
98100420,,"High school completion by Indigenous identity, Indigenous geography and labour force status: Canada, provinces and territories"
98100421,,"High school completion by Indigenous identity and labour force status: Canada, provinces and territories, census metropolitan areas and census agglomerations with parts"
98100422,,"High school completion by Indigenous identity and labour force status: Canada, provinces and territories, census divisions and census subdivisions with a population 5,000 or more"
98100423,,"Highest level of education by Indigenous identity, Indigenous geography and labour force status: Canada, provinces and territories"
98100424,,"Highest level of education by Indigenous identity and labour force status: Canada, provinces and territories, census metropolitan areas and census agglomerations with parts"
98100425,,"Highest level of education by Indigenous identity and labour force status: Canada, provinces and territories, census divisions and census subdivisions with a population 5,000 or more"
98100426,,"Employment income statistics by Indigenous identity, highest level of education and major field of study: Canada, provinces and territories"
98100427,,"Employment income statistics by Indigenous identity and highest level of education: Canada, provinces and territories, census metropolitan areas and census agglomerations with parts"
98100428,,"Employment income statistics by Indigenous identity and highest level of education: Canada, provinces and territories, census divisions and census subdivisions"
98100429,,"Highest level of education by census year, visible minority and generation status: Canada, provinces and territories, census metropolitan areas and census agglomerations"
98100430,,"Highest level of education by major field of study, visible minority and immigrant status: Canada, provinces and territories, census metropolitan areas and census agglomerations with parts"
98100431,,"Highest level of education by major field of study, visible minority and generation status: Canada, provinces and territories and census metropolitan areas with parts"
98100432,,"Highest level of education by visible minority and immigrant status: Canada, provinces and territories, census divisions and census subdivisions with a population 5,000 or more"
98100433,,"School attendance by visible minority and immigrant status: Canada, provinces and territories, census metropolitan areas and census agglomerations with parts"
98100434,,"School attendance by visible minority: Canada, provinces and territories, census divisions and census subdivisions"
98100435,,"Labour force status by visible minority, highest level of education, major field of study (STEM and BHASE, summary) and immigrant status: Canada, provinces and territories, census metropolitan areas and census agglomerations with parts"
98100436,,"Labour force status by visible minority, highest level of education and immigrant status: Canada, provinces and territories, census divisions and census subdivisions with a population 5,000 or more"
98100437,,"Occupation (training, education, experience and responsibility category - TEER) by visible minority, generation status, location of study and highest level of education: Canada, provinces and territories"
98100439,,"Employment income statistics by visible minority, highest level of education, immigrant status and income year: Canada, provinces and territories, census metropolitan areas and census agglomerations with parts"
98100440,,"Employment income statistics by visible minority, highest level of education and immigrant status: Canada, provinces and territories, census divisions and census subdivisions with a population 5,000 or more"
98100441,,"Labour force status by period of immigration, admission category, highest level of education and location of study, for immigrants since 1980: Canada, provinces and territories, census metropolitan areas and census agglomerations with parts"
98100442,,"Labour force status by immigrant status and period of immigration, highest level of education, major field of study and location of study: Canada, provinces and territories"
98100443,,"Occupation (training, education, experience and responsibility category - TEER) by immigrant status and period of immigration, highest level of education, major field of study (STEM and BHASE, summary) and location of study: Canada, provinces and territories"
98100445,,"Labour force status by major field of study, highest level of education, location of study compared with location of residence, age and gender: Canada, provinces and territories, census metropolitan areas and census agglomerations with parts"
98100446,,"Labour force status by visible minority, immigrant status and period of immigration, highest level of education, age and gender: Canada, provinces and territories, census metropolitan areas and census agglomerations with parts"
98100447,,"Occupation unit group by highest level of education, major field of study, age and gender: Canada, provinces and territories"
98100448,,"Industry groups by class of worker including job permanency, labour force status, age and gender: Canada, provinces and territories, census metropolitan areas and census agglomerations with parts"
98100449,,"Occupation unit group by labour force status, highest level of education, age and gender: Canada, provinces and territories, census metropolitan areas and census agglomerations with parts"
98100450,,"Occupation (training, education, experience and responsibility category - TEER) by mobility status 5 years ago, place of residence 5 years ago and labour force status: Canada, provinces and territories, census metropolitan areas and census agglomerations with parts"
98100451,,"Labour force status by highest level of education, Indigenous identity, age and gender: Canada, provinces and territories, census metropolitan areas and census agglomerations with parts"
98100452,,"Employment income statistics by occupation minor group, work activity during the reference year, age and gender: Canada, provinces and territories and census metropolitan areas with parts"
98100453,,"Job permanency by highest level of education, occupation major group, employment income statistics, age and gender: Canada, provinces and territories, census metropolitan areas and census agglomerations with parts"
98100454,,"Occupation (STEM and non-STEM) by visible minority, generation status, age and gender: Canada, provinces and territories, census metropolitan areas and census agglomerations with parts"
98100455,,"Place of work status by industry subsectors, occupation broad category, age and gender: Canada, provinces and territories, census metropolitan areas and census agglomerations with parts"
98100456,,"Place of work status by industry sectors, occupation broad category and gender: Canada, provinces and territories, census divisions and census subdivisions"
98100457,,"Main mode of commuting by commuting duration, time leaving for work, age and gender: Canada, provinces and territories, census metropolitan areas and census agglomerations with parts"
98100458,,"Main mode of commuting by commuting duration, time leaving for work, age and gender: Canada, provinces and territories, census divisions and census subdivisions"
98100459,,Commuting flow from geography of residence to geography of work by gender: Census subdivisions
98100460,,"Commuting flow from geography of residence to geography of work by main mode of commuting, commuting duration and gender: Census metropolitan areas and census agglomerations"
98100461,,"Main mode of commuting by commuting duration, distance (straight-line) from home to work and time leaving for work: Canada, provinces and territories, census divisions and census subdivisions"
98100462,,"Commuting destination by main mode of commuting, age and gender: Canada, provinces and territories, census divisions and census subdivisions"
98100463,,"Main mode of commuting by employment income groups, age and gender: Canada, provinces and territories, census metropolitan areas and census agglomerations with parts"
98100464,,"Main mode of commuting by industry sectors, occupation broad category and gender: Canada, provinces and territories, census divisions and census subdivisions"
98100465,,"Main mode of commuting by commuting duration, time leaving for work, industry sectors, occupation broad category and gender: Canada, provinces and territories, census metropolitan areas and census agglomerations with parts"
98100466,,Commuting flow from geography of residence to geography of work by gender: Census divisions
98100467,,"Place of work status by highest level of education, age and gender: Canada, provinces and territories, census divisions and census subdivisions"
98100468,,"Main mode of commuting by immigrant status and period of immigration, visible minority, age and gender: Canada, provinces and territories, census metropolitan areas and census agglomerations with parts"
98100469,,"Place of work status by industry sectors, work activity during the reference year, age and gender: Canada, provinces and territories, census divisions and census subdivisions"
98100470,,"Place of work status by industry sectors, work activity during the reference year, age and gender: Census metropolitan areas, tracted census agglomerations and census tracts"
98100471,,"Place of work status by occupation broad category, work activity during the reference year, age and gender: Canada, provinces and territories, census divisions and census subdivisions"
98100472,,"Place of work status by occupation broad category, work activity, age and gender: Census metropolitan areas, tracted census agglomerations and census tracts"
98100473,,"Total income groups by place of work status: Canada, provinces and territories, census divisions and census subdivisions"
98100474,,"Total income groups by place of work status: Census metropolitan areas, tracted census agglomerations and census tracts"
98100475,,"Employment income groups by place of work status: Canada, provinces and territories, census divisions and census subdivisions"
98100476,,"Employment income groups by place of work status: Census metropolitan areas, tracted census agglomerations and census tracts"
98100477,,"Place of work status by language spoken most often at home: Canada, provinces and territories, census divisions and census subdivisions"
98100478,,"Place of work status by language spoken most often at home: Census metropolitan areas, tracted census agglomerations and census tracts"
98100479,,"Place of work status by main mode of commuting, time leaving for work, and commuting duration: Canada, provinces and territories, census divisions and census subdivisions"
98100480,,"Place of work status by main mode of commuting, time leaving for work, and commuting duration: Census metropolitan areas, tracted census agglomerations and census tracts"
98100481,,"Place of work status by highest level of education and gender: Canada, provinces and territories, census divisions and census subdivisions"
98100482,,"Place of work status by highest level of education and gender: Census metropolitan areas, tracted census agglomerations and census tracts"
98100485,,"Labour force status by age and gender: Canada, provinces and territories, census divisions and census subdivisions"
98100486,,"Labour force status by age and gender: Census metropolitan areas, tracted census agglomerations and census tracts"
98100491,,"Place of work status by industry sector, work activity during the reference year, age and gender: Canada, provinces and territories, census divisions and census subdivisions of work"
98100492,,"Place of work status by industry sector, work activity during the reference year, age and gender: Census metropolitan areas, tracted census agglomerations and census tracts of work"
98100493,,"Place of work status by occupation broad category, work activity during the reference year, age and gender: Canada, provinces and territories, census divisions and census subdivisions of work"
98100494,,"Place of work status by occupation broad category, work activity, age and gender: Census metropolitan areas, tracted census agglomerations and census tracts of work"
98100495,,"Total income groups by place of work status: Canada, provinces and territories, census divisions and census subdivisions of work"
98100496,,"Total income groups by place of work status: Census metropolitan areas, tracted census agglomerations and census tracts of work"
98100497,,"Employment income groups by place of work status: Canada, provinces and territories, census divisions and census subdivisions of work"
98100498,,"Employment income groups by place of work status: Census metropolitan areas, tracted census agglomerations and census tracts of work"
98100499,,"Place of work status by language spoken most often at home: Canada, provinces and territories, census divisions and census subdivisions of work"
98100500,,"Place of work status by language spoken most often at home: Census metropolitan areas, tracted census agglomerations and census tracts of work"
98100503,,"Commuting duration by main mode of commuting and time arriving at work: Canada, provinces and territories, census divisions and census subdivisions of work"
98100504,,"Commuting duration by main mode of commuting and time arriving at work: Census metropolitan areas, tracted census agglomerations and census tracts of work"
98100505,,"Place of work status by highest level of education and gender: Canada, provinces and territories, census divisions and census subdivisions of work"
98100506,,"Place of work status by highest level of education and gender: Census metropolitan areas, tracted census agglomerations and census tracts of work"
98100519,,"Languages used at work by knowledge of official languages and highest certificate, diploma or degree: Canada, provinces and territories and census metropolitan areas with parts"
98100520,,"Languages used at work by industry and occupation: Canada, provinces and territories, census metropolitan areas and census agglomerations with parts"
98100521,,"First official language spoken by languages used at work, immigrant status and place of birth: Canada, provinces and territories and census metropolitan areas with parts"
98100522,,"Languages used at work by mother tongue: Canada, provinces and territories, census divisions and census subdivisions"
98100523,,"Languages used at work by first official language spoken and place of work census division: Canada, provinces and territories and census divisions"
98100524,,"Languages used at work by languages used at home, immigrant status and period of immigration: Canada, provinces and territories, census metropolitan areas and census agglomerations with parts"
98100525,,"Languages used at work by mother tongue, immigrant status and occupation: Canada, provinces and territories, census metropolitan areas and census agglomerations with parts"
98100526,,"Languages used at work by mother tongue and industry: Canada, provinces and territories, census metropolitan areas and census agglomerations with parts"
98100527,,"Languages used at work by mother tongue, industry and highest certificate, diploma or degree: Canada, provinces and territories, census metropolitan areas and census agglomerations with parts"
98100528,,"All languages used at work by single and multiple responses of language used at work, mother tongue and industry: Canada, provinces and territories, census metropolitan areas and census agglomerations with parts"
98100529,,"All languages used at work by single and multiple responses of language used at work and mother tongue: Canada, provinces and territories, census divisions and census subdivisions"
98100530,,"Languages used at work by employment income statistics, immigrant status and highest certificate, diploma or degree: Canada, provinces and territories, census metropolitan areas and census agglomerations with parts"
98100531,,"Languages used at work by industry groups and knowledge of official languages: Canada, provinces and territories, census metropolitan areas and census agglomerations with parts"
98100532,,"Languages used at work by occupation and knowledge of official languages: Canada, provinces and territories and census metropolitan areas with parts"
98100533,,"Languages used at work by mother tongue and knowledge of official languages: Canada, provinces and territories and census metropolitan areas with parts"
98100534,,"Eligibility for instruction in the minority official language by age and gender: Canada, provinces and territories, census divisions and census subdivisions"
98100535,,"Eligibility for instruction in the minority official language by age and gender: Canada, provinces and territories, census metropolitan areas and census agglomerations with parts"
98100536,,"Eligibility for instruction in the minority official language by detailed eligibility criteria and linguistic characteristics: Canada, provinces and territories, census divisions and census subdivisions"
98100537,,"Eligibility for instruction in the minority official language by detailed eligibility criteria and linguistic characteristics: Canada, provinces and territories, census metropolitan areas and census agglomerations with parts"
98100538,,"Primary or secondary schooling in an English school in Canada by number of years of primary or secondary schooling and mother tongue: Quebec, census divisions and census subdivisions"
98100539,,"Primary or secondary schooling in French in Canada by type of French program attended and mother tongue: Canada outside of Quebec, provinces and territories, census divisions and census subdivisions"
98100540,,"Type and level of French program attended and number of years of primary or secondary schooling in a regular French program in a French-language school by mother tongue: Canada outside of Quebec, provinces and territories, census divisions and census subdivisions"
98100541,,"Eligibility for instruction in the minority official language by criteria of eligibility and single or multiple response indicator: Canada, provinces and territories, census divisions and census subdivisions"
98100543,,"Eligibility for instruction in the minority official language by collapsed criteria of eligibility accounting for parents’ citizenship: Canada, provinces and territories, census divisions and census subdivisions"
98100544,,"Eligibility for instruction in the minority official language by collapsed criteria of eligibility accounting for parents’ citizenship: Canada, provinces and territories, census metropolitan areas and census agglomerations with parts"
98100557,,"Long-form data quality indicators for Indigenous peoples content: Canada, provinces and territories, census metropolitan areas, census agglomerations and census subdivisions"
98100558,,"Long-form data quality indicators for Indigenous peoples content: Canada, provinces and territories, census divisions and census subdivisions"
98100559,,"Long-form data quality indicators for housing characteristics: Canada, provinces and territories, census metropolitan areas, census agglomerations and census subdivisions"
98100560,,"Long-form data quality indicators for housing characteristics: Canada, provinces and territories, census divisions and census subdivisions"
98100561,,"Long-form data quality indicators for immigration, place of birth, and citizenship: Canada, provinces and territories, census metropolitan areas, census agglomerations and census subdivisions"
98100562,,"Long-form data quality indicators for immigration, place of birth, and citizenship: Canada, provinces and territories, census divisions and census subdivisions"
98100563,,"Long-form data quality indicators for ethnic or cultural origin, population group and religion: Canada, provinces and territories, census metropolitan areas, census agglomerations and census subdivisions"
98100564,,"Long-form data quality indicators for ethnic or cultural origin, population group and religion: Canada, provinces and territories, census divisions and census subdivisions"
98100565,,"Long-form data quality indicators for mobility: Canada, provinces and territories, census metropolitan areas, census agglomerations and census subdivisions"
98100566,,"Long-form data quality indicators for mobility: Canada, provinces and territories, census divisions and census subdivisions"
98100567,,"Long-form data quality indicators for education: Canada, provinces and territories, census metropolitan areas, census agglomerations and census subdivisions"
98100568,,"Long-form data quality indicators for education: Canada, provinces and territories, census divisions and census subdivisions"
98100569,,"Long-form data quality indicators for labour: Canada, provinces and territories, census metropolitan areas, census agglomerations and census subdivisions"
98100570,,"Long-form data quality indicators for labour: Canada, provinces and territories, census divisions and census subdivisions"
98100571,,"Long-form data quality indicators for commuting: Canada, provinces and territories, census metropolitan areas, census agglomerations and census subdivisions"
98100572,,"Long-form data quality indicators for commuting: Canada, provinces and territories, census divisions and census subdivisions"
98100573,,"Long-form data quality indicators for expenditures: Canada, provinces and territories, census metropolitan areas, census agglomerations and census subdivisions"
98100574,,"Long-form data quality indicators for expenditures: Canada, provinces and territories, census divisions and census subdivisions"
98100575,,"Long-form data quality indicators for language of work: Canada, provinces and territories, census metropolitan areas, census agglomerations and census subdivisions"
98100576,,"Long-form data quality indicators for language of work: Canada, provinces and territories, census divisions and census subdivisions"
98100577,,"Short-form data quality indicators for instruction in the minority official language for residents of Canada outside of Quebec: Canada outside of Quebec, provinces and territories, census divisions and census subdivisions"
98100578,,"Short-form data quality indicators for instruction in the minority official language for residents of Quebec: Quebec, census divisions and census subdivisions"
98100585,,"Employment income statistics by occupation minor group, immigrant status and period of immigration, highest level of education, work activity during the reference year, age and gender: Canada, provinces and territories"
98100586,,"Employment income statistics by occupation unit group, visible minority, highest level of education, work activity during the reference year, age and gender: Canada, provinces and territories"
98100587,,"Employment income statistics by occupation minor group, Indigenous identity, highest level of education, work activity during the reference year, age and gender: Canada, provinces and territories and census metropolitan areas with parts"
98100588,,"Employment income statistics by industry sectors, Indigenous identity, highest level of education, work activity during the reference year, age and gender: Canada, provinces and territories, census metropolitan areas and census agglomerations with parts"
98100589,,"Occupation (STEM and non-STEM) by industry sectors, Indigenous identity, employment income statistics, occupation (training, education, experience and responsibility category - TEER), age and gender: Canada, provinces and territories"
98100590,,"Labour force status by occupation (training, education, experience and responsibility category - TEER), mobility status 5 years ago, highest level of education, age and gender: Canada, provinces and territories and census divisions"
98100591,,"Class of worker including job permanency by occupation minor group, labour force status, age and gender: Canada, provinces and territories and census divisions"
98100592,,"Class of worker by industry groups, labour force status, age and gender: Canada, provinces and territories and census divisions"
98100593,,"Class of worker by occupation unit group, labour force status, age and gender: Canada, provinces and territories, census metropolitan areas and census agglomerations with parts"
98100594,,"Labour force status by occupation minor group, industry sectors, age and gender: Canada, provinces and territories, census metropolitan areas and census agglomerations with parts"
98100595,,"Work activity during the reference year by industry sectors, occupation broad categories, income statistics and age: Canada, provinces and territories, census metropolitan areas and census agglomerations with parts"
98100596,,"Work activity during the reference year by labour market related income groups, occupation sub-major groups, age and gender: Canada, provinces and territories and census metropolitan areas with parts"
98100597,,"Employment income statistics by industry sectors, highest level of education, immigrant status and period of immigration, work activity during the reference year, age and gender: Canada, provinces and territories, census metropolitan areas and census agglomerations with parts"
98100598,,"Employment income statistics by industry subsectors, class of worker including job permanency, work activity during the reference year, age and gender: Canada, provinces and territories, census metropolitan areas and census agglomerations with parts"
98100599,,"Employment income statistics by industry groups, visible minority, highest level of education, work activity during the reference year, age and gender: Canada, provinces and territories"
98100600,,"Class of worker including job permanency by industry groups, immigrant status and period of immigration, admission category and applicant type, age and gender: Canada, provinces and territories"
98100601,,"Individual low-income and poverty status by occupation broad category, industry sectors, and work activity during the reference year: Canada, provinces and territories and census divisions"
98100615,,"First official language spoken by labour force status, highest level of education and immigrant status and period of immigration: Canada, provinces and territories, census metropolitan areas and census agglomerations with parts"
98100616,,"First official language spoken by knowledge of languages, place of birth (including provinces) and immigrant status and period of immigration: Canada, provinces and territories and census metropolitan areas with parts"
98100617,,"All languages spoken at home by mother tongue, knowledge of official languages and generation status: Canada, provinces and territories, census metropolitan areas and census agglomerations with parts"
98100618,,"Mother tongue by immigrant status and period of immigration and number of languages known: Canada, provinces and territories, census metropolitan areas and census agglomerations with parts"
98100619,,"Knowledge of languages by generation status, mother tongue, age and gender: Canada, provinces and territories and economic regions"
98100620,,"Knowledge of languages by immigration status and period of immigration, all languages spoken at home and age: Canada, provinces and territories and economic regions"
98100621,,"Population groups by housing suitability and condition of dwelling: Canada, provinces and territories, census metropolitan areas and census agglomerations"
98100622,,"Population groups by housing suitability and condition of dwelling: Canada, provinces and territories, census divisions and census subdivisions"
98100623,,"Population groups by shelter cost: Canada, provinces and territories, census metropolitan areas and census agglomerations"
98100624,,"Population groups by shelter-cost-to-income ratio groups and core housing need: Canada, provinces and territories, census divisions and census subdivisions"
98100641,,"Highest level of education by visible minority, selected sociodemographic characteristics and the census year: Canada, geographical regions of Canada, provinces and territories and census metropolitan areas with parts"
98100642,,"Average and median employment income by visible minority, selected sociodemographic characteristics and the census year: Canada, geographical regions of Canada, provinces and territories and census metropolitan areas with parts"
98100643,,"Labour force status by visible minority, selected sociodemographic characteristics and the census year: Canada, geographical regions of Canada, provinces and territories and census metropolitan areas with parts"
98100644,,"Population who worked mainly full-time for most of the weeks during the reference year by visible minority, selected sociodemographic characteristics and the census year: Canada, geographical regions of Canada, provinces and territories and census metropolitan areas with parts"
98100645,,"Class of worker by visible minority, selected sociodemographic characteristics and the census year: Canada, geographical regions of Canada, provinces and territories and census metropolitan areas with parts"
98100646,,"Legislative and senior management occupations by visible minority, selected sociodemographic characteristics and the census year: Canada, geographical regions of Canada, provinces and territories and census metropolitan areas with parts"
98100648,,"Youth not in education, employment or training by visible minority, selected sociodemographic characteristics and the census year: Canada, geographical regions of Canada, provinces and territories and census metropolitan areas with parts"
98100650,,"Overqualification (based on skill level C and D) by visible minority, selected sociodemographic characteristics and the census year: Canada, geographical regions of Canada, provinces and territories and census metropolitan areas with parts"
98100652,,"Interprovincial labour mobility in Canada, by occupation, age and gender: Canada, provinces and territories"
98100653,,"Interprovincial labour mobility in Canada, by occupation and education: Canada, provinces and territories"
98100654,,"Interprovincial labour mobility in Canada, by occupation and income deciles group: Canada, provinces and territories"
98100655,,"Interprovincial labour mobility 1 year ago by province, territory and occupation: Current - Province or territory of residence"
98100656,,"Labour force status by visible minority, household type of person and selected characteristics: Canada, provinces and territories and census metropolitan areas with parts"
98100657,,"Household type of person by visible minority, religion and selected characteristics: Canada, provinces and territories and census metropolitan areas with parts"
98100658,,"Interprovincial labour mobility 5 years ago by province, territory and occupation: Current - Province or territory of residence"
98100659,,"Age and gender of healthcare professionals, by occupation and first official language spoken: Canada, Quebec, New Brunswick, Canada outside Quebec and New Brunswick, provinces and territories, economic regions"
98100660,,"Immigrant status and place of birth of healthcare professionals, by occupation and first official language spoken: Canada, Quebec, New Brunswick, Canada outside Quebec and New Brunswick, provinces and territories, economic regions"
98100661,,"Field of studies and location of postsecondary studies of healthcare professionals, by occupation and first official language spoken: Canada, Quebec, New Brunswick, Canada outside Quebec and New Brunswick, provinces and territories, economic regions"
98100662,,"Use of English and French at work by healthcare professionals, by occupation and first official language: Canada, Quebec, New Brunswick, Canada outside Quebec and New Brunswick, provinces and territories, economic regions"
98100663,,"Age, gender and knowledge of official languages of healthcare professionals, by first official language spoken: Canada, provinces and territories"
